=== lens coverage ===
MODEL              DTYPE      LENSES
gemma-3-4b-pt      float32    logit jlens_en jlens_indic jlens_mixed
gemma-3-4b-it      float32    logit jlens_en jlens_indic jlens_mixed
gemma-3-12b-pt     bfloat16   logit jlens_en
gemma-3-12b-it     bfloat16   logit

word lists: romanlens placeholder
prompt sets per list: 18


=== romanlens / gemma-3-4b-pt (float32)  lenses: logit jlens_en=lenses/gemma-3-4b-pt_en.pt jlens_indic=lenses/gemma-3-4b-pt_indic.pt jlens_mixed=lenses/gemma-3-4b-pt_mixed.pt ===
[lens] ['logit', 'jlens_en', 'jlens_indic', 'jlens_mixed']
[model] Gemma3ForConditionalGeneration -> Gemma3ForConditionalGeneration on cuda (float32)
[model] class            Gemma3ForConditionalGeneration
[model] backbone_path    model.language_model
[model] n_layers         34
[model] d_model          2560
[model] vocab_head       262208
[model] vocab_tokenizer  262145
[model] softcap          None
[model] tied             True
[vocab] indexing (once per model) ...

[run] outputs/romanlens/gemma-3-4b-pt/class1_translation_1shot
[vocab] 84/1494 items collide (excluded)
[run] 0/1494  translation_fr_hi_native_cloud
[run] 50/1494  translation_fr_hi_native_ten
[run] 100/1494  translation_fr_hi_native_tail
[run] 150/1494  translation_en_hi_native_ball
[run] 200/1494  translation_en_hi_native_school
[run] 250/1494  translation_fr_hi_roman_bag
[run] 300/1494  translation_fr_hi_roman_head
[run] 350/1494  translation_fr_hi_roman_mother
[run] 400/1494  translation_en_hi_roman_painting
[run] 450/1494  translation_en_hi_roman_structure
[run] 500/1494  translation_fr_ta_native_mouth
[run] 550/1494  translation_fr_ta_native_street
[run] 600/1494  translation_fr_ta_native_east
[run] 650/1494  translation_en_ta_native_station
[run] 700/1494  translation_en_ta_native_tie
[run] 750/1494  translation_fr_ta_roman_soil
[run] 800/1494  translation_fr_ta_roman_part
[run] 850/1494  translation_fr_ta_roman_return
[run] 900/1494  translation_en_ta_roman_rice
[run] 950/1494  translation_en_ta_roman_example
[run] 1000/1494  translation_fr_ml_native_mountain
[run] 1050/1494  translation_fr_ml_native_eye
[run] 1100/1494  translation_fr_ml_native_speech
[run] 1150/1494  translation_en_ml_native_red
[run] 1200/1494  translation_en_ml_native_face
[run] 1250/1494  translation_fr_ml_roman_heart
[run] 1300/1494  translation_fr_ml_roman_field
[run] 1350/1494  translation_fr_ml_roman_child
[run] 1400/1494  translation_en_ml_roman_line
[run] 1450/1494  translation_en_ml_roman_bridge

[gate] kept 1410/1494
   lang script    n    sub exact  tok1
     hi native  249  0.643 0.622 0.659
     hi  roman  211  0.137 0.133 0.209
     ml native  249  0.450 0.430 0.526
     ml  roman  225  0.044 0.044 0.080
     ta native  249  0.594 0.574 0.631
     ta  roman  227  0.031 0.022 0.084
[report] class1_translation_1shot  lenses=['jlens_en', 'jlens_indic', 'jlens_mixed', 'logit']
  outputs/romanlens/gemma-3-4b-pt/class1_translation_1shot/figures/accuracy.png
  outputs/romanlens/gemma-3-4b-pt/class1_translation_1shot/figures/curves__translation__jlens_en.png
  outputs/romanlens/gemma-3-4b-pt/class1_translation_1shot/figures/ranks__translation__jlens_en.png
  outputs/romanlens/gemma-3-4b-pt/class1_translation_1shot/figures/scripts__translation.png
  outputs/romanlens/gemma-3-4b-pt/class1_translation_1shot/figures/switch__translation__jlens_en.png
  outputs/romanlens/gemma-3-4b-pt/class1_translation_1shot/figures/curves__translation__jlens_indic.png
  outputs/romanlens/gemma-3-4b-pt/class1_translation_1shot/figures/ranks__translation__jlens_indic.png
  outputs/romanlens/gemma-3-4b-pt/class1_translation_1shot/figures/scripts__translation.png
  outputs/romanlens/gemma-3-4b-pt/class1_translation_1shot/figures/switch__translation__jlens_indic.png
  outputs/romanlens/gemma-3-4b-pt/class1_translation_1shot/figures/curves__translation__jlens_mixed.png
  outputs/romanlens/gemma-3-4b-pt/class1_translation_1shot/figures/ranks__translation__jlens_mixed.png
  outputs/romanlens/gemma-3-4b-pt/class1_translation_1shot/figures/scripts__translation.png
  outputs/romanlens/gemma-3-4b-pt/class1_translation_1shot/figures/switch__translation__jlens_mixed.png
  outputs/romanlens/gemma-3-4b-pt/class1_translation_1shot/figures/curves__translation__logit.png
  outputs/romanlens/gemma-3-4b-pt/class1_translation_1shot/figures/ranks__translation__logit.png
  outputs/romanlens/gemma-3-4b-pt/class1_translation_1shot/figures/scripts__translation.png
  outputs/romanlens/gemma-3-4b-pt/class1_translation_1shot/figures/switch__translation__logit.png
  outputs/romanlens/gemma-3-4b-pt/class1_translation_1shot/figures/lenscmp__translation__en.png
  outputs/romanlens/gemma-3-4b-pt/class1_translation_1shot/figures/lenscmp__translation__native.png
  outputs/romanlens/gemma-3-4b-pt/class1_translation_1shot/figures/lenscmp__translation__roman.png

| run | lens | task | lang | script | shots | n | acc | acc_exact | acc_tok1 | L_en | P_en | P_enctrl | en_ratio | L_tgt | P_tgt | L_switch | sw_ref | sw_med | sw_sd | sw_never | MRR_en | MRR_tgt |
|---|---|---|---|---|---|---|---|---|---|---|---|---|---|---|---|---|---|---|---|---|---|---|
| class1_translation_1shot | jlens_en | translation | hi | native | 1 | 249 | 0.6426 | 0.6225 | 0.6586 | 29 | 0.8317 | 0.0009 | 918.5687 | 32 | 0.1615 | 11 | en | 11 | 6.3834 | 62 | 0.31 | 0.0612 |
| class1_translation_1shot | jlens_en | translation | hi | roman | 1 | 422 | 0.1374 | 0.1327 | 0.2085 | 28 | 0.7989 | 0.008 | 99.6811 | 32 | 0.193 | 32 | en | 11 | 11.3322 | 32 | 0.2756 | 0.0574 |
| class1_translation_1shot | jlens_en | translation | ml | native | 1 | 249 | 0.4498 | 0.4297 | 0.5261 | 29 | 0.7643 | 0.0015 | 505.6334 | 32 | 0.0156 | 11 | en | 11 | 4.1837 | 72 | 0.3 | 0.0354 |
| class1_translation_1shot | jlens_en | translation | ml | roman | 1 | 450 | 0.0444 | 0.0444 | 0.08 | 28 | 0.7144 | 0.0084 | 85.2973 | 32 | 0.0821 | -1 | en | 11 | 10.2771 | 36 | 0.2542 | 0.047 |
| class1_translation_1shot | jlens_en | translation | ta | native | 1 | 249 | 0.5944 | 0.5743 | 0.6305 | 29 | 0.7999 | 0.0008 | 1060.6294 | 32 | 0.1289 | 11 | en | 11 | 5.2301 | 57 | 0.3043 | 0.0481 |
| class1_translation_1shot | jlens_en | translation | ta | roman | 1 | 454 | 0.0308 | 0.022 | 0.0837 | 27 | 0.631 | 0.0084 | 75.558 | 32 | 0.0545 | 32 | en | 11 | 11.2628 | 26 | 0.2331 | 0.0483 |
| class1_translation_1shot | jlens_indic | translation | hi | native | 1 | 249 | 0.6426 | 0.6225 | 0.6586 | 27 | 0.8176 | 0.0009 | 902.9642 | 32 | 0.1615 | 0 | en | 0 | 4.4384 | 5 | 0.2958 | 0.0642 |
| class1_translation_1shot | jlens_indic | translation | hi | roman | 1 | 422 | 0.1374 | 0.1327 | 0.2085 | 27 | 0.7411 | 0.008 | 92.4666 | 32 | 0.193 | 0 | en | 0 | 9.1566 | 10 | 0.2548 | 0.0585 |
| class1_translation_1shot | jlens_indic | translation | ml | native | 1 | 249 | 0.4498 | 0.4297 | 0.5261 | 27 | 0.6237 | 0.0015 | 412.63 | 32 | 0.0156 | 8 | en | 4 | 5.8299 | 35 | 0.264 | 0.0357 |
| class1_translation_1shot | jlens_indic | translation | ml | roman | 1 | 450 | 0.0444 | 0.0444 | 0.08 | 26 | 0.6384 | 0.0084 | 76.2217 | 32 | 0.0821 | 0 | en | 0 | 7.3135 | 14 | 0.2326 | 0.0508 |
| class1_translation_1shot | jlens_indic | translation | ta | native | 1 | 249 | 0.5944 | 0.5743 | 0.6305 | 26 | 0.8162 | 0.0008 | 1082.1581 | 32 | 0.1289 | 0 | en | 0 | 2.5891 | 8 | 0.2858 | 0.055 |
| class1_translation_1shot | jlens_indic | translation | ta | roman | 1 | 454 | 0.0308 | 0.022 | 0.0837 | 26 | 0.6638 | 0.0084 | 79.4868 | 32 | 0.0545 | 0 | en | 0 | 8.1269 | 5 | 0.2167 | 0.0543 |
| class1_translation_1shot | jlens_mixed | translation | hi | native | 1 | 249 | 0.6426 | 0.6225 | 0.6586 | 27 | 0.8048 | 0.0009 | 888.8552 | 32 | 0.1615 | 1 | en | 0 | 5.8561 | 8 | 0.2954 | 0.0638 |
| class1_translation_1shot | jlens_mixed | translation | hi | roman | 1 | 422 | 0.1374 | 0.1327 | 0.2085 | 27 | 0.7397 | 0.008 | 92.3031 | 32 | 0.193 | 0 | en | 0 | 9.4968 | 10 | 0.2585 | 0.0586 |
| class1_translation_1shot | jlens_mixed | translation | ml | native | 1 | 249 | 0.4498 | 0.4297 | 0.5261 | 27 | 0.65 | 0.0015 | 430.0238 | 32 | 0.0156 | 8 | en | 4 | 6.0551 | 30 | 0.2813 | 0.0359 |
| class1_translation_1shot | jlens_mixed | translation | ml | roman | 1 | 450 | 0.0444 | 0.0444 | 0.08 | 26 | 0.652 | 0.0084 | 77.8443 | 32 | 0.0821 | 0 | en | 0 | 6.652 | 13 | 0.2456 | 0.0509 |
| class1_translation_1shot | jlens_mixed | translation | ta | native | 1 | 249 | 0.5944 | 0.5743 | 0.6305 | 26 | 0.8253 | 0.0008 | 1094.3352 | 32 | 0.1289 | 0 | en | 0 | 3.6222 | 12 | 0.2988 | 0.0538 |
| class1_translation_1shot | jlens_mixed | translation | ta | roman | 1 | 454 | 0.0308 | 0.022 | 0.0837 | 26 | 0.6805 | 0.0084 | 81.4906 | 32 | 0.0545 | 0 | en | 0 | 8.2854 | 4 | 0.2297 | 0.0534 |
| class1_translation_1shot | logit | translation | hi | native | 1 | 249 | 0.6426 | 0.6225 | 0.6586 | 29 | 0.8491 | 0.0119 | 71.6416 | 33 | 0.4935 | 33 | en | 3 | 13.7485 | 0 | 0.3098 | 0.0508 |
| class1_translation_1shot | logit | translation | hi | roman | 1 | 422 | 0.1374 | 0.1327 | 0.2085 | 29 | 0.8089 | 0.0135 | 60.1122 | 32 | 0.193 | 14 | en | 0 | 9.533 | 4 | 0.299 | 0.0676 |
| class1_translation_1shot | logit | translation | ml | native | 1 | 249 | 0.4498 | 0.4297 | 0.5261 | 26 | 0.8053 | 0.0145 | 55.468 | 33 | 0.3254 | 33 | en | 33 | 14.7893 | 0 | 0.2959 | 0.0245 |
| class1_translation_1shot | logit | translation | ml | roman | 1 | 450 | 0.0444 | 0.0444 | 0.08 | 26 | 0.7287 | 0.0154 | 47.3108 | 32 | 0.0821 | 33 | en | 2 | 9.7153 | 20 | 0.2799 | 0.0602 |
| class1_translation_1shot | logit | translation | ta | native | 1 | 249 | 0.5944 | 0.5743 | 0.6305 | 26 | 0.8466 | 0.0115 | 73.8097 | 33 | 0.4475 | 33 | en | 11 | 12.5971 | 0 | 0.2998 | 0.0403 |
| class1_translation_1shot | logit | translation | ta | roman | 1 | 454 | 0.0308 | 0.022 | 0.0837 | 27 | 0.6597 | 0.0144 | 45.9143 | 32 | 0.0545 | 32 | en | 4 | 10.2025 | 12 | 0.2529 | 0.0772 |

[report] figures in outputs/romanlens/gemma-3-4b-pt/class1_translation_1shot/figures

[run] outputs/romanlens/gemma-3-4b-pt/class1_translation_2shot
[vocab] 84/1494 items collide (excluded)
[run] 0/1494  translation_fr_hi_native_cloud
[run] 50/1494  translation_fr_hi_native_ten
[run] 100/1494  translation_fr_hi_native_tail
[run] 150/1494  translation_en_hi_native_ball
[run] 200/1494  translation_en_hi_native_school
[run] 250/1494  translation_fr_hi_roman_bag
[run] 300/1494  translation_fr_hi_roman_head
[run] 350/1494  translation_fr_hi_roman_mother
[run] 400/1494  translation_en_hi_roman_painting
[run] 450/1494  translation_en_hi_roman_structure
[run] 500/1494  translation_fr_ta_native_mouth
[run] 550/1494  translation_fr_ta_native_street
[run] 600/1494  translation_fr_ta_native_east
[run] 650/1494  translation_en_ta_native_station
[run] 700/1494  translation_en_ta_native_tie
[run] 750/1494  translation_fr_ta_roman_soil
[run] 800/1494  translation_fr_ta_roman_part
[run] 850/1494  translation_fr_ta_roman_return
[run] 900/1494  translation_en_ta_roman_rice
[run] 950/1494  translation_en_ta_roman_example
[run] 1000/1494  translation_fr_ml_native_mountain
[run] 1050/1494  translation_fr_ml_native_eye
[run] 1100/1494  translation_fr_ml_native_speech
[run] 1150/1494  translation_en_ml_native_red
[run] 1200/1494  translation_en_ml_native_face
[run] 1250/1494  translation_fr_ml_roman_heart
[run] 1300/1494  translation_fr_ml_roman_field
[run] 1350/1494  translation_fr_ml_roman_child
[run] 1400/1494  translation_en_ml_roman_line
[run] 1450/1494  translation_en_ml_roman_bridge

[gate] kept 1410/1494
   lang script    n    sub exact  tok1
     hi native  249  0.635 0.606 0.643
     hi  roman  211  0.109 0.109 0.190
     ml native  249  0.454 0.434 0.526
     ml  roman  225  0.053 0.049 0.084
     ta native  249  0.586 0.570 0.622
     ta  roman  227  0.026 0.018 0.093
[report] class1_translation_2shot  lenses=['jlens_en', 'jlens_indic', 'jlens_mixed', 'logit']
  outputs/romanlens/gemma-3-4b-pt/class1_translation_2shot/figures/accuracy.png
  outputs/romanlens/gemma-3-4b-pt/class1_translation_2shot/figures/curves__translation__jlens_en.png
  outputs/romanlens/gemma-3-4b-pt/class1_translation_2shot/figures/ranks__translation__jlens_en.png
  outputs/romanlens/gemma-3-4b-pt/class1_translation_2shot/figures/scripts__translation.png
  outputs/romanlens/gemma-3-4b-pt/class1_translation_2shot/figures/switch__translation__jlens_en.png
  outputs/romanlens/gemma-3-4b-pt/class1_translation_2shot/figures/curves__translation__jlens_indic.png
  outputs/romanlens/gemma-3-4b-pt/class1_translation_2shot/figures/ranks__translation__jlens_indic.png
  outputs/romanlens/gemma-3-4b-pt/class1_translation_2shot/figures/scripts__translation.png
  outputs/romanlens/gemma-3-4b-pt/class1_translation_2shot/figures/switch__translation__jlens_indic.png
  outputs/romanlens/gemma-3-4b-pt/class1_translation_2shot/figures/curves__translation__jlens_mixed.png
  outputs/romanlens/gemma-3-4b-pt/class1_translation_2shot/figures/ranks__translation__jlens_mixed.png
  outputs/romanlens/gemma-3-4b-pt/class1_translation_2shot/figures/scripts__translation.png
  outputs/romanlens/gemma-3-4b-pt/class1_translation_2shot/figures/switch__translation__jlens_mixed.png
  outputs/romanlens/gemma-3-4b-pt/class1_translation_2shot/figures/curves__translation__logit.png
  outputs/romanlens/gemma-3-4b-pt/class1_translation_2shot/figures/ranks__translation__logit.png
  outputs/romanlens/gemma-3-4b-pt/class1_translation_2shot/figures/scripts__translation.png
  outputs/romanlens/gemma-3-4b-pt/class1_translation_2shot/figures/switch__translation__logit.png
  outputs/romanlens/gemma-3-4b-pt/class1_translation_2shot/figures/lenscmp__translation__en.png
  outputs/romanlens/gemma-3-4b-pt/class1_translation_2shot/figures/lenscmp__translation__native.png
  outputs/romanlens/gemma-3-4b-pt/class1_translation_2shot/figures/lenscmp__translation__roman.png

| run | lens | task | lang | script | shots | n | acc | acc_exact | acc_tok1 | L_en | P_en | P_enctrl | en_ratio | L_tgt | P_tgt | L_switch | sw_ref | sw_med | sw_sd | sw_never | MRR_en | MRR_tgt |
|---|---|---|---|---|---|---|---|---|---|---|---|---|---|---|---|---|---|---|---|---|---|---|
| class1_translation_2shot | jlens_en | translation | hi | native | 2 | 249 | 0.6345 | 0.6064 | 0.6426 | 29 | 0.8341 | 0.0007 | 1234.1647 | 32 | 0.1608 | 12 | en | 11 | 6.8578 | 72 | 0.3122 | 0.0602 |
| class1_translation_2shot | jlens_en | translation | hi | roman | 2 | 422 | 0.109 | 0.109 | 0.1896 | 28 | 0.8054 | 0.0076 | 105.8477 | 32 | 0.1863 | 32 | en | 11 | 11.2457 | 37 | 0.2779 | 0.056 |
| class1_translation_2shot | jlens_en | translation | ml | native | 2 | 249 | 0.4538 | 0.4337 | 0.5261 | 29 | 0.7612 | 0.0014 | 534.329 | 32 | 0.0166 | 11 | en | 11 | 3.7318 | 72 | 0.3025 | 0.0352 |
| class1_translation_2shot | jlens_en | translation | ml | roman | 2 | 450 | 0.0533 | 0.0489 | 0.0844 | 28 | 0.7147 | 0.0085 | 83.6301 | 32 | 0.0822 | 8 | en | 11 | 10.203 | 30 | 0.2557 | 0.0477 |
| class1_translation_2shot | jlens_en | translation | ta | native | 2 | 249 | 0.5863 | 0.5703 | 0.6225 | 29 | 0.7972 | 0.0007 | 1087.9628 | 32 | 0.1389 | 12 | en | 11 | 6.4949 | 70 | 0.3064 | 0.0489 |
| class1_translation_2shot | jlens_en | translation | ta | roman | 2 | 454 | 0.0264 | 0.0176 | 0.0925 | 27 | 0.6156 | 0.0101 | 61.1343 | 32 | 0.0594 | 32 | en | 11 | 11.3315 | 25 | 0.2263 | 0.0526 |
| class1_translation_2shot | jlens_indic | translation | hi | native | 2 | 249 | 0.6345 | 0.6064 | 0.6426 | 27 | 0.8064 | 0.0007 | 1193.1919 | 32 | 0.1608 | 0 | en | 0 | 5.2099 | 5 | 0.293 | 0.0637 |
| class1_translation_2shot | jlens_indic | translation | hi | roman | 2 | 422 | 0.109 | 0.109 | 0.1896 | 29 | 0.7301 | 0.0076 | 95.9555 | 32 | 0.1863 | 0 | en | 0 | 8.8305 | 11 | 0.2564 | 0.0569 |
| class1_translation_2shot | jlens_indic | translation | ml | native | 2 | 249 | 0.4538 | 0.4337 | 0.5261 | 27 | 0.6068 | 0.0014 | 425.9335 | 32 | 0.0166 | 8 | en | 4 | 5.3911 | 43 | 0.2627 | 0.0357 |
| class1_translation_2shot | jlens_indic | translation | ml | roman | 2 | 450 | 0.0533 | 0.0489 | 0.0844 | 26 | 0.6414 | 0.0085 | 75.0544 | 32 | 0.0822 | 0 | en | 0 | 6.5633 | 14 | 0.2327 | 0.0514 |
| class1_translation_2shot | jlens_indic | translation | ta | native | 2 | 249 | 0.5863 | 0.5703 | 0.6225 | 26 | 0.8132 | 0.0007 | 1109.7769 | 32 | 0.1389 | 0 | en | 0 | 1.7427 | 6 | 0.2841 | 0.0563 |
| class1_translation_2shot | jlens_indic | translation | ta | roman | 2 | 454 | 0.0264 | 0.0176 | 0.0925 | 26 | 0.633 | 0.0101 | 62.8638 | 32 | 0.0594 | 0 | en | 0 | 7.2332 | 6 | 0.2114 | 0.0595 |
| class1_translation_2shot | jlens_mixed | translation | hi | native | 2 | 249 | 0.6345 | 0.6064 | 0.6426 | 27 | 0.7957 | 0.0007 | 1177.4077 | 32 | 0.1608 | 2 | en | 0 | 6.2348 | 8 | 0.2934 | 0.0631 |
| class1_translation_2shot | jlens_mixed | translation | hi | roman | 2 | 422 | 0.109 | 0.109 | 0.1896 | 29 | 0.7368 | 0.0076 | 96.8346 | 32 | 0.1863 | 0 | en | 0 | 9.6293 | 10 | 0.262 | 0.0567 |
| class1_translation_2shot | jlens_mixed | translation | ml | native | 2 | 249 | 0.4538 | 0.4337 | 0.5261 | 27 | 0.6357 | 0.0014 | 446.2335 | 32 | 0.0166 | 8 | en | 4 | 5.5777 | 32 | 0.2806 | 0.0358 |
| class1_translation_2shot | jlens_mixed | translation | ml | roman | 2 | 450 | 0.0533 | 0.0489 | 0.0844 | 26 | 0.6549 | 0.0085 | 76.6411 | 32 | 0.0822 | 0 | en | 0 | 6.715 | 13 | 0.2463 | 0.0513 |
| class1_translation_2shot | jlens_mixed | translation | ta | native | 2 | 249 | 0.5863 | 0.5703 | 0.6225 | 26 | 0.8235 | 0.0007 | 1123.8448 | 32 | 0.1389 | 0 | en | 0 | 3.9864 | 13 | 0.2982 | 0.0549 |
| class1_translation_2shot | jlens_mixed | translation | ta | roman | 2 | 454 | 0.0264 | 0.0176 | 0.0925 | 26 | 0.6473 | 0.0101 | 64.275 | 32 | 0.0594 | 0 | en | 0 | 7.7335 | 5 | 0.2262 | 0.0588 |
| class1_translation_2shot | logit | translation | hi | native | 2 | 249 | 0.6345 | 0.6064 | 0.6426 | 29 | 0.846 | 0.0104 | 80.9701 | 33 | 0.5078 | 33 | en | 3 | 13.5082 | 0 | 0.3079 | 0.0499 |
| class1_translation_2shot | logit | translation | hi | roman | 2 | 422 | 0.109 | 0.109 | 0.1896 | 29 | 0.8218 | 0.0142 | 58.0144 | 32 | 0.1863 | 3 | en | 0 | 8.1416 | 5 | 0.3056 | 0.0657 |
| class1_translation_2shot | logit | translation | ml | native | 2 | 249 | 0.4538 | 0.4337 | 0.5261 | 26 | 0.807 | 0.0153 | 52.751 | 33 | 0.3473 | 33 | en | 33 | 14.8456 | 0 | 0.2964 | 0.0244 |
| class1_translation_2shot | logit | translation | ml | roman | 2 | 450 | 0.0533 | 0.0489 | 0.0844 | 26 | 0.7257 | 0.0166 | 43.7467 | 32 | 0.0822 | 33 | en | 2 | 8.86 | 18 | 0.2806 | 0.0647 |
| class1_translation_2shot | logit | translation | ta | native | 2 | 249 | 0.5863 | 0.5703 | 0.6225 | 26 | 0.8406 | 0.0124 | 68.0106 | 33 | 0.4643 | 33 | en | 12 | 13.2481 | 0 | 0.3006 | 0.0411 |
| class1_translation_2shot | logit | translation | ta | roman | 2 | 454 | 0.0264 | 0.0176 | 0.0925 | 27 | 0.6202 | 0.0168 | 37.0002 | 32 | 0.0594 | 14 | en | 4 | 8.6227 | 11 | 0.2396 | 0.0912 |

[report] figures in outputs/romanlens/gemma-3-4b-pt/class1_translation_2shot/figures

[run] outputs/romanlens/gemma-3-4b-pt/class1_translation_3shot
[vocab] 84/1494 items collide (excluded)
[run] 0/1494  translation_fr_hi_native_cloud
[run] 50/1494  translation_fr_hi_native_ten
[run] 100/1494  translation_fr_hi_native_tail
[run] 150/1494  translation_en_hi_native_ball
[run] 200/1494  translation_en_hi_native_school
[run] 250/1494  translation_fr_hi_roman_bag
[run] 300/1494  translation_fr_hi_roman_head
[run] 350/1494  translation_fr_hi_roman_mother
[run] 400/1494  translation_en_hi_roman_painting
[run] 450/1494  translation_en_hi_roman_structure
[run] 500/1494  translation_fr_ta_native_mouth
[run] 550/1494  translation_fr_ta_native_street
[run] 600/1494  translation_fr_ta_native_east
[run] 650/1494  translation_en_ta_native_station
[run] 700/1494  translation_en_ta_native_tie
[run] 750/1494  translation_fr_ta_roman_soil
[run] 800/1494  translation_fr_ta_roman_part
[run] 850/1494  translation_fr_ta_roman_return
[run] 900/1494  translation_en_ta_roman_rice
[run] 950/1494  translation_en_ta_roman_example
[run] 1000/1494  translation_fr_ml_native_mountain
[run] 1050/1494  translation_fr_ml_native_eye
[run] 1100/1494  translation_fr_ml_native_speech
[run] 1150/1494  translation_en_ml_native_red
[run] 1200/1494  translation_en_ml_native_face
[run] 1250/1494  translation_fr_ml_roman_heart
[run] 1300/1494  translation_fr_ml_roman_field
[run] 1350/1494  translation_fr_ml_roman_child
[run] 1400/1494  translation_en_ml_roman_line
[run] 1450/1494  translation_en_ml_roman_bridge

[gate] kept 1410/1494
   lang script    n    sub exact  tok1
     hi native  249  0.614 0.590 0.631
     hi  roman  211  0.114 0.114 0.175
     ml native  249  0.446 0.426 0.522
     ml  roman  225  0.053 0.049 0.098
     ta native  249  0.598 0.578 0.635
     ta  roman  227  0.031 0.022 0.084
[report] class1_translation_3shot  lenses=['jlens_en', 'jlens_indic', 'jlens_mixed', 'logit']
  outputs/romanlens/gemma-3-4b-pt/class1_translation_3shot/figures/accuracy.png
  outputs/romanlens/gemma-3-4b-pt/class1_translation_3shot/figures/curves__translation__jlens_en.png
  outputs/romanlens/gemma-3-4b-pt/class1_translation_3shot/figures/ranks__translation__jlens_en.png
  outputs/romanlens/gemma-3-4b-pt/class1_translation_3shot/figures/scripts__translation.png
  outputs/romanlens/gemma-3-4b-pt/class1_translation_3shot/figures/switch__translation__jlens_en.png
  outputs/romanlens/gemma-3-4b-pt/class1_translation_3shot/figures/curves__translation__jlens_indic.png
  outputs/romanlens/gemma-3-4b-pt/class1_translation_3shot/figures/ranks__translation__jlens_indic.png
  outputs/romanlens/gemma-3-4b-pt/class1_translation_3shot/figures/scripts__translation.png
  outputs/romanlens/gemma-3-4b-pt/class1_translation_3shot/figures/switch__translation__jlens_indic.png
  outputs/romanlens/gemma-3-4b-pt/class1_translation_3shot/figures/curves__translation__jlens_mixed.png
  outputs/romanlens/gemma-3-4b-pt/class1_translation_3shot/figures/ranks__translation__jlens_mixed.png
  outputs/romanlens/gemma-3-4b-pt/class1_translation_3shot/figures/scripts__translation.png
  outputs/romanlens/gemma-3-4b-pt/class1_translation_3shot/figures/switch__translation__jlens_mixed.png
  outputs/romanlens/gemma-3-4b-pt/class1_translation_3shot/figures/curves__translation__logit.png
  outputs/romanlens/gemma-3-4b-pt/class1_translation_3shot/figures/ranks__translation__logit.png
  outputs/romanlens/gemma-3-4b-pt/class1_translation_3shot/figures/scripts__translation.png
  outputs/romanlens/gemma-3-4b-pt/class1_translation_3shot/figures/switch__translation__logit.png
  outputs/romanlens/gemma-3-4b-pt/class1_translation_3shot/figures/lenscmp__translation__en.png
  outputs/romanlens/gemma-3-4b-pt/class1_translation_3shot/figures/lenscmp__translation__native.png
  outputs/romanlens/gemma-3-4b-pt/class1_translation_3shot/figures/lenscmp__translation__roman.png

| run | lens | task | lang | script | shots | n | acc | acc_exact | acc_tok1 | L_en | P_en | P_enctrl | en_ratio | L_tgt | P_tgt | L_switch | sw_ref | sw_med | sw_sd | sw_never | MRR_en | MRR_tgt |
|---|---|---|---|---|---|---|---|---|---|---|---|---|---|---|---|---|---|---|---|---|---|---|
| class1_translation_3shot | jlens_en | translation | hi | native | 3 | 249 | 0.6145 | 0.5904 | 0.6305 | 29 | 0.8405 | 0.0006 | 1338.6399 | 32 | 0.1554 | 12 | en | 11 | 6.3134 | 75 | 0.314 | 0.0593 |
| class1_translation_3shot | jlens_en | translation | hi | roman | 3 | 422 | 0.1137 | 0.1137 | 0.1754 | 29 | 0.8155 | 0.0075 | 109.4197 | 32 | 0.1805 | 32 | en | 11 | 11.3609 | 36 | 0.2816 | 0.0557 |
| class1_translation_3shot | jlens_en | translation | ml | native | 3 | 249 | 0.4458 | 0.4257 | 0.5221 | 29 | 0.7655 | 0.0015 | 498.8714 | 32 | 0.0165 | 11 | en | 11 | 3.8665 | 77 | 0.3056 | 0.0351 |
| class1_translation_3shot | jlens_en | translation | ml | roman | 3 | 450 | 0.0533 | 0.0489 | 0.0978 | 28 | 0.7067 | 0.0096 | 73.4264 | 32 | 0.0835 | 9 | en | 11 | 10.2456 | 25 | 0.2507 | 0.0496 |
| class1_translation_3shot | jlens_en | translation | ta | native | 3 | 249 | 0.5984 | 0.5783 | 0.6345 | 29 | 0.8078 | 0.0007 | 1077.9368 | 32 | 0.1295 | -1 | en | 11 | 6.157 | 80 | 0.3113 | 0.0476 |
| class1_translation_3shot | jlens_en | translation | ta | roman | 3 | 454 | 0.0308 | 0.022 | 0.0837 | 27 | 0.6145 | 0.0117 | 52.4539 | 32 | 0.0625 | 32 | en | 11 | 11.2628 | 24 | 0.2248 | 0.0532 |
| class1_translation_3shot | jlens_indic | translation | hi | native | 3 | 249 | 0.6145 | 0.5904 | 0.6305 | 29 | 0.8142 | 0.0006 | 1296.8011 | 32 | 0.1554 | 0 | en | 0 | 4.8853 | 5 | 0.2943 | 0.0625 |
| class1_translation_3shot | jlens_indic | translation | hi | roman | 3 | 422 | 0.1137 | 0.1137 | 0.1754 | 29 | 0.7349 | 0.0075 | 98.6141 | 32 | 0.1805 | 0 | en | 0 | 8.4131 | 12 | 0.26 | 0.0567 |
| class1_translation_3shot | jlens_indic | translation | ml | native | 3 | 249 | 0.4458 | 0.4257 | 0.5221 | 27 | 0.6057 | 0.0015 | 394.7019 | 32 | 0.0165 | 8 | en | 4 | 5.3764 | 44 | 0.2646 | 0.0357 |
| class1_translation_3shot | jlens_indic | translation | ml | roman | 3 | 450 | 0.0533 | 0.0489 | 0.0978 | 26 | 0.6537 | 0.0096 | 67.9213 | 32 | 0.0835 | 0 | en | 0 | 7.1864 | 12 | 0.2312 | 0.0528 |
| class1_translation_3shot | jlens_indic | translation | ta | native | 3 | 249 | 0.5984 | 0.5783 | 0.6345 | 26 | 0.8189 | 0.0007 | 1092.7466 | 32 | 0.1295 | 0 | en | 0 | 1.6273 | 6 | 0.287 | 0.054 |
| class1_translation_3shot | jlens_indic | translation | ta | roman | 3 | 454 | 0.0308 | 0.022 | 0.0837 | 26 | 0.6431 | 0.0117 | 54.8983 | 32 | 0.0625 | 0 | en | 0 | 7.5393 | 6 | 0.2109 | 0.0602 |
| class1_translation_3shot | jlens_mixed | translation | hi | native | 3 | 249 | 0.6145 | 0.5904 | 0.6305 | 29 | 0.8036 | 0.0006 | 1280.001 | 32 | 0.1554 | 2 | en | 0 | 5.7065 | 10 | 0.2949 | 0.0618 |
| class1_translation_3shot | jlens_mixed | translation | hi | roman | 3 | 422 | 0.1137 | 0.1137 | 0.1754 | 29 | 0.7429 | 0.0075 | 99.6873 | 32 | 0.1805 | 0 | en | 0 | 9.6811 | 10 | 0.2669 | 0.0563 |
| class1_translation_3shot | jlens_mixed | translation | ml | native | 3 | 249 | 0.4458 | 0.4257 | 0.5221 | 27 | 0.6349 | 0.0015 | 413.7358 | 32 | 0.0165 | 8 | en | 4 | 5.4633 | 30 | 0.2837 | 0.0359 |
| class1_translation_3shot | jlens_mixed | translation | ml | roman | 3 | 450 | 0.0533 | 0.0489 | 0.0978 | 26 | 0.6648 | 0.0096 | 69.0808 | 32 | 0.0835 | 0 | en | 0 | 6.6644 | 13 | 0.2434 | 0.0532 |
| class1_translation_3shot | jlens_mixed | translation | ta | native | 3 | 249 | 0.5984 | 0.5783 | 0.6345 | 26 | 0.8296 | 0.0007 | 1107.0057 | 32 | 0.1295 | 0 | en | 0 | 3.2447 | 15 | 0.3016 | 0.0528 |
| class1_translation_3shot | jlens_mixed | translation | ta | roman | 3 | 454 | 0.0308 | 0.022 | 0.0837 | 26 | 0.6562 | 0.0117 | 56.0121 | 32 | 0.0625 | 0 | en | 0 | 7.5132 | 5 | 0.2245 | 0.0594 |
| class1_translation_3shot | logit | translation | hi | native | 3 | 249 | 0.6145 | 0.5904 | 0.6305 | 29 | 0.8528 | 0.0106 | 80.8057 | 33 | 0.523 | 7 | en | 4 | 13.516 | 0 | 0.3061 | 0.0491 |
| class1_translation_3shot | logit | translation | hi | roman | 3 | 422 | 0.1137 | 0.1137 | 0.1754 | 29 | 0.8297 | 0.0142 | 58.608 | 32 | 0.1805 | 3 | en | 0 | 7.9809 | 6 | 0.3058 | 0.0661 |
| class1_translation_3shot | logit | translation | ml | native | 3 | 249 | 0.4458 | 0.4257 | 0.5221 | 27 | 0.8044 | 0.0155 | 51.8259 | 33 | 0.3409 | 33 | en | 33 | 14.9725 | 0 | 0.2996 | 0.0243 |
| class1_translation_3shot | logit | translation | ml | roman | 3 | 450 | 0.0533 | 0.0489 | 0.0978 | 26 | 0.7137 | 0.0166 | 42.9653 | 32 | 0.0835 | 33 | en | 2 | 9.2306 | 15 | 0.273 | 0.0671 |
| class1_translation_3shot | logit | translation | ta | native | 3 | 249 | 0.5984 | 0.5783 | 0.6345 | 26 | 0.8488 | 0.0131 | 64.8277 | 33 | 0.4755 | 33 | en | 11 | 13.2877 | 0 | 0.3032 | 0.0403 |
| class1_translation_3shot | logit | translation | ta | roman | 3 | 454 | 0.0308 | 0.022 | 0.0837 | 27 | 0.6174 | 0.0167 | 36.8755 | 32 | 0.0625 | 14 | en | 4 | 8.2174 | 10 | 0.2348 | 0.0921 |

[report] figures in outputs/romanlens/gemma-3-4b-pt/class1_translation_3shot/figures

[run] outputs/romanlens/gemma-3-4b-pt/class1_translation_4shot
[vocab] 84/1494 items collide (excluded)
[run] 0/1494  translation_fr_hi_native_cloud
[run] 50/1494  translation_fr_hi_native_ten
[run] 100/1494  translation_fr_hi_native_tail
[run] 150/1494  translation_en_hi_native_ball
[run] 200/1494  translation_en_hi_native_school
[run] 250/1494  translation_fr_hi_roman_bag
[run] 300/1494  translation_fr_hi_roman_head
[run] 350/1494  translation_fr_hi_roman_mother
[run] 400/1494  translation_en_hi_roman_painting
[run] 450/1494  translation_en_hi_roman_structure
[run] 500/1494  translation_fr_ta_native_mouth
[run] 550/1494  translation_fr_ta_native_street
[run] 600/1494  translation_fr_ta_native_east
[run] 650/1494  translation_en_ta_native_station
[run] 700/1494  translation_en_ta_native_tie
[run] 750/1494  translation_fr_ta_roman_soil
[run] 800/1494  translation_fr_ta_roman_part
[run] 850/1494  translation_fr_ta_roman_return
[run] 900/1494  translation_en_ta_roman_rice
[run] 950/1494  translation_en_ta_roman_example
[run] 1000/1494  translation_fr_ml_native_mountain
[run] 1050/1494  translation_fr_ml_native_eye
[run] 1100/1494  translation_fr_ml_native_speech
[run] 1150/1494  translation_en_ml_native_red
[run] 1200/1494  translation_en_ml_native_face
[run] 1250/1494  translation_fr_ml_roman_heart
[run] 1300/1494  translation_fr_ml_roman_field
[run] 1350/1494  translation_fr_ml_roman_child
[run] 1400/1494  translation_en_ml_roman_line
[run] 1450/1494  translation_en_ml_roman_bridge

[gate] kept 1410/1494
   lang script    n    sub exact  tok1
     hi native  249  0.614 0.594 0.631
     hi  roman  211  0.100 0.100 0.166
     ml native  249  0.438 0.414 0.526
     ml  roman  225  0.044 0.040 0.093
     ta native  249  0.614 0.586 0.635
     ta  roman  227  0.031 0.022 0.084
[report] class1_translation_4shot  lenses=['jlens_en', 'jlens_indic', 'jlens_mixed', 'logit']
  outputs/romanlens/gemma-3-4b-pt/class1_translation_4shot/figures/accuracy.png
  outputs/romanlens/gemma-3-4b-pt/class1_translation_4shot/figures/curves__translation__jlens_en.png
  outputs/romanlens/gemma-3-4b-pt/class1_translation_4shot/figures/ranks__translation__jlens_en.png
  outputs/romanlens/gemma-3-4b-pt/class1_translation_4shot/figures/scripts__translation.png
  outputs/romanlens/gemma-3-4b-pt/class1_translation_4shot/figures/switch__translation__jlens_en.png
  outputs/romanlens/gemma-3-4b-pt/class1_translation_4shot/figures/curves__translation__jlens_indic.png
  outputs/romanlens/gemma-3-4b-pt/class1_translation_4shot/figures/ranks__translation__jlens_indic.png
  outputs/romanlens/gemma-3-4b-pt/class1_translation_4shot/figures/scripts__translation.png
  outputs/romanlens/gemma-3-4b-pt/class1_translation_4shot/figures/switch__translation__jlens_indic.png
  outputs/romanlens/gemma-3-4b-pt/class1_translation_4shot/figures/curves__translation__jlens_mixed.png
  outputs/romanlens/gemma-3-4b-pt/class1_translation_4shot/figures/ranks__translation__jlens_mixed.png
  outputs/romanlens/gemma-3-4b-pt/class1_translation_4shot/figures/scripts__translation.png
  outputs/romanlens/gemma-3-4b-pt/class1_translation_4shot/figures/switch__translation__jlens_mixed.png
  outputs/romanlens/gemma-3-4b-pt/class1_translation_4shot/figures/curves__translation__logit.png
  outputs/romanlens/gemma-3-4b-pt/class1_translation_4shot/figures/ranks__translation__logit.png
  outputs/romanlens/gemma-3-4b-pt/class1_translation_4shot/figures/scripts__translation.png
  outputs/romanlens/gemma-3-4b-pt/class1_translation_4shot/figures/switch__translation__logit.png
  outputs/romanlens/gemma-3-4b-pt/class1_translation_4shot/figures/lenscmp__translation__en.png
  outputs/romanlens/gemma-3-4b-pt/class1_translation_4shot/figures/lenscmp__translation__native.png
  outputs/romanlens/gemma-3-4b-pt/class1_translation_4shot/figures/lenscmp__translation__roman.png

| run | lens | task | lang | script | shots | n | acc | acc_exact | acc_tok1 | L_en | P_en | P_enctrl | en_ratio | L_tgt | P_tgt | L_switch | sw_ref | sw_med | sw_sd | sw_never | MRR_en | MRR_tgt |
|---|---|---|---|---|---|---|---|---|---|---|---|---|---|---|---|---|---|---|---|---|---|---|
| class1_translation_4shot | jlens_en | translation | hi | native | 4 | 249 | 0.6145 | 0.5944 | 0.6305 | 29 | 0.8424 | 0.0006 | 1452.2845 | 32 | 0.1609 | 12 | en | 11 | 6.6683 | 73 | 0.3149 | 0.0593 |
| class1_translation_4shot | jlens_en | translation | hi | roman | 4 | 422 | 0.0995 | 0.0995 | 0.1659 | 28 | 0.8134 | 0.0076 | 106.7849 | 32 | 0.1714 | 32 | en | 11 | 11.4497 | 34 | 0.2833 | 0.055 |
| class1_translation_4shot | jlens_en | translation | ml | native | 4 | 249 | 0.4378 | 0.4137 | 0.5261 | 29 | 0.7667 | 0.0015 | 505.9955 | 32 | 0.0169 | 11 | en | 11 | 3.8823 | 78 | 0.3078 | 0.0352 |
| class1_translation_4shot | jlens_en | translation | ml | roman | 4 | 450 | 0.0444 | 0.04 | 0.0933 | 28 | 0.6929 | 0.0106 | 65.47 | 32 | 0.0814 | 32 | en | 11 | 10.4466 | 26 | 0.2464 | 0.0497 |
| class1_translation_4shot | jlens_en | translation | ta | native | 4 | 249 | 0.6145 | 0.5863 | 0.6345 | 29 | 0.8081 | 0.0007 | 1135.3082 | 32 | 0.1329 | -1 | en | 11 | 6.9296 | 76 | 0.313 | 0.0479 |
| class1_translation_4shot | jlens_en | translation | ta | roman | 4 | 454 | 0.0308 | 0.022 | 0.0837 | 27 | 0.6116 | 0.0121 | 50.3627 | 32 | 0.0605 | 32 | en | 11 | 11.393 | 22 | 0.2209 | 0.0539 |
| class1_translation_4shot | jlens_indic | translation | hi | native | 4 | 249 | 0.6145 | 0.5944 | 0.6305 | 29 | 0.8152 | 0.0006 | 1405.3693 | 32 | 0.1609 | 0 | en | 0 | 5.2256 | 5 | 0.2941 | 0.0625 |
| class1_translation_4shot | jlens_indic | translation | hi | roman | 4 | 422 | 0.0995 | 0.0995 | 0.1659 | 27 | 0.7267 | 0.0076 | 95.4078 | 32 | 0.1714 | 0 | en | 0 | 8.9861 | 11 | 0.2621 | 0.0561 |
| class1_translation_4shot | jlens_indic | translation | ml | native | 4 | 249 | 0.4378 | 0.4137 | 0.5261 | 27 | 0.6034 | 0.0015 | 398.2396 | 32 | 0.0169 | 8 | en | 4 | 5.3519 | 41 | 0.2631 | 0.0358 |
| class1_translation_4shot | jlens_indic | translation | ml | roman | 4 | 450 | 0.0444 | 0.04 | 0.0933 | 26 | 0.6511 | 0.0106 | 61.5133 | 32 | 0.0814 | 0 | en | 0 | 7.1027 | 12 | 0.2287 | 0.0532 |
| class1_translation_4shot | jlens_indic | translation | ta | native | 4 | 249 | 0.6145 | 0.5863 | 0.6345 | 26 | 0.8101 | 0.0007 | 1137.9828 | 32 | 0.1329 | 0 | en | 0 | 1.5127 | 6 | 0.2863 | 0.0544 |
| class1_translation_4shot | jlens_indic | translation | ta | roman | 4 | 454 | 0.0308 | 0.022 | 0.0837 | 26 | 0.635 | 0.0121 | 52.2832 | 32 | 0.0605 | 0 | en | 0 | 7.6245 | 5 | 0.2085 | 0.0599 |
| class1_translation_4shot | jlens_mixed | translation | hi | native | 4 | 249 | 0.6145 | 0.5944 | 0.6305 | 29 | 0.8041 | 0.0006 | 1386.2981 | 32 | 0.1609 | 2 | en | 0 | 5.3159 | 12 | 0.2949 | 0.0617 |
| class1_translation_4shot | jlens_mixed | translation | hi | roman | 4 | 422 | 0.0995 | 0.0995 | 0.1659 | 29 | 0.7364 | 0.0076 | 96.6768 | 32 | 0.1714 | 0 | en | 0 | 9.9951 | 10 | 0.2687 | 0.0561 |
| class1_translation_4shot | jlens_mixed | translation | ml | native | 4 | 249 | 0.4378 | 0.4137 | 0.5261 | 27 | 0.6332 | 0.0015 | 417.8517 | 32 | 0.0169 | 7 | en | 4 | 5.3982 | 32 | 0.2822 | 0.036 |
| class1_translation_4shot | jlens_mixed | translation | ml | roman | 4 | 450 | 0.0444 | 0.04 | 0.0933 | 26 | 0.6608 | 0.0106 | 62.4336 | 32 | 0.0814 | 0 | en | 0 | 6.9255 | 12 | 0.2412 | 0.0534 |
| class1_translation_4shot | jlens_mixed | translation | ta | native | 4 | 249 | 0.6145 | 0.5863 | 0.6345 | 26 | 0.8211 | 0.0007 | 1153.5056 | 32 | 0.1329 | 0 | en | 0 | 3.3773 | 15 | 0.3005 | 0.0532 |
| class1_translation_4shot | jlens_mixed | translation | ta | roman | 4 | 454 | 0.0308 | 0.022 | 0.0837 | 26 | 0.6481 | 0.0121 | 53.3626 | 32 | 0.0605 | 0 | en | 0 | 7.7993 | 4 | 0.2217 | 0.0591 |
| class1_translation_4shot | logit | translation | hi | native | 4 | 249 | 0.6145 | 0.5944 | 0.6305 | 29 | 0.851 | 0.0104 | 82.1062 | 33 | 0.5293 | 7 | en | 4 | 13.4311 | 0 | 0.3049 | 0.0492 |
| class1_translation_4shot | logit | translation | hi | roman | 4 | 422 | 0.0995 | 0.0995 | 0.1659 | 29 | 0.8261 | 0.0145 | 56.9899 | 32 | 0.1714 | 2 | en | 0 | 7.6296 | 7 | 0.3054 | 0.0663 |
| class1_translation_4shot | logit | translation | ml | native | 4 | 249 | 0.4378 | 0.4137 | 0.5261 | 27 | 0.8045 | 0.0153 | 52.6371 | 33 | 0.3459 | 33 | en | 33 | 14.9642 | 0 | 0.2988 | 0.0246 |
| class1_translation_4shot | logit | translation | ml | roman | 4 | 450 | 0.0444 | 0.04 | 0.0933 | 27 | 0.6993 | 0.0165 | 42.3105 | 32 | 0.0814 | 32 | en | 2 | 9.0405 | 13 | 0.2689 | 0.0671 |
| class1_translation_4shot | logit | translation | ta | native | 4 | 249 | 0.6145 | 0.5863 | 0.6345 | 26 | 0.8403 | 0.0125 | 67.0999 | 33 | 0.4895 | 33 | en | 11 | 13.5692 | 0 | 0.3028 | 0.0404 |
| class1_translation_4shot | logit | translation | ta | roman | 4 | 454 | 0.0308 | 0.022 | 0.0837 | 27 | 0.6078 | 0.0163 | 37.3028 | 32 | 0.0605 | 31 | en | 4 | 8.1226 | 8 | 0.2336 | 0.0935 |

[report] figures in outputs/romanlens/gemma-3-4b-pt/class1_translation_4shot/figures

[run] outputs/romanlens/gemma-3-4b-pt/class2_cloze_1shot
[vocab] 42/792 items collide (excluded)
[run] 0/792  cloze_hi_hi_native_book
[run] 50/792  cloze_hi_hi_native_four
[run] 100/792  cloze_hi_hi_native_square
[run] 150/792  cloze_hi_rom_hi_roman_song
[run] 200/792  cloze_hi_rom_hi_roman_seat
[run] 250/792  cloze_hi_rom_hi_roman_tower
[run] 300/792  cloze_ta_ta_native_rice
[run] 350/792  cloze_ta_ta_native_example
[run] 400/792  cloze_ta_rom_ta_roman_soil
[run] 450/792  cloze_ta_rom_ta_roman_eight
[run] 500/792  cloze_ta_rom_ta_roman_tribe
[run] 550/792  cloze_ml_ml_native_river
[run] 600/792  cloze_ml_ml_native_machine
[run] 650/792  cloze_ml_ml_native_section
[run] 700/792  cloze_ml_rom_ml_roman_flower
[run] 750/792  cloze_ml_rom_ml_roman_delete

[gate] kept 750/792
   lang script    n    sub exact  tok1
     hi native  132  0.379 0.348 0.386
     hi  roman  113  0.044 0.035 0.035
     ml native  132  0.273 0.265 0.333
     ml  roman  120  0.042 0.042 0.083
     ta native  132  0.280 0.258 0.326
     ta  roman  121  0.000 0.000 0.008
[report] class2_cloze_1shot  lenses=['jlens_en', 'jlens_indic', 'jlens_mixed', 'logit']
  outputs/romanlens/gemma-3-4b-pt/class2_cloze_1shot/figures/accuracy.png
  outputs/romanlens/gemma-3-4b-pt/class2_cloze_1shot/figures/curves__cloze__jlens_en.png
  outputs/romanlens/gemma-3-4b-pt/class2_cloze_1shot/figures/ranks__cloze__jlens_en.png
  outputs/romanlens/gemma-3-4b-pt/class2_cloze_1shot/figures/scripts__cloze.png
  outputs/romanlens/gemma-3-4b-pt/class2_cloze_1shot/figures/switch__cloze__jlens_en.png
  outputs/romanlens/gemma-3-4b-pt/class2_cloze_1shot/figures/curves__cloze__jlens_indic.png
  outputs/romanlens/gemma-3-4b-pt/class2_cloze_1shot/figures/ranks__cloze__jlens_indic.png
  outputs/romanlens/gemma-3-4b-pt/class2_cloze_1shot/figures/scripts__cloze.png
  outputs/romanlens/gemma-3-4b-pt/class2_cloze_1shot/figures/switch__cloze__jlens_indic.png
  outputs/romanlens/gemma-3-4b-pt/class2_cloze_1shot/figures/curves__cloze__jlens_mixed.png
  outputs/romanlens/gemma-3-4b-pt/class2_cloze_1shot/figures/ranks__cloze__jlens_mixed.png
  outputs/romanlens/gemma-3-4b-pt/class2_cloze_1shot/figures/scripts__cloze.png
  outputs/romanlens/gemma-3-4b-pt/class2_cloze_1shot/figures/switch__cloze__jlens_mixed.png
  outputs/romanlens/gemma-3-4b-pt/class2_cloze_1shot/figures/curves__cloze__logit.png
  outputs/romanlens/gemma-3-4b-pt/class2_cloze_1shot/figures/ranks__cloze__logit.png
  outputs/romanlens/gemma-3-4b-pt/class2_cloze_1shot/figures/scripts__cloze.png
  outputs/romanlens/gemma-3-4b-pt/class2_cloze_1shot/figures/switch__cloze__logit.png
  outputs/romanlens/gemma-3-4b-pt/class2_cloze_1shot/figures/lenscmp__cloze__en.png
  outputs/romanlens/gemma-3-4b-pt/class2_cloze_1shot/figures/lenscmp__cloze__native.png
  outputs/romanlens/gemma-3-4b-pt/class2_cloze_1shot/figures/lenscmp__cloze__roman.png

| run | lens | task | lang | script | shots | n | acc | acc_exact | acc_tok1 | L_en | P_en | P_enctrl | en_ratio | L_tgt | P_tgt | L_switch | sw_ref | sw_med | sw_sd | sw_never | MRR_en | MRR_tgt |
|---|---|---|---|---|---|---|---|---|---|---|---|---|---|---|---|---|---|---|---|---|---|---|
| class2_cloze_1shot | jlens_en | cloze | hi | native | 1 | 132 | 0.3788 | 0.3485 | 0.3864 | 29 | 0.4915 | 0.0013 | 377.9843 | 32 | 0.0746 | 12 | en | 11 | 7.9183 | 30 | 0.2024 | 0.0465 |
| class2_cloze_1shot | jlens_en | cloze | hi | roman | 1 | 226 | 0.0442 | 0.0354 | 0.0354 | 29 | 0.4538 | 0.0068 | 66.6769 | 32 | 0.0981 | -1 | en | 12 | 9.959 | 33 | 0.1809 | 0.046 |
| class2_cloze_1shot | jlens_en | cloze | ml | native | 1 | 132 | 0.2727 | 0.2652 | 0.3333 | 29 | 0.4624 | 0.0019 | 244.8282 | 32 | 0.0031 | 12 | en | 11 | 3.6713 | 47 | 0.1973 | 0.032 |
| class2_cloze_1shot | jlens_en | cloze | ml | roman | 1 | 240 | 0.0417 | 0.0417 | 0.0833 | 28 | 0.4684 | 0.0077 | 60.506 | 32 | 0.0668 | -1 | en | 13 | 9.6736 | 25 | 0.189 | 0.0455 |
| class2_cloze_1shot | jlens_en | cloze | ta | native | 1 | 132 | 0.2803 | 0.2576 | 0.3258 | 29 | 0.4141 | 0.0016 | 262.1339 | 32 | 0.0535 | 32 | en | 12 | 7.7725 | 35 | 0.184 | 0.0415 |
| class2_cloze_1shot | jlens_en | cloze | ta | roman | 1 | 242 | 0 | 0 | 0.0083 | 29 | 0.3971 | 0.0058 | 69.0429 | 32 | 0.0343 | -1 | en | 11 | 9.1437 | 54 | 0.1792 | 0.0401 |
| class2_cloze_1shot | jlens_indic | cloze | hi | native | 1 | 132 | 0.3788 | 0.3485 | 0.3864 | 27 | 0.4614 | 0.0013 | 354.8393 | 32 | 0.0746 | 0 | en | 0 | 5.5092 | 2 | 0.191 | 0.0509 |
| class2_cloze_1shot | jlens_indic | cloze | hi | roman | 1 | 226 | 0.0442 | 0.0354 | 0.0354 | 29 | 0.3908 | 0.0068 | 57.4187 | 32 | 0.0981 | 0 | en | 0 | 8.2356 | 10 | 0.1685 | 0.0476 |
| class2_cloze_1shot | jlens_indic | cloze | ml | native | 1 | 132 | 0.2727 | 0.2652 | 0.3333 | 27 | 0.3714 | 0.0019 | 196.6536 | 32 | 0.0031 | 13 | en | 3 | 5.702 | 28 | 0.1762 | 0.0323 |
| class2_cloze_1shot | jlens_indic | cloze | ml | roman | 1 | 240 | 0.0417 | 0.0417 | 0.0833 | 27 | 0.4247 | 0.0077 | 54.8518 | 32 | 0.0668 | 1 | en | 0 | 9.0926 | 9 | 0.1789 | 0.0501 |
| class2_cloze_1shot | jlens_indic | cloze | ta | native | 1 | 132 | 0.2803 | 0.2576 | 0.3258 | 27 | 0.4218 | 0.0016 | 266.9943 | 32 | 0.0535 | 0 | en | 0 | 2.7092 | 3 | 0.1749 | 0.0487 |
| class2_cloze_1shot | jlens_indic | cloze | ta | roman | 1 | 242 | 0 | 0 | 0.0083 | 26 | 0.3798 | 0.0058 | 66.0316 | 32 | 0.0343 | 0 | en | 0 | 7.3003 | 11 | 0.1731 | 0.0428 |
| class2_cloze_1shot | jlens_mixed | cloze | hi | native | 1 | 132 | 0.3788 | 0.3485 | 0.3864 | 27 | 0.4573 | 0.0013 | 351.6353 | 32 | 0.0746 | 1 | en | 0 | 7.4521 | 7 | 0.1933 | 0.0499 |
| class2_cloze_1shot | jlens_mixed | cloze | hi | roman | 1 | 226 | 0.0442 | 0.0354 | 0.0354 | 29 | 0.3952 | 0.0068 | 58.0649 | 32 | 0.0981 | 0 | en | 0 | 8.9333 | 11 | 0.171 | 0.047 |
| class2_cloze_1shot | jlens_mixed | cloze | ml | native | 1 | 132 | 0.2727 | 0.2652 | 0.3333 | 28 | 0.3797 | 0.0019 | 201.0357 | 32 | 0.0031 | 5 | en | 3 | 5.5759 | 21 | 0.1843 | 0.0323 |
| class2_cloze_1shot | jlens_mixed | cloze | ml | roman | 1 | 240 | 0.0417 | 0.0417 | 0.0833 | 27 | 0.4356 | 0.0077 | 56.2659 | 32 | 0.0668 | 0 | en | 0 | 8.6598 | 6 | 0.1856 | 0.0491 |
| class2_cloze_1shot | jlens_mixed | cloze | ta | native | 1 | 132 | 0.2803 | 0.2576 | 0.3258 | 27 | 0.4209 | 0.0016 | 266.4214 | 32 | 0.0535 | 0 | en | 0 | 3.7748 | 7 | 0.1799 | 0.047 |
| class2_cloze_1shot | jlens_mixed | cloze | ta | roman | 1 | 242 | 0 | 0 | 0.0083 | 26 | 0.3837 | 0.0058 | 66.7166 | 32 | 0.0343 | 0 | en | 0 | 7.0591 | 9 | 0.1794 | 0.0424 |
| class2_cloze_1shot | logit | cloze | hi | native | 1 | 132 | 0.3788 | 0.3485 | 0.3864 | 27 | 0.5132 | 0.0093 | 54.931 | 33 | 0.2651 | 32 | en | 4 | 15.3513 | 0 | 0.2216 | 0.0314 |
| class2_cloze_1shot | logit | cloze | hi | roman | 1 | 226 | 0.0442 | 0.0354 | 0.0354 | 29 | 0.4738 | 0.0096 | 49.4957 | 32 | 0.0981 | 33 | en | 0.5 | 8.915 | 7 | 0.2136 | 0.0665 |
| class2_cloze_1shot | logit | cloze | ml | native | 1 | 132 | 0.2727 | 0.2652 | 0.3333 | 27 | 0.5012 | 0.0102 | 49.0476 | 33 | 0.1651 | 33 | en | 33 | 13.6222 | 0 | 0.2139 | 0.0165 |
| class2_cloze_1shot | logit | cloze | ml | roman | 1 | 240 | 0.0417 | 0.0417 | 0.0833 | 27 | 0.4918 | 0.01 | 48.9946 | 32 | 0.0668 | -1 | en | 3 | 8.7821 | 14 | 0.2169 | 0.0608 |
| class2_cloze_1shot | logit | cloze | ta | native | 1 | 132 | 0.2803 | 0.2576 | 0.3258 | 27 | 0.4594 | 0.0105 | 43.7647 | 33 | 0.1906 | 32 | en | 32 | 15.0889 | 0 | 0.1965 | 0.0264 |
| class2_cloze_1shot | logit | cloze | ta | roman | 1 | 242 | 0 | 0 | 0.0083 | 28 | 0.4189 | 0.007 | 59.5861 | 32 | 0.0343 | -1 | en | 4 | 7.2465 | 11 | 0.2191 | 0.0581 |

[report] figures in outputs/romanlens/gemma-3-4b-pt/class2_cloze_1shot/figures

[run] outputs/romanlens/gemma-3-4b-pt/class2_cloze_2shot
[vocab] 42/792 items collide (excluded)
[run] 0/792  cloze_hi_hi_native_book
[run] 50/792  cloze_hi_hi_native_four
[run] 100/792  cloze_hi_hi_native_square
[run] 150/792  cloze_hi_rom_hi_roman_song
[run] 200/792  cloze_hi_rom_hi_roman_seat
[run] 250/792  cloze_hi_rom_hi_roman_tower
[run] 300/792  cloze_ta_ta_native_rice
[run] 350/792  cloze_ta_ta_native_example
[run] 400/792  cloze_ta_rom_ta_roman_soil
[run] 450/792  cloze_ta_rom_ta_roman_eight
[run] 500/792  cloze_ta_rom_ta_roman_tribe
[run] 550/792  cloze_ml_ml_native_river
[run] 600/792  cloze_ml_ml_native_machine
[run] 650/792  cloze_ml_ml_native_section
[run] 700/792  cloze_ml_rom_ml_roman_flower
[run] 750/792  cloze_ml_rom_ml_roman_delete

[gate] kept 750/792
   lang script    n    sub exact  tok1
     hi native  132  0.417 0.386 0.417
     hi  roman  113  0.053 0.044 0.062
     ml native  132  0.348 0.333 0.386
     ml  roman  120  0.033 0.025 0.092
     ta native  132  0.333 0.295 0.371
     ta  roman  121  0.008 0.008 0.066
[report] class2_cloze_2shot  lenses=['jlens_en', 'jlens_indic', 'jlens_mixed', 'logit']
  outputs/romanlens/gemma-3-4b-pt/class2_cloze_2shot/figures/accuracy.png
  outputs/romanlens/gemma-3-4b-pt/class2_cloze_2shot/figures/curves__cloze__jlens_en.png
  outputs/romanlens/gemma-3-4b-pt/class2_cloze_2shot/figures/ranks__cloze__jlens_en.png
  outputs/romanlens/gemma-3-4b-pt/class2_cloze_2shot/figures/scripts__cloze.png
  outputs/romanlens/gemma-3-4b-pt/class2_cloze_2shot/figures/switch__cloze__jlens_en.png
  outputs/romanlens/gemma-3-4b-pt/class2_cloze_2shot/figures/curves__cloze__jlens_indic.png
  outputs/romanlens/gemma-3-4b-pt/class2_cloze_2shot/figures/ranks__cloze__jlens_indic.png
  outputs/romanlens/gemma-3-4b-pt/class2_cloze_2shot/figures/scripts__cloze.png
  outputs/romanlens/gemma-3-4b-pt/class2_cloze_2shot/figures/switch__cloze__jlens_indic.png
  outputs/romanlens/gemma-3-4b-pt/class2_cloze_2shot/figures/curves__cloze__jlens_mixed.png
  outputs/romanlens/gemma-3-4b-pt/class2_cloze_2shot/figures/ranks__cloze__jlens_mixed.png
  outputs/romanlens/gemma-3-4b-pt/class2_cloze_2shot/figures/scripts__cloze.png
  outputs/romanlens/gemma-3-4b-pt/class2_cloze_2shot/figures/switch__cloze__jlens_mixed.png
  outputs/romanlens/gemma-3-4b-pt/class2_cloze_2shot/figures/curves__cloze__logit.png
  outputs/romanlens/gemma-3-4b-pt/class2_cloze_2shot/figures/ranks__cloze__logit.png
  outputs/romanlens/gemma-3-4b-pt/class2_cloze_2shot/figures/scripts__cloze.png
  outputs/romanlens/gemma-3-4b-pt/class2_cloze_2shot/figures/switch__cloze__logit.png
  outputs/romanlens/gemma-3-4b-pt/class2_cloze_2shot/figures/lenscmp__cloze__en.png
  outputs/romanlens/gemma-3-4b-pt/class2_cloze_2shot/figures/lenscmp__cloze__native.png
  outputs/romanlens/gemma-3-4b-pt/class2_cloze_2shot/figures/lenscmp__cloze__roman.png

| run | lens | task | lang | script | shots | n | acc | acc_exact | acc_tok1 | L_en | P_en | P_enctrl | en_ratio | L_tgt | P_tgt | L_switch | sw_ref | sw_med | sw_sd | sw_never | MRR_en | MRR_tgt |
|---|---|---|---|---|---|---|---|---|---|---|---|---|---|---|---|---|---|---|---|---|---|---|
| class2_cloze_2shot | jlens_en | cloze | hi | native | 2 | 132 | 0.4167 | 0.3864 | 0.4167 | 29 | 0.5016 | 0.0013 | 376.2713 | 32 | 0.079 | 13 | en | 11 | 8.2106 | 34 | 0.2087 | 0.0468 |
| class2_cloze_2shot | jlens_en | cloze | hi | roman | 2 | 226 | 0.0531 | 0.0442 | 0.0619 | 28 | 0.4465 | 0.0091 | 48.9239 | 32 | 0.107 | 32 | en | 28 | 9.9884 | 22 | 0.1807 | 0.0504 |
| class2_cloze_2shot | jlens_en | cloze | ml | native | 2 | 132 | 0.3485 | 0.3333 | 0.3864 | 29 | 0.4706 | 0.0019 | 254.0448 | 32 | 0.0037 | 13 | en | 11 | 3.3444 | 48 | 0.2011 | 0.0323 |
| class2_cloze_2shot | jlens_en | cloze | ml | roman | 2 | 240 | 0.0333 | 0.025 | 0.0917 | 28 | 0.4883 | 0.0091 | 53.6457 | 32 | 0.0606 | -1 | en | 13 | 9.5987 | 28 | 0.1913 | 0.0458 |
| class2_cloze_2shot | jlens_en | cloze | ta | native | 2 | 132 | 0.3333 | 0.2955 | 0.3712 | 29 | 0.4192 | 0.0014 | 301.8738 | 32 | 0.0661 | 32 | en | 12 | 9.0222 | 33 | 0.187 | 0.0429 |
| class2_cloze_2shot | jlens_en | cloze | ta | roman | 2 | 242 | 0.0083 | 0.0083 | 0.0661 | 28 | 0.4156 | 0.0083 | 50.1862 | 32 | 0.0517 | 32 | en | 13.5 | 9.758 | 33 | 0.1805 | 0.0473 |
| class2_cloze_2shot | jlens_indic | cloze | hi | native | 2 | 132 | 0.4167 | 0.3864 | 0.4167 | 27 | 0.4566 | 0.0013 | 342.5208 | 32 | 0.079 | 0 | en | 0 | 6.3591 | 4 | 0.1939 | 0.0512 |
| class2_cloze_2shot | jlens_indic | cloze | hi | roman | 2 | 226 | 0.0531 | 0.0442 | 0.0619 | 27 | 0.3774 | 0.0091 | 41.3542 | 32 | 0.107 | 0 | en | 0 | 10.5083 | 7 | 0.1675 | 0.0509 |
| class2_cloze_2shot | jlens_indic | cloze | ml | native | 2 | 132 | 0.3485 | 0.3333 | 0.3864 | 27 | 0.3711 | 0.0019 | 200.302 | 32 | 0.0037 | 13 | en | 3 | 5.3871 | 28 | 0.177 | 0.0326 |
| class2_cloze_2shot | jlens_indic | cloze | ml | roman | 2 | 240 | 0.0333 | 0.025 | 0.0917 | 28 | 0.4327 | 0.0091 | 47.5407 | 32 | 0.0606 | 1 | en | 0 | 8.7378 | 8 | 0.1804 | 0.0501 |
| class2_cloze_2shot | jlens_indic | cloze | ta | native | 2 | 132 | 0.3333 | 0.2955 | 0.3712 | 27 | 0.4395 | 0.0014 | 316.4806 | 32 | 0.0661 | 0 | en | 0 | 4.7254 | 2 | 0.1772 | 0.0505 |
| class2_cloze_2shot | jlens_indic | cloze | ta | roman | 2 | 242 | 0.0083 | 0.0083 | 0.0661 | 26 | 0.3936 | 0.0083 | 47.5279 | 32 | 0.0517 | 1 | en | 0 | 8.9077 | 7 | 0.1754 | 0.0526 |
| class2_cloze_2shot | jlens_mixed | cloze | hi | native | 2 | 132 | 0.4167 | 0.3864 | 0.4167 | 27 | 0.4502 | 0.0013 | 337.7807 | 32 | 0.079 | 1 | en | 0 | 7.1155 | 9 | 0.1959 | 0.0505 |
| class2_cloze_2shot | jlens_mixed | cloze | hi | roman | 2 | 226 | 0.0531 | 0.0442 | 0.0619 | 29 | 0.3832 | 0.0091 | 41.9937 | 32 | 0.107 | 0 | en | 0 | 10.2333 | 8 | 0.1727 | 0.0506 |
| class2_cloze_2shot | jlens_mixed | cloze | ml | native | 2 | 132 | 0.3485 | 0.3333 | 0.3864 | 28 | 0.3814 | 0.0019 | 205.8756 | 32 | 0.0037 | 5 | en | 3 | 5.2968 | 18 | 0.1845 | 0.0326 |
| class2_cloze_2shot | jlens_mixed | cloze | ml | roman | 2 | 240 | 0.0333 | 0.025 | 0.0917 | 28 | 0.4471 | 0.0091 | 49.1194 | 32 | 0.0606 | 0 | en | 0 | 8.3447 | 6 | 0.1901 | 0.0496 |
| class2_cloze_2shot | jlens_mixed | cloze | ta | native | 2 | 132 | 0.3333 | 0.2955 | 0.3712 | 27 | 0.4382 | 0.0014 | 315.5708 | 32 | 0.0661 | 0 | en | 0 | 5.5485 | 5 | 0.1845 | 0.0486 |
| class2_cloze_2shot | jlens_mixed | cloze | ta | roman | 2 | 242 | 0.0083 | 0.0083 | 0.0661 | 27 | 0.4071 | 0.0083 | 49.1521 | 32 | 0.0517 | 0 | en | 0 | 7.8092 | 6 | 0.1845 | 0.0521 |
| class2_cloze_2shot | logit | cloze | hi | native | 2 | 132 | 0.4167 | 0.3864 | 0.4167 | 29 | 0.5354 | 0.0104 | 51.5581 | 33 | 0.2668 | 32 | en | 4 | 15.0982 | 0 | 0.2254 | 0.0326 |
| class2_cloze_2shot | logit | cloze | hi | roman | 2 | 226 | 0.0531 | 0.0442 | 0.0619 | 29 | 0.4712 | 0.0105 | 44.749 | 32 | 0.107 | 13 | en | 1 | 9.4258 | 4 | 0.2117 | 0.0716 |
| class2_cloze_2shot | logit | cloze | ml | native | 2 | 132 | 0.3485 | 0.3333 | 0.3864 | 27 | 0.5127 | 0.0101 | 50.5742 | 33 | 0.1783 | 33 | en | 33 | 13.5463 | 0 | 0.2108 | 0.0177 |
| class2_cloze_2shot | logit | cloze | ml | roman | 2 | 240 | 0.0333 | 0.025 | 0.0917 | 28 | 0.5051 | 0.0097 | 51.9297 | 32 | 0.0606 | -1 | en | 3 | 8.744 | 13 | 0.2285 | 0.0665 |
| class2_cloze_2shot | logit | cloze | ta | native | 2 | 132 | 0.3333 | 0.2955 | 0.3712 | 27 | 0.4762 | 0.0115 | 41.346 | 33 | 0.2224 | 32 | en | 32 | 15.1501 | 0 | 0.1947 | 0.029 |
| class2_cloze_2shot | logit | cloze | ta | roman | 2 | 242 | 0.0083 | 0.0083 | 0.0661 | 27 | 0.4304 | 0.0107 | 40.0475 | 32 | 0.0517 | 13 | en | 4 | 6.6209 | 8 | 0.2094 | 0.0905 |

[report] figures in outputs/romanlens/gemma-3-4b-pt/class2_cloze_2shot/figures

[run] outputs/romanlens/gemma-3-4b-pt/class2_cloze_3shot
[vocab] 42/792 items collide (excluded)
[run] 0/792  cloze_hi_hi_native_book
[run] 50/792  cloze_hi_hi_native_four
[run] 100/792  cloze_hi_hi_native_square
[run] 150/792  cloze_hi_rom_hi_roman_song
[run] 200/792  cloze_hi_rom_hi_roman_seat
[run] 250/792  cloze_hi_rom_hi_roman_tower
[run] 300/792  cloze_ta_ta_native_rice
[run] 350/792  cloze_ta_ta_native_example
[run] 400/792  cloze_ta_rom_ta_roman_soil
[run] 450/792  cloze_ta_rom_ta_roman_eight
[run] 500/792  cloze_ta_rom_ta_roman_tribe
[run] 550/792  cloze_ml_ml_native_river
[run] 600/792  cloze_ml_ml_native_machine
[run] 650/792  cloze_ml_ml_native_section
[run] 700/792  cloze_ml_rom_ml_roman_flower
[run] 750/792  cloze_ml_rom_ml_roman_delete

[gate] kept 750/792
   lang script    n    sub exact  tok1
     hi native  132  0.432 0.417 0.447
     hi  roman  113  0.044 0.044 0.053
     ml native  132  0.303 0.288 0.348
     ml  roman  120  0.033 0.025 0.083
     ta native  132  0.341 0.311 0.394
     ta  roman  121  0.008 0.008 0.017
[report] class2_cloze_3shot  lenses=['jlens_en', 'jlens_indic', 'jlens_mixed', 'logit']
  outputs/romanlens/gemma-3-4b-pt/class2_cloze_3shot/figures/accuracy.png
  outputs/romanlens/gemma-3-4b-pt/class2_cloze_3shot/figures/curves__cloze__jlens_en.png
  outputs/romanlens/gemma-3-4b-pt/class2_cloze_3shot/figures/ranks__cloze__jlens_en.png
  outputs/romanlens/gemma-3-4b-pt/class2_cloze_3shot/figures/scripts__cloze.png
  outputs/romanlens/gemma-3-4b-pt/class2_cloze_3shot/figures/switch__cloze__jlens_en.png
  outputs/romanlens/gemma-3-4b-pt/class2_cloze_3shot/figures/curves__cloze__jlens_indic.png
  outputs/romanlens/gemma-3-4b-pt/class2_cloze_3shot/figures/ranks__cloze__jlens_indic.png
  outputs/romanlens/gemma-3-4b-pt/class2_cloze_3shot/figures/scripts__cloze.png
  outputs/romanlens/gemma-3-4b-pt/class2_cloze_3shot/figures/switch__cloze__jlens_indic.png
  outputs/romanlens/gemma-3-4b-pt/class2_cloze_3shot/figures/curves__cloze__jlens_mixed.png
  outputs/romanlens/gemma-3-4b-pt/class2_cloze_3shot/figures/ranks__cloze__jlens_mixed.png
  outputs/romanlens/gemma-3-4b-pt/class2_cloze_3shot/figures/scripts__cloze.png
  outputs/romanlens/gemma-3-4b-pt/class2_cloze_3shot/figures/switch__cloze__jlens_mixed.png
  outputs/romanlens/gemma-3-4b-pt/class2_cloze_3shot/figures/curves__cloze__logit.png
  outputs/romanlens/gemma-3-4b-pt/class2_cloze_3shot/figures/ranks__cloze__logit.png
  outputs/romanlens/gemma-3-4b-pt/class2_cloze_3shot/figures/scripts__cloze.png
  outputs/romanlens/gemma-3-4b-pt/class2_cloze_3shot/figures/switch__cloze__logit.png
  outputs/romanlens/gemma-3-4b-pt/class2_cloze_3shot/figures/lenscmp__cloze__en.png
  outputs/romanlens/gemma-3-4b-pt/class2_cloze_3shot/figures/lenscmp__cloze__native.png
  outputs/romanlens/gemma-3-4b-pt/class2_cloze_3shot/figures/lenscmp__cloze__roman.png

| run | lens | task | lang | script | shots | n | acc | acc_exact | acc_tok1 | L_en | P_en | P_enctrl | en_ratio | L_tgt | P_tgt | L_switch | sw_ref | sw_med | sw_sd | sw_never | MRR_en | MRR_tgt |
|---|---|---|---|---|---|---|---|---|---|---|---|---|---|---|---|---|---|---|---|---|---|---|
| class2_cloze_3shot | jlens_en | cloze | hi | native | 3 | 132 | 0.4318 | 0.4167 | 0.447 | 29 | 0.5132 | 0.0012 | 437.6787 | 32 | 0.0819 | 5 | en | 11 | 8.3176 | 32 | 0.208 | 0.0475 |
| class2_cloze_3shot | jlens_en | cloze | hi | roman | 3 | 226 | 0.0442 | 0.0442 | 0.0531 | 29 | 0.4983 | 0.0085 | 58.7181 | 32 | 0.0943 | -1 | en | 13 | 9.8474 | 42 | 0.1965 | 0.0464 |
| class2_cloze_3shot | jlens_en | cloze | ml | native | 3 | 132 | 0.303 | 0.2879 | 0.3485 | 29 | 0.478 | 0.0018 | 265.5887 | 32 | 0.0038 | 12 | en | 11 | 4.0252 | 48 | 0.2034 | 0.0323 |
| class2_cloze_3shot | jlens_en | cloze | ml | roman | 3 | 240 | 0.0333 | 0.025 | 0.0833 | 28 | 0.4909 | 0.0097 | 50.856 | 32 | 0.0694 | -1 | en | 13 | 9.4917 | 28 | 0.192 | 0.048 |
| class2_cloze_3shot | jlens_en | cloze | ta | native | 3 | 132 | 0.3409 | 0.3106 | 0.3939 | 29 | 0.423 | 0.0014 | 305.2892 | 32 | 0.0685 | 32 | en | 12 | 8.8011 | 37 | 0.1837 | 0.0431 |
| class2_cloze_3shot | jlens_en | cloze | ta | roman | 3 | 242 | 0.0083 | 0.0083 | 0.0165 | 28 | 0.4351 | 0.01 | 43.5268 | 32 | 0.0609 | 32 | en | 14 | 9.8351 | 30 | 0.182 | 0.0485 |
| class2_cloze_3shot | jlens_indic | cloze | hi | native | 3 | 132 | 0.4318 | 0.4167 | 0.447 | 27 | 0.461 | 0.0012 | 393.176 | 32 | 0.0819 | 0 | en | 0 | 6.8876 | 2 | 0.1933 | 0.052 |
| class2_cloze_3shot | jlens_indic | cloze | hi | roman | 3 | 226 | 0.0442 | 0.0442 | 0.0531 | 29 | 0.4328 | 0.0085 | 50.9989 | 32 | 0.0943 | 0 | en | 0 | 8.3382 | 16 | 0.1824 | 0.0473 |
| class2_cloze_3shot | jlens_indic | cloze | ml | native | 3 | 132 | 0.303 | 0.2879 | 0.3485 | 27 | 0.382 | 0.0018 | 212.2475 | 32 | 0.0038 | 13 | en | 3 | 4.955 | 29 | 0.1758 | 0.0326 |
| class2_cloze_3shot | jlens_indic | cloze | ml | roman | 3 | 240 | 0.0333 | 0.025 | 0.0833 | 27 | 0.4511 | 0.0097 | 46.7324 | 32 | 0.0694 | 1 | en | 0 | 8.9868 | 6 | 0.1845 | 0.053 |
| class2_cloze_3shot | jlens_indic | cloze | ta | native | 3 | 132 | 0.3409 | 0.3106 | 0.3939 | 27 | 0.4339 | 0.0014 | 313.1334 | 32 | 0.0685 | 0 | en | 0 | 3.9103 | 2 | 0.1746 | 0.0504 |
| class2_cloze_3shot | jlens_indic | cloze | ta | roman | 3 | 242 | 0.0083 | 0.0083 | 0.0165 | 27 | 0.4114 | 0.01 | 41.1603 | 32 | 0.0609 | 1 | en | 0 | 8.193 | 5 | 0.1746 | 0.0531 |
| class2_cloze_3shot | jlens_mixed | cloze | hi | native | 3 | 132 | 0.4318 | 0.4167 | 0.447 | 29 | 0.4583 | 0.0012 | 390.8521 | 32 | 0.0819 | 1 | en | 0 | 7.5917 | 8 | 0.1956 | 0.051 |
| class2_cloze_3shot | jlens_mixed | cloze | hi | roman | 3 | 226 | 0.0442 | 0.0442 | 0.0531 | 29 | 0.4409 | 0.0085 | 51.951 | 32 | 0.0943 | 0 | en | 0 | 7.3901 | 16 | 0.1861 | 0.0471 |
| class2_cloze_3shot | jlens_mixed | cloze | ml | native | 3 | 132 | 0.303 | 0.2879 | 0.3485 | 27 | 0.3937 | 0.0018 | 218.7757 | 32 | 0.0038 | 5 | en | 3 | 4.7654 | 16 | 0.1848 | 0.0326 |
| class2_cloze_3shot | jlens_mixed | cloze | ml | roman | 3 | 240 | 0.0333 | 0.025 | 0.0833 | 27 | 0.463 | 0.0097 | 47.9663 | 32 | 0.0694 | 0 | en | 0 | 8.9734 | 5 | 0.1916 | 0.052 |
| class2_cloze_3shot | jlens_mixed | cloze | ta | native | 3 | 132 | 0.3409 | 0.3106 | 0.3939 | 27 | 0.4343 | 0.0014 | 313.4534 | 32 | 0.0685 | 0 | en | 0 | 4.8472 | 6 | 0.1808 | 0.0487 |
| class2_cloze_3shot | jlens_mixed | cloze | ta | roman | 3 | 242 | 0.0083 | 0.0083 | 0.0165 | 27 | 0.4275 | 0.01 | 42.7761 | 32 | 0.0609 | 0 | en | 0 | 7.8822 | 5 | 0.1856 | 0.0524 |
| class2_cloze_3shot | logit | cloze | hi | native | 3 | 132 | 0.4318 | 0.4167 | 0.447 | 29 | 0.5452 | 0.0102 | 53.4289 | 33 | 0.293 | 32 | en | 4.5 | 15.0869 | 0 | 0.2224 | 0.0331 |
| class2_cloze_3shot | logit | cloze | hi | roman | 3 | 226 | 0.0442 | 0.0442 | 0.0531 | 29 | 0.5206 | 0.0092 | 56.4364 | 32 | 0.0943 | 13 | en | 1 | 8.018 | 8 | 0.2335 | 0.0678 |
| class2_cloze_3shot | logit | cloze | ml | native | 3 | 132 | 0.303 | 0.2879 | 0.3485 | 27 | 0.5259 | 0.0112 | 46.9892 | 33 | 0.1972 | 33 | en | 33 | 13.7278 | 0 | 0.2125 | 0.0174 |
| class2_cloze_3shot | logit | cloze | ml | roman | 3 | 240 | 0.0333 | 0.025 | 0.0833 | 27 | 0.5216 | 0.0106 | 49.1336 | 32 | 0.0694 | 33 | en | 3 | 8.7732 | 12 | 0.2306 | 0.0738 |
| class2_cloze_3shot | logit | cloze | ta | native | 3 | 132 | 0.3409 | 0.3106 | 0.3939 | 27 | 0.476 | 0.0125 | 37.9796 | 33 | 0.2315 | 32 | en | 32 | 15.0417 | 0 | 0.1921 | 0.0296 |
| class2_cloze_3shot | logit | cloze | ta | roman | 3 | 242 | 0.0083 | 0.0083 | 0.0165 | 27 | 0.4435 | 0.0112 | 39.6826 | 32 | 0.0609 | 13 | en | 4 | 7.0804 | 7 | 0.2072 | 0.0936 |

[report] figures in outputs/romanlens/gemma-3-4b-pt/class2_cloze_3shot/figures

[run] outputs/romanlens/gemma-3-4b-pt/class2_cloze_4shot
[vocab] 42/792 items collide (excluded)
[run] 0/792  cloze_hi_hi_native_book
[run] 50/792  cloze_hi_hi_native_four
[run] 100/792  cloze_hi_hi_native_square
[run] 150/792  cloze_hi_rom_hi_roman_song
[run] 200/792  cloze_hi_rom_hi_roman_seat
[run] 250/792  cloze_hi_rom_hi_roman_tower
[run] 300/792  cloze_ta_ta_native_rice
[run] 350/792  cloze_ta_ta_native_example
[run] 400/792  cloze_ta_rom_ta_roman_soil
[run] 450/792  cloze_ta_rom_ta_roman_eight
[run] 500/792  cloze_ta_rom_ta_roman_tribe
[run] 550/792  cloze_ml_ml_native_river
[run] 600/792  cloze_ml_ml_native_machine
[run] 650/792  cloze_ml_ml_native_section
[run] 700/792  cloze_ml_rom_ml_roman_flower
[run] 750/792  cloze_ml_rom_ml_roman_delete

[gate] kept 750/792
   lang script    n    sub exact  tok1
     hi native  132  0.439 0.432 0.462
     hi  roman  113  0.053 0.053 0.080
     ml native  132  0.333 0.318 0.371
     ml  roman  120  0.017 0.017 0.100
     ta native  132  0.326 0.288 0.356
     ta  roman  121  0.017 0.017 0.017
[report] class2_cloze_4shot  lenses=['jlens_en', 'jlens_indic', 'jlens_mixed', 'logit']
  outputs/romanlens/gemma-3-4b-pt/class2_cloze_4shot/figures/accuracy.png
  outputs/romanlens/gemma-3-4b-pt/class2_cloze_4shot/figures/curves__cloze__jlens_en.png
  outputs/romanlens/gemma-3-4b-pt/class2_cloze_4shot/figures/ranks__cloze__jlens_en.png
  outputs/romanlens/gemma-3-4b-pt/class2_cloze_4shot/figures/scripts__cloze.png
  outputs/romanlens/gemma-3-4b-pt/class2_cloze_4shot/figures/switch__cloze__jlens_en.png
  outputs/romanlens/gemma-3-4b-pt/class2_cloze_4shot/figures/curves__cloze__jlens_indic.png
  outputs/romanlens/gemma-3-4b-pt/class2_cloze_4shot/figures/ranks__cloze__jlens_indic.png
  outputs/romanlens/gemma-3-4b-pt/class2_cloze_4shot/figures/scripts__cloze.png
  outputs/romanlens/gemma-3-4b-pt/class2_cloze_4shot/figures/switch__cloze__jlens_indic.png
  outputs/romanlens/gemma-3-4b-pt/class2_cloze_4shot/figures/curves__cloze__jlens_mixed.png
  outputs/romanlens/gemma-3-4b-pt/class2_cloze_4shot/figures/ranks__cloze__jlens_mixed.png
  outputs/romanlens/gemma-3-4b-pt/class2_cloze_4shot/figures/scripts__cloze.png
  outputs/romanlens/gemma-3-4b-pt/class2_cloze_4shot/figures/switch__cloze__jlens_mixed.png
  outputs/romanlens/gemma-3-4b-pt/class2_cloze_4shot/figures/curves__cloze__logit.png
  outputs/romanlens/gemma-3-4b-pt/class2_cloze_4shot/figures/ranks__cloze__logit.png
  outputs/romanlens/gemma-3-4b-pt/class2_cloze_4shot/figures/scripts__cloze.png
  outputs/romanlens/gemma-3-4b-pt/class2_cloze_4shot/figures/switch__cloze__logit.png
  outputs/romanlens/gemma-3-4b-pt/class2_cloze_4shot/figures/lenscmp__cloze__en.png
  outputs/romanlens/gemma-3-4b-pt/class2_cloze_4shot/figures/lenscmp__cloze__native.png
  outputs/romanlens/gemma-3-4b-pt/class2_cloze_4shot/figures/lenscmp__cloze__roman.png

| run | lens | task | lang | script | shots | n | acc | acc_exact | acc_tok1 | L_en | P_en | P_enctrl | en_ratio | L_tgt | P_tgt | L_switch | sw_ref | sw_med | sw_sd | sw_never | MRR_en | MRR_tgt |
|---|---|---|---|---|---|---|---|---|---|---|---|---|---|---|---|---|---|---|---|---|---|---|
| class2_cloze_4shot | jlens_en | cloze | hi | native | 4 | 132 | 0.4394 | 0.4318 | 0.4621 | 29 | 0.5144 | 0.0011 | 452.5106 | 32 | 0.0853 | 4 | en | 11 | 8.4839 | 32 | 0.208 | 0.0481 |
| class2_cloze_4shot | jlens_en | cloze | hi | roman | 4 | 226 | 0.0531 | 0.0531 | 0.0796 | 29 | 0.4666 | 0.0087 | 53.5022 | 32 | 0.1109 | 32 | en | 21 | 10.063 | 29 | 0.1859 | 0.0489 |
| class2_cloze_4shot | jlens_en | cloze | ml | native | 4 | 132 | 0.3333 | 0.3182 | 0.3712 | 29 | 0.483 | 0.0018 | 266.4604 | 32 | 0.0038 | 13 | en | 11 | 4.601 | 48 | 0.2044 | 0.0323 |
| class2_cloze_4shot | jlens_en | cloze | ml | roman | 4 | 240 | 0.0167 | 0.0167 | 0.1 | 28 | 0.5029 | 0.0115 | 43.8438 | 32 | 0.0698 | -1 | en | 13 | 9.5178 | 24 | 0.1916 | 0.0491 |
| class2_cloze_4shot | jlens_en | cloze | ta | native | 4 | 132 | 0.3258 | 0.2879 | 0.3561 | 29 | 0.4467 | 0.0012 | 388.3243 | 32 | 0.069 | 32 | en | 12 | 8.9261 | 35 | 0.1894 | 0.0429 |
| class2_cloze_4shot | jlens_en | cloze | ta | roman | 4 | 242 | 0.0165 | 0.0165 | 0.0165 | 27 | 0.4178 | 0.0111 | 37.7892 | 32 | 0.0621 | 31 | en | 21 | 9.71 | 23 | 0.1695 | 0.0504 |
| class2_cloze_4shot | jlens_indic | cloze | hi | native | 4 | 132 | 0.4394 | 0.4318 | 0.4621 | 27 | 0.4683 | 0.0011 | 412.0041 | 32 | 0.0853 | 0 | en | 0 | 6.7703 | 2 | 0.1936 | 0.0524 |
| class2_cloze_4shot | jlens_indic | cloze | hi | roman | 4 | 226 | 0.0531 | 0.0531 | 0.0796 | 29 | 0.3832 | 0.0087 | 43.9422 | 32 | 0.1109 | 0 | en | 0 | 10.187 | 7 | 0.1675 | 0.05 |
| class2_cloze_4shot | jlens_indic | cloze | ml | native | 4 | 132 | 0.3333 | 0.3182 | 0.3712 | 27 | 0.3841 | 0.0018 | 211.9276 | 32 | 0.0038 | 13 | en | 3 | 4.9123 | 30 | 0.1787 | 0.0326 |
| class2_cloze_4shot | jlens_indic | cloze | ml | roman | 4 | 240 | 0.0167 | 0.0167 | 0.1 | 27 | 0.4633 | 0.0115 | 40.3972 | 32 | 0.0698 | 1 | en | 0 | 8.5505 | 6 | 0.1829 | 0.0547 |
| class2_cloze_4shot | jlens_indic | cloze | ta | native | 4 | 132 | 0.3258 | 0.2879 | 0.3561 | 27 | 0.4571 | 0.0012 | 397.3388 | 32 | 0.069 | 0 | en | 0 | 3.8895 | 2 | 0.1772 | 0.0495 |
| class2_cloze_4shot | jlens_indic | cloze | ta | roman | 4 | 242 | 0.0165 | 0.0165 | 0.0165 | 27 | 0.4008 | 0.0111 | 36.2495 | 32 | 0.0621 | 1 | en | 0 | 8.6566 | 3 | 0.1656 | 0.0557 |
| class2_cloze_4shot | jlens_mixed | cloze | hi | native | 4 | 132 | 0.4394 | 0.4318 | 0.4621 | 27 | 0.4628 | 0.0011 | 407.1234 | 32 | 0.0853 | 1 | en | 0 | 8.4099 | 7 | 0.195 | 0.0518 |
| class2_cloze_4shot | jlens_mixed | cloze | hi | roman | 4 | 226 | 0.0531 | 0.0531 | 0.0796 | 29 | 0.3935 | 0.0087 | 45.1243 | 32 | 0.1109 | 0 | en | 0 | 9.7741 | 10 | 0.1732 | 0.0495 |
| class2_cloze_4shot | jlens_mixed | cloze | ml | native | 4 | 132 | 0.3333 | 0.3182 | 0.3712 | 27 | 0.3938 | 0.0018 | 217.2772 | 32 | 0.0038 | 5 | en | 3 | 4.7745 | 16 | 0.1873 | 0.0326 |
| class2_cloze_4shot | jlens_mixed | cloze | ml | roman | 4 | 240 | 0.0167 | 0.0167 | 0.1 | 27 | 0.4741 | 0.0115 | 41.3401 | 32 | 0.0698 | 0 | en | 0 | 8.5712 | 4 | 0.1904 | 0.0539 |
| class2_cloze_4shot | jlens_mixed | cloze | ta | native | 4 | 132 | 0.3258 | 0.2879 | 0.3561 | 27 | 0.4601 | 0.0012 | 399.9992 | 32 | 0.069 | 0 | en | 0 | 4.8472 | 6 | 0.1845 | 0.0483 |
| class2_cloze_4shot | jlens_mixed | cloze | ta | roman | 4 | 242 | 0.0165 | 0.0165 | 0.0165 | 27 | 0.4195 | 0.0111 | 37.9466 | 32 | 0.0621 | 0 | en | 0 | 8.2382 | 2 | 0.1739 | 0.0552 |
| class2_cloze_4shot | logit | cloze | hi | native | 4 | 132 | 0.4394 | 0.4318 | 0.4621 | 29 | 0.55 | 0.0103 | 53.6544 | 33 | 0.3154 | 32 | en | 4.5 | 15.0739 | 0 | 0.2198 | 0.034 |
| class2_cloze_4shot | logit | cloze | hi | roman | 4 | 226 | 0.0531 | 0.0531 | 0.0796 | 29 | 0.492 | 0.0094 | 52.3845 | 32 | 0.1109 | 11 | en | 1 | 8.5159 | 5 | 0.2166 | 0.0725 |
| class2_cloze_4shot | logit | cloze | ml | native | 4 | 132 | 0.3333 | 0.3182 | 0.3712 | 27 | 0.5265 | 0.0125 | 42.103 | 33 | 0.2041 | 33 | en | 33 | 13.7263 | 0 | 0.2106 | 0.0178 |
| class2_cloze_4shot | logit | cloze | ml | roman | 4 | 240 | 0.0167 | 0.0167 | 0.1 | 27 | 0.5243 | 0.0115 | 45.7164 | 32 | 0.0698 | 33 | en | 4 | 8.9232 | 7 | 0.2206 | 0.0762 |
| class2_cloze_4shot | logit | cloze | ta | native | 4 | 132 | 0.3258 | 0.2879 | 0.3561 | 27 | 0.4956 | 0.0107 | 46.3934 | 33 | 0.261 | 32 | en | 32 | 15.1425 | 0 | 0.1952 | 0.029 |
| class2_cloze_4shot | logit | cloze | ta | roman | 4 | 242 | 0.0165 | 0.0165 | 0.0165 | 27 | 0.42 | 0.0117 | 35.8842 | 32 | 0.0621 | 13 | en | 4 | 7.4819 | 5 | 0.1903 | 0.0982 |

[report] figures in outputs/romanlens/gemma-3-4b-pt/class2_cloze_4shot/figures

[run] outputs/romanlens/gemma-3-4b-pt/class3_repetition_1shot
[vocab] 42/792 items collide (excluded)
[run] 0/792  repetition_hi_hi_native_book
[run] 50/792  repetition_hi_hi_native_four
[run] 100/792  repetition_hi_hi_native_square
[run] 150/792  repetition_hi_rom_hi_roman_song
[run] 200/792  repetition_hi_rom_hi_roman_seat
[run] 250/792  repetition_hi_rom_hi_roman_tower
[run] 300/792  repetition_ta_ta_native_rice
[run] 350/792  repetition_ta_ta_native_example
[run] 400/792  repetition_ta_rom_ta_roman_soil
[run] 450/792  repetition_ta_rom_ta_roman_eight
[run] 500/792  repetition_ta_rom_ta_roman_tribe
[run] 550/792  repetition_ml_ml_native_river
[run] 600/792  repetition_ml_ml_native_machine
[run] 650/792  repetition_ml_ml_native_section
[run] 700/792  repetition_ml_rom_ml_roman_flower
[run] 750/792  repetition_ml_rom_ml_roman_delete

[gate] kept 750/792
   lang script    n    sub exact  tok1
     hi native  132  1.000 1.000 1.000
     hi  roman  113  1.000 1.000 1.000
     ml native  132  0.992 0.992 1.000
     ml  roman  120  1.000 1.000 1.000
     ta native  132  1.000 1.000 1.000
     ta  roman  121  1.000 1.000 1.000
[report] class3_repetition_1shot  lenses=['jlens_en', 'jlens_indic', 'jlens_mixed', 'logit']
  outputs/romanlens/gemma-3-4b-pt/class3_repetition_1shot/figures/accuracy.png
  outputs/romanlens/gemma-3-4b-pt/class3_repetition_1shot/figures/curves__repetition__jlens_en.png
  outputs/romanlens/gemma-3-4b-pt/class3_repetition_1shot/figures/ranks__repetition__jlens_en.png
  outputs/romanlens/gemma-3-4b-pt/class3_repetition_1shot/figures/scripts__repetition.png
  outputs/romanlens/gemma-3-4b-pt/class3_repetition_1shot/figures/switch__repetition__jlens_en.png
  outputs/romanlens/gemma-3-4b-pt/class3_repetition_1shot/figures/curves__repetition__jlens_indic.png
  outputs/romanlens/gemma-3-4b-pt/class3_repetition_1shot/figures/ranks__repetition__jlens_indic.png
  outputs/romanlens/gemma-3-4b-pt/class3_repetition_1shot/figures/scripts__repetition.png
  outputs/romanlens/gemma-3-4b-pt/class3_repetition_1shot/figures/switch__repetition__jlens_indic.png
  outputs/romanlens/gemma-3-4b-pt/class3_repetition_1shot/figures/curves__repetition__jlens_mixed.png
  outputs/romanlens/gemma-3-4b-pt/class3_repetition_1shot/figures/ranks__repetition__jlens_mixed.png
  outputs/romanlens/gemma-3-4b-pt/class3_repetition_1shot/figures/scripts__repetition.png
  outputs/romanlens/gemma-3-4b-pt/class3_repetition_1shot/figures/switch__repetition__jlens_mixed.png
  outputs/romanlens/gemma-3-4b-pt/class3_repetition_1shot/figures/curves__repetition__logit.png
  outputs/romanlens/gemma-3-4b-pt/class3_repetition_1shot/figures/ranks__repetition__logit.png
  outputs/romanlens/gemma-3-4b-pt/class3_repetition_1shot/figures/scripts__repetition.png
  outputs/romanlens/gemma-3-4b-pt/class3_repetition_1shot/figures/switch__repetition__logit.png
  outputs/romanlens/gemma-3-4b-pt/class3_repetition_1shot/figures/lenscmp__repetition__en.png
  outputs/romanlens/gemma-3-4b-pt/class3_repetition_1shot/figures/lenscmp__repetition__native.png
  outputs/romanlens/gemma-3-4b-pt/class3_repetition_1shot/figures/lenscmp__repetition__roman.png

| run | lens | task | lang | script | shots | n | acc | acc_exact | acc_tok1 | L_en | P_en | P_enctrl | en_ratio | L_tgt | P_tgt | L_switch | sw_ref | sw_med | sw_sd | sw_never | MRR_en | MRR_tgt |
|---|---|---|---|---|---|---|---|---|---|---|---|---|---|---|---|---|---|---|---|---|---|---|
| class3_repetition_1shot | jlens_en | repetition | hi | native | 1 | 132 | 1 | 1 | 1 | 29 | 0.5361 | 0.0004 | 1357.6379 | 32 | 0.5727 | 12 | en | 13 | 8.5442 | 2 | 0.213 | 0.1314 |
| class3_repetition_1shot | jlens_en | repetition | hi | roman | 1 | 226 | 1 | 1 | 1 | 28 | 0.3043 | 0.0007 | 429.3228 | 31 | 0.91 | 23 | en | 11 | 9.6195 | 0 | 0.1073 | 0.1921 |
| class3_repetition_1shot | jlens_en | repetition | ml | native | 1 | 132 | 0.9924 | 0.9924 | 1 | 28 | 0.4689 | 0.0007 | 692.8677 | 32 | 0.1808 | 11 | en | 11 | 7.7195 | 7 | 0.1949 | 0.0784 |
| class3_repetition_1shot | jlens_en | repetition | ml | roman | 1 | 240 | 1 | 1 | 1 | 27 | 0.0798 | 0.001 | 83.7854 | 31 | 0.9627 | 7 | en | 12 | 7.4829 | 0 | 0.0554 | 0.2308 |
| class3_repetition_1shot | jlens_en | repetition | ta | native | 1 | 132 | 1 | 1 | 1 | 27 | 0.4945 | 0.0005 | 902.5614 | 32 | 0.5381 | 12 | en | 12 | 7.7709 | 4 | 0.2022 | 0.1122 |
| class3_repetition_1shot | jlens_en | repetition | ta | roman | 1 | 242 | 1 | 1 | 1 | 22 | 0.0437 | 0.0005 | 89.3657 | 30 | 0.945 | 23 | en | 6 | 7.8029 | 0 | 0.0446 | 0.2332 |
| class3_repetition_1shot | jlens_indic | repetition | hi | native | 1 | 132 | 1 | 1 | 1 | 27 | 0.5606 | 0.0004 | 1419.7065 | 32 | 0.5727 | 0 | en | 0 | 5.2879 | 1 | 0.1979 | 0.1705 |
| class3_repetition_1shot | jlens_indic | repetition | hi | roman | 1 | 226 | 1 | 1 | 1 | 27 | 0.2654 | 0.0007 | 374.3784 | 32 | 0.8942 | 0 | en | 1 | 8.2189 | 0 | 0.0974 | 0.2221 |
| class3_repetition_1shot | jlens_indic | repetition | ml | native | 1 | 132 | 0.9924 | 0.9924 | 1 | 27 | 0.3996 | 0.0007 | 590.4412 | 31 | 0.2501 | 7 | en | 5 | 8.686 | 0 | 0.1674 | 0.1138 |
| class3_repetition_1shot | jlens_indic | repetition | ml | roman | 1 | 240 | 1 | 1 | 1 | 27 | 0.0779 | 0.0025 | 31.1899 | 30 | 0.9352 | 0 | en | 0 | 6.5789 | 0 | 0.054 | 0.2833 |
| class3_repetition_1shot | jlens_indic | repetition | ta | native | 1 | 132 | 1 | 1 | 1 | 27 | 0.5053 | 0.0005 | 922.1165 | 31 | 0.5648 | 0 | en | 0 | 5.6089 | 0 | 0.1799 | 0.1787 |
| class3_repetition_1shot | jlens_indic | repetition | ta | roman | 1 | 242 | 1 | 1 | 1 | 25 | 0.0465 | 0.0017 | 26.6108 | 30 | 0.9064 | 0 | en | 0 | 6.0334 | 0 | 0.044 | 0.2838 |
| class3_repetition_1shot | jlens_mixed | repetition | hi | native | 1 | 132 | 1 | 1 | 1 | 27 | 0.5305 | 0.0004 | 1343.3612 | 32 | 0.5727 | 1 | en | 0 | 7.3128 | 0 | 0.1939 | 0.1701 |
| class3_repetition_1shot | jlens_mixed | repetition | hi | roman | 1 | 226 | 1 | 1 | 1 | 27 | 0.259 | 0.0007 | 365.3938 | 32 | 0.8942 | 0 | en | 0 | 8.5227 | 0 | 0.0971 | 0.2191 |
| class3_repetition_1shot | jlens_mixed | repetition | ml | native | 1 | 132 | 0.9924 | 0.9924 | 1 | 27 | 0.4026 | 0.0007 | 594.8242 | 31 | 0.2419 | 6 | en | 5 | 8.0373 | 1 | 0.174 | 0.1149 |
| class3_repetition_1shot | jlens_mixed | repetition | ml | roman | 1 | 240 | 1 | 1 | 1 | 27 | 0.0773 | 0.0021 | 37.1101 | 30 | 0.9376 | 0 | en | 0 | 6.5834 | 0 | 0.0547 | 0.2808 |
| class3_repetition_1shot | jlens_mixed | repetition | ta | native | 1 | 132 | 1 | 1 | 1 | 27 | 0.5068 | 0.0005 | 924.9791 | 31 | 0.5382 | 0 | en | 0 | 6.5371 | 0 | 0.1829 | 0.175 |
| class3_repetition_1shot | jlens_mixed | repetition | ta | roman | 1 | 242 | 1 | 1 | 1 | 25 | 0.0446 | 0.0014 | 32.3995 | 30 | 0.9131 | 0 | en | 0 | 5.796 | 0 | 0.0446 | 0.2809 |
| class3_repetition_1shot | logit | repetition | hi | native | 1 | 132 | 1 | 1 | 1 | 27 | 0.6277 | 0.0116 | 54.2182 | 33 | 0.8824 | 31 | en | 4 | 13.7882 | 0 | 0.2089 | 0.0957 |
| class3_repetition_1shot | logit | repetition | hi | roman | 1 | 226 | 1 | 1 | 1 | 27 | 0.3516 | 0.0123 | 28.4873 | 31 | 0.9162 | 11 | en | 1 | 8.5813 | 0 | 0.1133 | 0.2522 |
| class3_repetition_1shot | logit | repetition | ml | native | 1 | 132 | 0.9924 | 0.9924 | 1 | 27 | 0.4918 | 0.0089 | 55.4524 | 33 | 0.8746 | 31 | en | 30.5 | 13.9116 | 0 | 0.1581 | 0.0551 |
| class3_repetition_1shot | logit | repetition | ml | roman | 1 | 240 | 1 | 1 | 1 | 27 | 0.0811 | 0.0144 | 5.6377 | 31 | 0.9526 | 21 | en | 4 | 9.2996 | 0 | 0.052 | 0.2944 |
| class3_repetition_1shot | logit | repetition | ta | native | 1 | 132 | 1 | 1 | 1 | 28 | 0.4971 | 0.0092 | 53.8301 | 33 | 0.8675 | 31 | en | 13 | 13.1544 | 0 | 0.1593 | 0.0751 |
| class3_repetition_1shot | logit | repetition | ta | roman | 1 | 242 | 1 | 1 | 1 | 28 | 0.0395 | 0.0127 | 3.1059 | 30 | 0.9406 | 21 | en | 4 | 9.1361 | 0 | 0.0393 | 0.2917 |

[report] figures in outputs/romanlens/gemma-3-4b-pt/class3_repetition_1shot/figures

[run] outputs/romanlens/gemma-3-4b-pt/class3_repetition_2shot
[vocab] 42/792 items collide (excluded)
[run] 0/792  repetition_hi_hi_native_book
[run] 50/792  repetition_hi_hi_native_four
[run] 100/792  repetition_hi_hi_native_square
[run] 150/792  repetition_hi_rom_hi_roman_song
[run] 200/792  repetition_hi_rom_hi_roman_seat
[run] 250/792  repetition_hi_rom_hi_roman_tower
[run] 300/792  repetition_ta_ta_native_rice
[run] 350/792  repetition_ta_ta_native_example
[run] 400/792  repetition_ta_rom_ta_roman_soil
[run] 450/792  repetition_ta_rom_ta_roman_eight
[run] 500/792  repetition_ta_rom_ta_roman_tribe
[run] 550/792  repetition_ml_ml_native_river
[run] 600/792  repetition_ml_ml_native_machine
[run] 650/792  repetition_ml_ml_native_section
[run] 700/792  repetition_ml_rom_ml_roman_flower
[run] 750/792  repetition_ml_rom_ml_roman_delete

[gate] kept 750/792
   lang script    n    sub exact  tok1
     hi native  132  1.000 1.000 1.000
     hi  roman  113  1.000 1.000 1.000
     ml native  132  0.992 0.992 1.000
     ml  roman  120  1.000 1.000 1.000
     ta native  132  1.000 1.000 1.000
     ta  roman  121  1.000 1.000 1.000
[report] class3_repetition_2shot  lenses=['jlens_en', 'jlens_indic', 'jlens_mixed', 'logit']
  outputs/romanlens/gemma-3-4b-pt/class3_repetition_2shot/figures/accuracy.png
  outputs/romanlens/gemma-3-4b-pt/class3_repetition_2shot/figures/curves__repetition__jlens_en.png
  outputs/romanlens/gemma-3-4b-pt/class3_repetition_2shot/figures/ranks__repetition__jlens_en.png
  outputs/romanlens/gemma-3-4b-pt/class3_repetition_2shot/figures/scripts__repetition.png
  outputs/romanlens/gemma-3-4b-pt/class3_repetition_2shot/figures/switch__repetition__jlens_en.png
  outputs/romanlens/gemma-3-4b-pt/class3_repetition_2shot/figures/curves__repetition__jlens_indic.png
  outputs/romanlens/gemma-3-4b-pt/class3_repetition_2shot/figures/ranks__repetition__jlens_indic.png
  outputs/romanlens/gemma-3-4b-pt/class3_repetition_2shot/figures/scripts__repetition.png
  outputs/romanlens/gemma-3-4b-pt/class3_repetition_2shot/figures/switch__repetition__jlens_indic.png
  outputs/romanlens/gemma-3-4b-pt/class3_repetition_2shot/figures/curves__repetition__jlens_mixed.png
  outputs/romanlens/gemma-3-4b-pt/class3_repetition_2shot/figures/ranks__repetition__jlens_mixed.png
  outputs/romanlens/gemma-3-4b-pt/class3_repetition_2shot/figures/scripts__repetition.png
  outputs/romanlens/gemma-3-4b-pt/class3_repetition_2shot/figures/switch__repetition__jlens_mixed.png
  outputs/romanlens/gemma-3-4b-pt/class3_repetition_2shot/figures/curves__repetition__logit.png
  outputs/romanlens/gemma-3-4b-pt/class3_repetition_2shot/figures/ranks__repetition__logit.png
  outputs/romanlens/gemma-3-4b-pt/class3_repetition_2shot/figures/scripts__repetition.png
  outputs/romanlens/gemma-3-4b-pt/class3_repetition_2shot/figures/switch__repetition__logit.png
  outputs/romanlens/gemma-3-4b-pt/class3_repetition_2shot/figures/lenscmp__repetition__en.png
  outputs/romanlens/gemma-3-4b-pt/class3_repetition_2shot/figures/lenscmp__repetition__native.png
  outputs/romanlens/gemma-3-4b-pt/class3_repetition_2shot/figures/lenscmp__repetition__roman.png

| run | lens | task | lang | script | shots | n | acc | acc_exact | acc_tok1 | L_en | P_en | P_enctrl | en_ratio | L_tgt | P_tgt | L_switch | sw_ref | sw_med | sw_sd | sw_never | MRR_en | MRR_tgt |
|---|---|---|---|---|---|---|---|---|---|---|---|---|---|---|---|---|---|---|---|---|---|---|
| class3_repetition_2shot | jlens_en | repetition | hi | native | 2 | 132 | 1 | 1 | 1 | 29 | 0.6253 | 0.0003 | 2411.6982 | 32 | 0.5881 | 12 | en | 12 | 9.5344 | 4 | 0.2367 | 0.1163 |
| class3_repetition_2shot | jlens_en | repetition | hi | roman | 2 | 226 | 1 | 1 | 1 | 28 | 0.3234 | 0.001 | 335.3682 | 31 | 0.923 | 23 | en | 12 | 9.9208 | 0 | 0.1095 | 0.1919 |
| class3_repetition_2shot | jlens_en | repetition | ml | native | 2 | 132 | 0.9924 | 0.9924 | 1 | 28 | 0.4716 | 0.0005 | 988.9119 | 32 | 0.2144 | 11 | en | 11 | 7.575 | 4 | 0.1886 | 0.0845 |
| class3_repetition_2shot | jlens_en | repetition | ml | roman | 2 | 240 | 1 | 1 | 1 | 27 | 0.0512 | 0.0005 | 95.9123 | 31 | 0.9713 | 23 | en | 6 | 7.557 | 0 | 0.0483 | 0.2422 |
| class3_repetition_2shot | jlens_en | repetition | ta | native | 2 | 132 | 1 | 1 | 1 | 28 | 0.5499 | 0.0004 | 1515.4895 | 32 | 0.5478 | 13 | en | 12 | 8.2216 | 5 | 0.2126 | 0.1005 |
| class3_repetition_2shot | jlens_en | repetition | ta | roman | 2 | 242 | 1 | 1 | 1 | 22 | 0.052 | 0.0004 | 117.1238 | 31 | 0.9603 | 8 | en | 6 | 7.9989 | 0 | 0.046 | 0.2494 |
| class3_repetition_2shot | jlens_indic | repetition | hi | native | 2 | 132 | 1 | 1 | 1 | 27 | 0.6184 | 0.0003 | 2384.9858 | 32 | 0.5881 | 0 | en | 0 | 5.6832 | 1 | 0.214 | 0.1569 |
| class3_repetition_2shot | jlens_indic | repetition | hi | roman | 2 | 226 | 1 | 1 | 1 | 27 | 0.2522 | 0.001 | 261.5803 | 32 | 0.9219 | 0 | en | 1 | 8.7189 | 0 | 0.0941 | 0.2172 |
| class3_repetition_2shot | jlens_indic | repetition | ml | native | 2 | 132 | 0.9924 | 0.9924 | 1 | 27 | 0.3821 | 0.0005 | 801.2303 | 31 | 0.2892 | 7 | en | 5.5 | 8.229 | 0 | 0.1589 | 0.1209 |
| class3_repetition_2shot | jlens_indic | repetition | ml | roman | 2 | 240 | 1 | 1 | 1 | 27 | 0.0462 | 0.0015 | 30.1182 | 32 | 0.9601 | 0 | en | 0 | 6.4055 | 0 | 0.0458 | 0.2872 |
| class3_repetition_2shot | jlens_indic | repetition | ta | native | 2 | 132 | 1 | 1 | 1 | 27 | 0.5359 | 0.0004 | 1477.0776 | 31 | 0.5519 | 0 | en | 0 | 5.7516 | 0 | 0.1907 | 0.1597 |
| class3_repetition_2shot | jlens_indic | repetition | ta | roman | 2 | 242 | 1 | 1 | 1 | 27 | 0.0493 | 0.0015 | 33.0675 | 32 | 0.9591 | 0 | en | 0 | 6.2435 | 0 | 0.0436 | 0.288 |
| class3_repetition_2shot | jlens_mixed | repetition | hi | native | 2 | 132 | 1 | 1 | 1 | 27 | 0.5994 | 0.0003 | 2311.5398 | 32 | 0.5881 | 1 | en | 0 | 7.7849 | 0 | 0.2129 | 0.1556 |
| class3_repetition_2shot | jlens_mixed | repetition | hi | roman | 2 | 226 | 1 | 1 | 1 | 27 | 0.248 | 0.001 | 257.1978 | 32 | 0.9219 | 0 | en | 0 | 8.7552 | 0 | 0.0951 | 0.2154 |
| class3_repetition_2shot | jlens_mixed | repetition | ml | native | 2 | 132 | 0.9924 | 0.9924 | 1 | 27 | 0.384 | 0.0005 | 805.1729 | 31 | 0.2844 | 6 | en | 5 | 8.1743 | 1 | 0.1648 | 0.1232 |
| class3_repetition_2shot | jlens_mixed | repetition | ml | roman | 2 | 240 | 1 | 1 | 1 | 27 | 0.0459 | 0.0012 | 37.5523 | 32 | 0.9601 | 0 | en | 0 | 6.5092 | 0 | 0.0456 | 0.2837 |
| class3_repetition_2shot | jlens_mixed | repetition | ta | native | 2 | 132 | 1 | 1 | 1 | 27 | 0.5376 | 0.0004 | 1481.568 | 32 | 0.5478 | 0 | en | 0 | 6.6067 | 0 | 0.1937 | 0.1559 |
| class3_repetition_2shot | jlens_mixed | repetition | ta | roman | 2 | 242 | 1 | 1 | 1 | 27 | 0.0476 | 0.0011 | 42.8443 | 32 | 0.9591 | 0 | en | 0 | 5.8033 | 0 | 0.0444 | 0.2871 |
| class3_repetition_2shot | logit | repetition | hi | native | 2 | 132 | 1 | 1 | 1 | 27 | 0.6689 | 0.0129 | 51.993 | 33 | 0.9135 | 31 | en | 4 | 13.4863 | 0 | 0.216 | 0.0893 |
| class3_repetition_2shot | logit | repetition | hi | roman | 2 | 226 | 1 | 1 | 1 | 28 | 0.3534 | 0.0117 | 30.323 | 32 | 0.9219 | 3 | en | 1 | 8.5427 | 0 | 0.1032 | 0.242 |
| class3_repetition_2shot | logit | repetition | ml | native | 2 | 132 | 0.9924 | 0.9924 | 1 | 27 | 0.4732 | 0.0083 | 56.8048 | 33 | 0.9425 | 31 | en | 30 | 13.8614 | 0 | 0.1416 | 0.0578 |
| class3_repetition_2shot | logit | repetition | ml | roman | 2 | 240 | 1 | 1 | 1 | 27 | 0.0512 | 0.0134 | 3.8176 | 32 | 0.9601 | 21 | en | 3.5 | 9.028 | 0 | 0.0374 | 0.2867 |
| class3_repetition_2shot | logit | repetition | ta | native | 2 | 132 | 1 | 1 | 1 | 28 | 0.5543 | 0.0093 | 59.3873 | 33 | 0.913 | 31 | en | 13 | 14.0158 | 0 | 0.1686 | 0.0742 |
| class3_repetition_2shot | logit | repetition | ta | roman | 2 | 242 | 1 | 1 | 1 | 28 | 0.0484 | 0.011 | 4.3946 | 32 | 0.9591 | 21 | en | 4 | 8.7149 | 0 | 0.0357 | 0.2891 |

[report] figures in outputs/romanlens/gemma-3-4b-pt/class3_repetition_2shot/figures

[run] outputs/romanlens/gemma-3-4b-pt/class3_repetition_3shot
[vocab] 42/792 items collide (excluded)
[run] 0/792  repetition_hi_hi_native_book
[run] 50/792  repetition_hi_hi_native_four
[run] 100/792  repetition_hi_hi_native_square
[run] 150/792  repetition_hi_rom_hi_roman_song
[run] 200/792  repetition_hi_rom_hi_roman_seat
[run] 250/792  repetition_hi_rom_hi_roman_tower
[run] 300/792  repetition_ta_ta_native_rice
[run] 350/792  repetition_ta_ta_native_example
[run] 400/792  repetition_ta_rom_ta_roman_soil
[run] 450/792  repetition_ta_rom_ta_roman_eight
[run] 500/792  repetition_ta_rom_ta_roman_tribe
[run] 550/792  repetition_ml_ml_native_river
[run] 600/792  repetition_ml_ml_native_machine
[run] 650/792  repetition_ml_ml_native_section
[run] 700/792  repetition_ml_rom_ml_roman_flower
[run] 750/792  repetition_ml_rom_ml_roman_delete

[gate] kept 750/792
   lang script    n    sub exact  tok1
     hi native  132  1.000 1.000 1.000
     hi  roman  113  1.000 1.000 1.000
     ml native  132  0.992 0.992 1.000
     ml  roman  120  1.000 1.000 1.000
     ta native  132  1.000 1.000 1.000
     ta  roman  121  1.000 1.000 1.000
[report] class3_repetition_3shot  lenses=['jlens_en', 'jlens_indic', 'jlens_mixed', 'logit']
  outputs/romanlens/gemma-3-4b-pt/class3_repetition_3shot/figures/accuracy.png
  outputs/romanlens/gemma-3-4b-pt/class3_repetition_3shot/figures/curves__repetition__jlens_en.png
  outputs/romanlens/gemma-3-4b-pt/class3_repetition_3shot/figures/ranks__repetition__jlens_en.png
  outputs/romanlens/gemma-3-4b-pt/class3_repetition_3shot/figures/scripts__repetition.png
  outputs/romanlens/gemma-3-4b-pt/class3_repetition_3shot/figures/switch__repetition__jlens_en.png
  outputs/romanlens/gemma-3-4b-pt/class3_repetition_3shot/figures/curves__repetition__jlens_indic.png
  outputs/romanlens/gemma-3-4b-pt/class3_repetition_3shot/figures/ranks__repetition__jlens_indic.png
  outputs/romanlens/gemma-3-4b-pt/class3_repetition_3shot/figures/scripts__repetition.png
  outputs/romanlens/gemma-3-4b-pt/class3_repetition_3shot/figures/switch__repetition__jlens_indic.png
  outputs/romanlens/gemma-3-4b-pt/class3_repetition_3shot/figures/curves__repetition__jlens_mixed.png
  outputs/romanlens/gemma-3-4b-pt/class3_repetition_3shot/figures/ranks__repetition__jlens_mixed.png
  outputs/romanlens/gemma-3-4b-pt/class3_repetition_3shot/figures/scripts__repetition.png
  outputs/romanlens/gemma-3-4b-pt/class3_repetition_3shot/figures/switch__repetition__jlens_mixed.png
  outputs/romanlens/gemma-3-4b-pt/class3_repetition_3shot/figures/curves__repetition__logit.png
  outputs/romanlens/gemma-3-4b-pt/class3_repetition_3shot/figures/ranks__repetition__logit.png
  outputs/romanlens/gemma-3-4b-pt/class3_repetition_3shot/figures/scripts__repetition.png
  outputs/romanlens/gemma-3-4b-pt/class3_repetition_3shot/figures/switch__repetition__logit.png
  outputs/romanlens/gemma-3-4b-pt/class3_repetition_3shot/figures/lenscmp__repetition__en.png
  outputs/romanlens/gemma-3-4b-pt/class3_repetition_3shot/figures/lenscmp__repetition__native.png
  outputs/romanlens/gemma-3-4b-pt/class3_repetition_3shot/figures/lenscmp__repetition__roman.png

| run | lens | task | lang | script | shots | n | acc | acc_exact | acc_tok1 | L_en | P_en | P_enctrl | en_ratio | L_tgt | P_tgt | L_switch | sw_ref | sw_med | sw_sd | sw_never | MRR_en | MRR_tgt |
|---|---|---|---|---|---|---|---|---|---|---|---|---|---|---|---|---|---|---|---|---|---|---|
| class3_repetition_3shot | jlens_en | repetition | hi | native | 3 | 132 | 1 | 1 | 1 | 29 | 0.6402 | 0.0002 | 2994.5276 | 32 | 0.5937 | 12 | en | 12 | 9.6313 | 5 | 0.2417 | 0.1101 |
| class3_repetition_3shot | jlens_en | repetition | hi | roman | 3 | 226 | 1 | 1 | 1 | 28 | 0.2889 | 0.0004 | 822.2512 | 32 | 0.954 | 23 | en | 12 | 9.5728 | 0 | 0.0988 | 0.2133 |
| class3_repetition_3shot | jlens_en | repetition | ml | native | 3 | 132 | 0.9924 | 0.9924 | 1 | 28 | 0.451 | 0.0004 | 1086.6703 | 32 | 0.2467 | 12 | en | 12 | 7.587 | 3 | 0.177 | 0.094 |
| class3_repetition_3shot | jlens_en | repetition | ml | roman | 3 | 240 | 1 | 1 | 1 | 27 | 0.0399 | 0.0003 | 134.8582 | 31 | 0.9818 | 9 | en | 12 | 7.661 | 0 | 0.0484 | 0.2544 |
| class3_repetition_3shot | jlens_en | repetition | ta | native | 3 | 132 | 1 | 1 | 1 | 28 | 0.5715 | 0.0003 | 1644.1068 | 32 | 0.571 | 13 | en | 12.5 | 8.3388 | 2 | 0.2146 | 0.1015 |
| class3_repetition_3shot | jlens_en | repetition | ta | roman | 3 | 242 | 1 | 1 | 1 | 27 | 0.0524 | 0.0005 | 111.0031 | 32 | 0.975 | 8 | en | 6 | 8.0035 | 0 | 0.0473 | 0.2587 |
| class3_repetition_3shot | jlens_indic | repetition | hi | native | 3 | 132 | 1 | 1 | 1 | 27 | 0.6218 | 0.0002 | 2908.4495 | 32 | 0.5937 | 0 | en | 0 | 5.934 | 1 | 0.217 | 0.1508 |
| class3_repetition_3shot | jlens_indic | repetition | hi | roman | 3 | 226 | 1 | 1 | 1 | 27 | 0.2143 | 0.0007 | 327.809 | 32 | 0.954 | 0 | en | 1 | 8.5729 | 0 | 0.0831 | 0.2426 |
| class3_repetition_3shot | jlens_indic | repetition | ml | native | 3 | 132 | 0.9924 | 0.9924 | 1 | 27 | 0.3507 | 0.0004 | 844.9664 | 31 | 0.3231 | 7 | en | 5.5 | 8.351 | 0 | 0.1453 | 0.1363 |
| class3_repetition_3shot | jlens_indic | repetition | ml | roman | 3 | 240 | 1 | 1 | 1 | 27 | 0.0342 | 0.0009 | 38.6073 | 32 | 0.9783 | 0 | en | 0 | 6.5362 | 0 | 0.0442 | 0.2899 |
| class3_repetition_3shot | jlens_indic | repetition | ta | native | 3 | 132 | 1 | 1 | 1 | 27 | 0.5415 | 0.0003 | 1557.847 | 31 | 0.5768 | 0 | en | 0 | 5.1997 | 0 | 0.1898 | 0.1615 |
| class3_repetition_3shot | jlens_indic | repetition | ta | roman | 3 | 242 | 1 | 1 | 1 | 27 | 0.0488 | 0.0012 | 40.9727 | 32 | 0.975 | 0 | en | 0 | 6.3056 | 0 | 0.0437 | 0.2947 |
| class3_repetition_3shot | jlens_mixed | repetition | hi | native | 3 | 132 | 1 | 1 | 1 | 27 | 0.6061 | 0.0002 | 2834.9001 | 32 | 0.5937 | 1 | en | 0 | 8.3104 | 0 | 0.2172 | 0.1476 |
| class3_repetition_3shot | jlens_mixed | repetition | hi | roman | 3 | 226 | 1 | 1 | 1 | 27 | 0.2145 | 0.0005 | 429.0695 | 32 | 0.954 | 0 | en | 0 | 8.6423 | 0 | 0.0842 | 0.2401 |
| class3_repetition_3shot | jlens_mixed | repetition | ml | native | 3 | 132 | 0.9924 | 0.9924 | 1 | 28 | 0.3534 | 0.0004 | 851.6025 | 31 | 0.3203 | 6 | en | 5 | 8.2855 | 0 | 0.1515 | 0.1388 |
| class3_repetition_3shot | jlens_mixed | repetition | ml | roman | 3 | 240 | 1 | 1 | 1 | 27 | 0.0337 | 0.0007 | 51.1037 | 32 | 0.9783 | 0 | en | 0 | 6.8366 | 0 | 0.0453 | 0.2865 |
| class3_repetition_3shot | jlens_mixed | repetition | ta | native | 3 | 132 | 1 | 1 | 1 | 27 | 0.5449 | 0.0003 | 1567.7131 | 32 | 0.571 | 0 | en | 0 | 6.8375 | 0 | 0.1947 | 0.1562 |
| class3_repetition_3shot | jlens_mixed | repetition | ta | roman | 3 | 242 | 1 | 1 | 1 | 27 | 0.047 | 0.0009 | 53.884 | 32 | 0.975 | 0 | en | 0 | 5.9685 | 0 | 0.0439 | 0.2941 |
| class3_repetition_3shot | logit | repetition | hi | native | 3 | 132 | 1 | 1 | 1 | 27 | 0.6777 | 0.012 | 56.5708 | 33 | 0.9219 | 31 | en | 4 | 13.6621 | 0 | 0.22 | 0.0872 |
| class3_repetition_3shot | logit | repetition | hi | roman | 3 | 226 | 1 | 1 | 1 | 28 | 0.3036 | 0.0113 | 26.8523 | 32 | 0.954 | 3 | en | 1 | 8.0879 | 0 | 0.0867 | 0.2591 |
| class3_repetition_3shot | logit | repetition | ml | native | 3 | 132 | 0.9924 | 0.9924 | 1 | 27 | 0.4316 | 0.0079 | 54.67 | 33 | 0.97 | 31 | en | 30 | 13.7142 | 0 | 0.1302 | 0.061 |
| class3_repetition_3shot | logit | repetition | ml | roman | 3 | 240 | 1 | 1 | 1 | 28 | 0.0382 | 0.0125 | 3.0495 | 32 | 0.9783 | 21 | en | 4 | 9.0848 | 0 | 0.0374 | 0.2884 |
| class3_repetition_3shot | logit | repetition | ta | native | 3 | 132 | 1 | 1 | 1 | 28 | 0.5637 | 0.0096 | 59.0084 | 33 | 0.9436 | 31 | en | 11 | 14.1938 | 0 | 0.1687 | 0.0752 |
| class3_repetition_3shot | logit | repetition | ta | roman | 3 | 242 | 1 | 1 | 1 | 28 | 0.0506 | 0.0107 | 4.7384 | 32 | 0.975 | 21 | en | 4 | 8.416 | 0 | 0.0343 | 0.2921 |

[report] figures in outputs/romanlens/gemma-3-4b-pt/class3_repetition_3shot/figures

[run] outputs/romanlens/gemma-3-4b-pt/class3_repetition_4shot
[vocab] 42/792 items collide (excluded)
[run] 0/792  repetition_hi_hi_native_book
[run] 50/792  repetition_hi_hi_native_four
[run] 100/792  repetition_hi_hi_native_square
[run] 150/792  repetition_hi_rom_hi_roman_song
[run] 200/792  repetition_hi_rom_hi_roman_seat
[run] 250/792  repetition_hi_rom_hi_roman_tower
[run] 300/792  repetition_ta_ta_native_rice
[run] 350/792  repetition_ta_ta_native_example
[run] 400/792  repetition_ta_rom_ta_roman_soil
[run] 450/792  repetition_ta_rom_ta_roman_eight
[run] 500/792  repetition_ta_rom_ta_roman_tribe
[run] 550/792  repetition_ml_ml_native_river
[run] 600/792  repetition_ml_ml_native_machine
[run] 650/792  repetition_ml_ml_native_section
[run] 700/792  repetition_ml_rom_ml_roman_flower
[run] 750/792  repetition_ml_rom_ml_roman_delete

[gate] kept 750/792
   lang script    n    sub exact  tok1
     hi native  132  1.000 1.000 1.000
     hi  roman  113  1.000 1.000 1.000
     ml native  132  0.992 0.992 1.000
     ml  roman  120  1.000 1.000 1.000
     ta native  132  1.000 1.000 1.000
     ta  roman  121  1.000 1.000 1.000
[report] class3_repetition_4shot  lenses=['jlens_en', 'jlens_indic', 'jlens_mixed', 'logit']
  outputs/romanlens/gemma-3-4b-pt/class3_repetition_4shot/figures/accuracy.png
  outputs/romanlens/gemma-3-4b-pt/class3_repetition_4shot/figures/curves__repetition__jlens_en.png
  outputs/romanlens/gemma-3-4b-pt/class3_repetition_4shot/figures/ranks__repetition__jlens_en.png
  outputs/romanlens/gemma-3-4b-pt/class3_repetition_4shot/figures/scripts__repetition.png
  outputs/romanlens/gemma-3-4b-pt/class3_repetition_4shot/figures/switch__repetition__jlens_en.png
  outputs/romanlens/gemma-3-4b-pt/class3_repetition_4shot/figures/curves__repetition__jlens_indic.png
  outputs/romanlens/gemma-3-4b-pt/class3_repetition_4shot/figures/ranks__repetition__jlens_indic.png
  outputs/romanlens/gemma-3-4b-pt/class3_repetition_4shot/figures/scripts__repetition.png
  outputs/romanlens/gemma-3-4b-pt/class3_repetition_4shot/figures/switch__repetition__jlens_indic.png
  outputs/romanlens/gemma-3-4b-pt/class3_repetition_4shot/figures/curves__repetition__jlens_mixed.png
  outputs/romanlens/gemma-3-4b-pt/class3_repetition_4shot/figures/ranks__repetition__jlens_mixed.png
  outputs/romanlens/gemma-3-4b-pt/class3_repetition_4shot/figures/scripts__repetition.png
  outputs/romanlens/gemma-3-4b-pt/class3_repetition_4shot/figures/switch__repetition__jlens_mixed.png
  outputs/romanlens/gemma-3-4b-pt/class3_repetition_4shot/figures/curves__repetition__logit.png
  outputs/romanlens/gemma-3-4b-pt/class3_repetition_4shot/figures/ranks__repetition__logit.png
  outputs/romanlens/gemma-3-4b-pt/class3_repetition_4shot/figures/scripts__repetition.png
  outputs/romanlens/gemma-3-4b-pt/class3_repetition_4shot/figures/switch__repetition__logit.png
  outputs/romanlens/gemma-3-4b-pt/class3_repetition_4shot/figures/lenscmp__repetition__en.png
  outputs/romanlens/gemma-3-4b-pt/class3_repetition_4shot/figures/lenscmp__repetition__native.png
  outputs/romanlens/gemma-3-4b-pt/class3_repetition_4shot/figures/lenscmp__repetition__roman.png

| run | lens | task | lang | script | shots | n | acc | acc_exact | acc_tok1 | L_en | P_en | P_enctrl | en_ratio | L_tgt | P_tgt | L_switch | sw_ref | sw_med | sw_sd | sw_never | MRR_en | MRR_tgt |
|---|---|---|---|---|---|---|---|---|---|---|---|---|---|---|---|---|---|---|---|---|---|---|
| class3_repetition_4shot | jlens_en | repetition | hi | native | 4 | 132 | 1 | 1 | 1 | 29 | 0.6241 | 0.0002 | 3611.407 | 32 | 0.6474 | 12 | en | 12 | 9.5096 | 4 | 0.2393 | 0.1185 |
| class3_repetition_4shot | jlens_en | repetition | hi | roman | 4 | 226 | 1 | 1 | 1 | 28 | 0.2517 | 0.0002 | 1381.4069 | 32 | 0.9644 | 23 | en | 11 | 8.9497 | 0 | 0.0897 | 0.2229 |
| class3_repetition_4shot | jlens_en | repetition | ml | native | 4 | 132 | 0.9924 | 0.9924 | 1 | 28 | 0.4426 | 0.0004 | 1231.5099 | 32 | 0.2576 | 12 | en | 12 | 7.5975 | 1 | 0.1733 | 0.0991 |
| class3_repetition_4shot | jlens_en | repetition | ml | roman | 4 | 240 | 1 | 1 | 1 | 27 | 0.0319 | 0.0002 | 160.7212 | 32 | 0.9873 | 8 | en | 12 | 7.5503 | 0 | 0.0437 | 0.2631 |
| class3_repetition_4shot | jlens_en | repetition | ta | native | 4 | 132 | 1 | 1 | 1 | 28 | 0.5697 | 0.0003 | 1895.2976 | 32 | 0.5582 | 13 | en | 12 | 8.7197 | 3 | 0.2152 | 0.1025 |
| class3_repetition_4shot | jlens_en | repetition | ta | roman | 4 | 242 | 1 | 1 | 1 | 22 | 0.0441 | 0.0004 | 107.2058 | 32 | 0.9788 | 8 | en | 6 | 8.0307 | 0 | 0.0443 | 0.2603 |
| class3_repetition_4shot | jlens_indic | repetition | hi | native | 4 | 132 | 1 | 1 | 1 | 27 | 0.6078 | 0.0002 | 3516.8206 | 32 | 0.6474 | 0 | en | 0 | 6.3454 | 0 | 0.2111 | 0.1618 |
| class3_repetition_4shot | jlens_indic | repetition | hi | roman | 4 | 226 | 1 | 1 | 1 | 27 | 0.1702 | 0.0006 | 287.5464 | 32 | 0.9644 | 0 | en | 1 | 8.5066 | 0 | 0.0741 | 0.2552 |
| class3_repetition_4shot | jlens_indic | repetition | ml | native | 4 | 132 | 0.9924 | 0.9924 | 1 | 27 | 0.3388 | 0.0004 | 942.6258 | 31 | 0.3393 | 7 | en | 6 | 8.5136 | 0 | 0.1386 | 0.1434 |
| class3_repetition_4shot | jlens_indic | repetition | ml | roman | 4 | 240 | 1 | 1 | 1 | 27 | 0.0249 | 0.0007 | 33.3791 | 32 | 0.9873 | 0 | en | 0 | 6.5209 | 0 | 0.0404 | 0.2956 |
| class3_repetition_4shot | jlens_indic | repetition | ta | native | 4 | 132 | 1 | 1 | 1 | 27 | 0.5408 | 0.0003 | 1799.0648 | 31 | 0.5671 | 0 | en | 0 | 4.8476 | 0 | 0.1889 | 0.1569 |
| class3_repetition_4shot | jlens_indic | repetition | ta | roman | 4 | 242 | 1 | 1 | 1 | 25 | 0.0423 | 0.001 | 42.1817 | 32 | 0.9788 | 0 | en | 0 | 6.1698 | 0 | 0.0418 | 0.2946 |
| class3_repetition_4shot | jlens_mixed | repetition | hi | native | 4 | 132 | 1 | 1 | 1 | 27 | 0.5911 | 0.0002 | 3420.4004 | 32 | 0.6474 | 2 | en | 0 | 7.5403 | 0 | 0.2118 | 0.1595 |
| class3_repetition_4shot | jlens_mixed | repetition | hi | roman | 4 | 226 | 1 | 1 | 1 | 27 | 0.1734 | 0.0005 | 379.262 | 32 | 0.9644 | 0 | en | 0 | 8.8352 | 0 | 0.0747 | 0.2535 |
| class3_repetition_4shot | jlens_mixed | repetition | ml | native | 4 | 132 | 0.9924 | 0.9924 | 1 | 28 | 0.3436 | 0.0004 | 956.0939 | 31 | 0.3378 | 6 | en | 5 | 8.0819 | 0 | 0.1443 | 0.1457 |
| class3_repetition_4shot | jlens_mixed | repetition | ml | roman | 4 | 240 | 1 | 1 | 1 | 27 | 0.0248 | 0.0005 | 45.8063 | 32 | 0.9873 | 0 | en | 0 | 6.8581 | 0 | 0.0407 | 0.2941 |
| class3_repetition_4shot | jlens_mixed | repetition | ta | native | 4 | 132 | 1 | 1 | 1 | 27 | 0.5444 | 0.0003 | 1811.1152 | 32 | 0.5582 | 0 | en | 0 | 6.9237 | 0 | 0.1933 | 0.1528 |
| class3_repetition_4shot | jlens_mixed | repetition | ta | roman | 4 | 242 | 1 | 1 | 1 | 25 | 0.0395 | 0.0007 | 55.0354 | 32 | 0.9788 | 0 | en | 0 | 5.897 | 0 | 0.0418 | 0.2944 |
| class3_repetition_4shot | logit | repetition | hi | native | 4 | 132 | 1 | 1 | 1 | 27 | 0.6686 | 0.0126 | 53.2473 | 33 | 0.9479 | 31 | en | 4 | 13.5681 | 0 | 0.2124 | 0.091 |
| class3_repetition_4shot | logit | repetition | hi | roman | 4 | 226 | 1 | 1 | 1 | 28 | 0.2639 | 0.0119 | 22.2026 | 32 | 0.9644 | 3 | en | 1 | 8.1315 | 0 | 0.0762 | 0.2668 |
| class3_repetition_4shot | logit | repetition | ml | native | 4 | 132 | 0.9924 | 0.9924 | 1 | 27 | 0.4093 | 0.0084 | 48.6636 | 33 | 0.979 | 31 | en | 30 | 13.6653 | 0 | 0.1234 | 0.0627 |
| class3_repetition_4shot | logit | repetition | ml | roman | 4 | 240 | 1 | 1 | 1 | 28 | 0.0302 | 0.0127 | 2.3712 | 33 | 0.9881 | 21 | en | 4 | 9.1267 | 0 | 0.0316 | 0.2948 |
| class3_repetition_4shot | logit | repetition | ta | native | 4 | 132 | 1 | 1 | 1 | 28 | 0.5708 | 0.0092 | 61.9025 | 33 | 0.9576 | 31 | en | 11 | 14.2146 | 0 | 0.1689 | 0.0759 |
| class3_repetition_4shot | logit | repetition | ta | roman | 4 | 242 | 1 | 1 | 1 | 28 | 0.0458 | 0.0105 | 4.3571 | 32 | 0.9788 | 21 | en | 4 | 8.5203 | 0 | 0.031 | 0.2924 |

[report] figures in outputs/romanlens/gemma-3-4b-pt/class3_repetition_4shot/figures

[run] outputs/romanlens/gemma-3-4b-pt/class4_lang_swap
[vocab] 84/1494 items collide (excluded)
[run] 0/1494  swap_fr_hitoml_native_cloud
[run] 50/1494  swap_fr_tatohi_native_star
[run] 100/1494  swap_fr_mltota_native_song
[run] 150/1494  swap_fr_hitoml_native_source
[run] 200/1494  swap_fr_tatohi_native_net
[run] 250/1494  swap_fr_mltota_native_one
[run] 300/1494  swap_fr_hitoml_native_ten
[run] 350/1494  swap_fr_tatohi_native_word
[run] 400/1494  swap_fr_mltota_native_position
[run] 450/1494  swap_fr_hitoml_native_tie
[run] 500/1494  swap_fr_tatohi_native_platform
[run] 550/1494  swap_fr_mltota_native_south
[run] 600/1494  swap_fr_hitoml_native_tail
[run] 650/1494  swap_fr_tatohi_native_person
[run] 700/1494  swap_fr_mltota_native_summer
[run] 750/1494  swap_en_hitoml_native_hand
[run] 800/1494  swap_en_tatohi_native_fruit
[run] 850/1494  swap_en_mltota_native_wave
[run] 900/1494  swap_en_hitoml_native_ball
[run] 950/1494  swap_en_tatohi_native_tea
[run] 1000/1494  swap_en_mltota_native_three
[run] 1050/1494  swap_en_hitoml_native_shop
[run] 1100/1494  swap_en_tatohi_native_word
[run] 1150/1494  swap_en_mltota_native_benefit
[run] 1200/1494  swap_en_hitoml_native_school
[run] 1250/1494  swap_en_tatohi_native_group
[run] 1300/1494  swap_en_mltota_native_valley
[run] 1350/1494  swap_en_hitoml_native_ground
[run] 1400/1494  swap_en_tatohi_native_speech
[run] 1450/1494  swap_en_mltota_native_hundred

[gate] kept 1410/1494
   lang script    n    sub exact  tok1
     hi native  249  0.622 0.598 0.651
     hi  roman  211  0.104 0.100 0.180
     ml native  249  0.438 0.430 0.498
     ml  roman  225  0.044 0.044 0.071
     ta native  249  0.606 0.586 0.651
     ta  roman  227  0.035 0.022 0.101
[report] class4_lang_swap  lenses=['jlens_en', 'jlens_indic', 'jlens_mixed', 'logit']
  outputs/romanlens/gemma-3-4b-pt/class4_lang_swap/figures/accuracy.png
  outputs/romanlens/gemma-3-4b-pt/class4_lang_swap/figures/curves__lang_swap__jlens_en.png
  outputs/romanlens/gemma-3-4b-pt/class4_lang_swap/figures/ranks__lang_swap__jlens_en.png
  outputs/romanlens/gemma-3-4b-pt/class4_lang_swap/figures/scripts__lang_swap.png
  outputs/romanlens/gemma-3-4b-pt/class4_lang_swap/figures/switch__lang_swap__jlens_en.png
  outputs/romanlens/gemma-3-4b-pt/class4_lang_swap/figures/curves__lang_swap__jlens_indic.png
  outputs/romanlens/gemma-3-4b-pt/class4_lang_swap/figures/ranks__lang_swap__jlens_indic.png
  outputs/romanlens/gemma-3-4b-pt/class4_lang_swap/figures/scripts__lang_swap.png
  outputs/romanlens/gemma-3-4b-pt/class4_lang_swap/figures/switch__lang_swap__jlens_indic.png
  outputs/romanlens/gemma-3-4b-pt/class4_lang_swap/figures/curves__lang_swap__jlens_mixed.png
  outputs/romanlens/gemma-3-4b-pt/class4_lang_swap/figures/ranks__lang_swap__jlens_mixed.png
  outputs/romanlens/gemma-3-4b-pt/class4_lang_swap/figures/scripts__lang_swap.png
  outputs/romanlens/gemma-3-4b-pt/class4_lang_swap/figures/switch__lang_swap__jlens_mixed.png
  outputs/romanlens/gemma-3-4b-pt/class4_lang_swap/figures/curves__lang_swap__logit.png
  outputs/romanlens/gemma-3-4b-pt/class4_lang_swap/figures/ranks__lang_swap__logit.png
  outputs/romanlens/gemma-3-4b-pt/class4_lang_swap/figures/scripts__lang_swap.png
  outputs/romanlens/gemma-3-4b-pt/class4_lang_swap/figures/switch__lang_swap__logit.png
  outputs/romanlens/gemma-3-4b-pt/class4_lang_swap/figures/lenscmp__lang_swap__en.png
  outputs/romanlens/gemma-3-4b-pt/class4_lang_swap/figures/lenscmp__lang_swap__native.png
  outputs/romanlens/gemma-3-4b-pt/class4_lang_swap/figures/lenscmp__lang_swap__roman.png

| run | lens | task | lang | script | shots | n | acc | acc_exact | acc_tok1 | L_en | P_en | P_enctrl | en_ratio | L_tgt | P_tgt | L_switch | sw_ref | sw_med | sw_sd | sw_never | MRR_en | MRR_tgt |
|---|---|---|---|---|---|---|---|---|---|---|---|---|---|---|---|---|---|---|---|---|---|---|
| class4_lang_swap | jlens_en | lang_swap | hi | native | 4 | 249 | 0.6225 | 0.5984 | 0.6506 | 29 | 0.8027 | 0.001 | 813.6149 | 32 | 0.1313 | 11 | en | 11 | 4.6148 | 57 | 0.2982 | 0.0597 |
| class4_lang_swap | jlens_en | lang_swap | hi | roman | 4 | 422 | 0.1043 | 0.0995 | 0.1801 | 28 | 0.7831 | 0.0077 | 102.3324 | 32 | 0.1604 | 32 | en | 11 | 10.9994 | 26 | 0.2704 | 0.0542 |
| class4_lang_swap | jlens_en | lang_swap | ml | native | 4 | 249 | 0.4378 | 0.4297 | 0.498 | 29 | 0.7505 | 0.0009 | 850.9896 | 32 | 0.01 | 11 | en | 11 | 3.0447 | 61 | 0.2885 | 0.0348 |
| class4_lang_swap | jlens_en | lang_swap | ml | roman | 4 | 450 | 0.0444 | 0.0444 | 0.0711 | 29 | 0.7147 | 0.0079 | 90.2411 | 32 | 0.0711 | -1 | en | 11 | 9.8778 | 39 | 0.2586 | 0.0449 |
| class4_lang_swap | jlens_en | lang_swap | ta | native | 4 | 498 | 0.6064 | 0.5863 | 0.6506 | 26 | 0.7638 | 0.0008 | 904.0745 | 32 | 0.0996 | 11 | en | 11 | 4.7102 | 52 | 0.2914 | 0.0468 |
| class4_lang_swap | jlens_en | lang_swap | ta | roman | 4 | 681 | 0.0352 | 0.022 | 0.1013 | 26 | 0.6572 | 0.009 | 73.2093 | 32 | 0.0592 | 32 | en | 11 | 10.9085 | 28 | 0.2423 | 0.0476 |
| class4_lang_swap | jlens_indic | lang_swap | hi | native | 4 | 249 | 0.6225 | 0.5984 | 0.6506 | 27 | 0.8078 | 0.001 | 818.7919 | 32 | 0.1313 | 0 | en | 0 | 3.9695 | 3 | 0.2929 | 0.0605 |
| class4_lang_swap | jlens_indic | lang_swap | hi | roman | 4 | 422 | 0.1043 | 0.0995 | 0.1801 | 26 | 0.7455 | 0.0077 | 97.4198 | 32 | 0.1604 | 0 | en | 0 | 7.9544 | 9 | 0.257 | 0.0564 |
| class4_lang_swap | jlens_indic | lang_swap | ml | native | 4 | 249 | 0.4378 | 0.4297 | 0.498 | 27 | 0.6399 | 0.0009 | 725.571 | 32 | 0.01 | 10 | en | 4 | 5.3886 | 35 | 0.2682 | 0.0351 |
| class4_lang_swap | jlens_indic | lang_swap | ml | roman | 4 | 450 | 0.0444 | 0.0444 | 0.0711 | 26 | 0.6481 | 0.0079 | 81.8319 | 32 | 0.0711 | 0 | en | 0 | 5.8186 | 14 | 0.2442 | 0.0495 |
| class4_lang_swap | jlens_indic | lang_swap | ta | native | 4 | 498 | 0.6064 | 0.5863 | 0.6506 | 26 | 0.8073 | 0.0008 | 955.6331 | 32 | 0.0996 | 0 | en | 0 | 2.4066 | 3 | 0.2855 | 0.0536 |
| class4_lang_swap | jlens_indic | lang_swap | ta | roman | 4 | 681 | 0.0352 | 0.022 | 0.1013 | 26 | 0.7077 | 0.009 | 78.8266 | 32 | 0.0592 | 0 | en | 0 | 6.8111 | 5 | 0.2297 | 0.0521 |
| class4_lang_swap | jlens_mixed | lang_swap | hi | native | 4 | 249 | 0.6225 | 0.5984 | 0.6506 | 27 | 0.7927 | 0.001 | 803.4623 | 32 | 0.1313 | 2 | en | 0 | 4.7355 | 10 | 0.2908 | 0.0606 |
| class4_lang_swap | jlens_mixed | lang_swap | hi | roman | 4 | 422 | 0.1043 | 0.0995 | 0.1801 | 27 | 0.7399 | 0.0077 | 96.6893 | 32 | 0.1604 | 0 | en | 0 | 8.6518 | 9 | 0.2589 | 0.056 |
| class4_lang_swap | jlens_mixed | lang_swap | ml | native | 4 | 249 | 0.4378 | 0.4297 | 0.498 | 27 | 0.6545 | 0.0009 | 742.1373 | 32 | 0.01 | 8 | en | 4 | 5.5448 | 33 | 0.28 | 0.0353 |
| class4_lang_swap | jlens_mixed | lang_swap | ml | roman | 4 | 450 | 0.0444 | 0.0444 | 0.0711 | 26 | 0.6587 | 0.0079 | 83.1677 | 32 | 0.0711 | 0 | en | 0 | 6.1544 | 17 | 0.2555 | 0.0492 |
| class4_lang_swap | jlens_mixed | lang_swap | ta | native | 4 | 498 | 0.6064 | 0.5863 | 0.6506 | 26 | 0.8134 | 0.0008 | 962.7946 | 32 | 0.0996 | 0 | en | 0 | 3.1477 | 10 | 0.2944 | 0.0526 |
| class4_lang_swap | jlens_mixed | lang_swap | ta | roman | 4 | 681 | 0.0352 | 0.022 | 0.1013 | 26 | 0.7195 | 0.009 | 80.1499 | 32 | 0.0592 | 0 | en | 0 | 7.1146 | 5 | 0.2408 | 0.0518 |
| class4_lang_swap | logit | lang_swap | hi | native | 4 | 249 | 0.6225 | 0.5984 | 0.6506 | 26 | 0.8406 | 0.011 | 76.2824 | 33 | 0.4589 | 33 | en | 2.5 | 13.0338 | 1 | 0.3043 | 0.0491 |
| class4_lang_swap | logit | lang_swap | hi | roman | 4 | 422 | 0.1043 | 0.0995 | 0.1801 | 26 | 0.7943 | 0.011 | 72.3417 | 32 | 0.1604 | 2 | en | 0 | 7.7006 | 5 | 0.3066 | 0.067 |
| class4_lang_swap | logit | lang_swap | ml | native | 4 | 249 | 0.4378 | 0.4297 | 0.498 | 26 | 0.8215 | 0.0131 | 62.9501 | 33 | 0.2488 | 33 | en | 33 | 14.9735 | 3 | 0.2957 | 0.0231 |
| class4_lang_swap | logit | lang_swap | ml | roman | 4 | 450 | 0.0444 | 0.0444 | 0.0711 | 26 | 0.7401 | 0.0174 | 42.618 | 32 | 0.0711 | -1 | en | 2 | 9.2948 | 15 | 0.2825 | 0.0601 |
| class4_lang_swap | logit | lang_swap | ta | native | 4 | 498 | 0.6064 | 0.5863 | 0.6506 | 26 | 0.8465 | 0.0128 | 66.2249 | 33 | 0.384 | 33 | en | 12 | 13.3338 | 3 | 0.3017 | 0.0395 |
| class4_lang_swap | logit | lang_swap | ta | roman | 4 | 681 | 0.0352 | 0.022 | 0.1013 | 26 | 0.7109 | 0.0144 | 49.4777 | 32 | 0.0592 | 32 | en | 4 | 7.1441 | 18 | 0.2698 | 0.0752 |

[report] figures in outputs/romanlens/gemma-3-4b-pt/class4_lang_swap/figures

[run] outputs/romanlens/gemma-3-4b-pt/class5_gibberish
[vocab] 0/90 items collide (excluded)
[run] 0/90  gibberish_hi_0
[run] 50/90  gibberish_ta_20

[gate] kept 90/90
   lang script    n    sub exact  tok1
     hi native   30  0.000 0.000 0.000
     ml native   30  0.000 0.000 0.033
     ta native   30  0.000 0.000 0.000
[report] class5_gibberish  lenses=['jlens_en', 'jlens_indic', 'jlens_mixed', 'logit']
  outputs/romanlens/gemma-3-4b-pt/class5_gibberish/figures/accuracy.png
  outputs/romanlens/gemma-3-4b-pt/class5_gibberish/figures/curves__gibberish__jlens_en.png
  outputs/romanlens/gemma-3-4b-pt/class5_gibberish/figures/ranks__gibberish__jlens_en.png
  outputs/romanlens/gemma-3-4b-pt/class5_gibberish/figures/scripts__gibberish.png
  outputs/romanlens/gemma-3-4b-pt/class5_gibberish/figures/switch__gibberish__jlens_en.png
  outputs/romanlens/gemma-3-4b-pt/class5_gibberish/figures/curves__gibberish__jlens_indic.png
  outputs/romanlens/gemma-3-4b-pt/class5_gibberish/figures/ranks__gibberish__jlens_indic.png
  outputs/romanlens/gemma-3-4b-pt/class5_gibberish/figures/scripts__gibberish.png
  outputs/romanlens/gemma-3-4b-pt/class5_gibberish/figures/switch__gibberish__jlens_indic.png
  outputs/romanlens/gemma-3-4b-pt/class5_gibberish/figures/curves__gibberish__jlens_mixed.png
  outputs/romanlens/gemma-3-4b-pt/class5_gibberish/figures/ranks__gibberish__jlens_mixed.png
  outputs/romanlens/gemma-3-4b-pt/class5_gibberish/figures/scripts__gibberish.png
  outputs/romanlens/gemma-3-4b-pt/class5_gibberish/figures/switch__gibberish__jlens_mixed.png
  outputs/romanlens/gemma-3-4b-pt/class5_gibberish/figures/curves__gibberish__logit.png
  outputs/romanlens/gemma-3-4b-pt/class5_gibberish/figures/ranks__gibberish__logit.png
  outputs/romanlens/gemma-3-4b-pt/class5_gibberish/figures/scripts__gibberish.png
  outputs/romanlens/gemma-3-4b-pt/class5_gibberish/figures/switch__gibberish__logit.png
  outputs/romanlens/gemma-3-4b-pt/class5_gibberish/figures/lenscmp__gibberish__native.png

| run | lens | task | lang | script | shots | n | acc | acc_exact | acc_tok1 | P_enctrl | L_tgt | P_tgt | L_switch | sw_ref | sw_med | sw_sd | sw_never | MRR_tgt |
|---|---|---|---|---|---|---|---|---|---|---|---|---|---|---|---|---|---|---|
| class5_gibberish | jlens_en | gibberish | hi | native | 0 | 30 | 0 | 0 | 0 | 0.0011 | 26 | 0.0049 | 26 | script | 24 | 6.4443 | 15 | 0.032 |
| class5_gibberish | jlens_en | gibberish | ml | native | 0 | 30 | 0 | 0 | 0.0333 | 0.0069 | 26 | 0.0003 | -1 | script |  |  | 30 | 0.03 |
| class5_gibberish | jlens_en | gibberish | ta | native | 0 | 30 | 0 | 0 | 0 | 0.0016 | 24 | 0.0044 | 32 | script | 32 | 2.0207 | 7 | 0.033 |
| class5_gibberish | jlens_indic | gibberish | hi | native | 0 | 30 | 0 | 0 | 0 | 0.0008 | 31 | 0.0008 | -1 | script | 29 | 7.4253 | 21 | 0.0313 |
| class5_gibberish | jlens_indic | gibberish | ml | native | 0 | 30 | 0 | 0 | 0.0333 | 0.0047 | 30 | 0.0003 | -1 | script |  |  | 30 | 0.0303 |
| class5_gibberish | jlens_indic | gibberish | ta | native | 0 | 30 | 0 | 0 | 0 | 0.0021 | 24 | 0.0343 | 32 | script | 29 | 3.0368 | 6 | 0.0366 |
| class5_gibberish | jlens_mixed | gibberish | hi | native | 0 | 30 | 0 | 0 | 0 | 0.0009 | 31 | 0.0006 | -1 | script | 29 | 2.2315 | 23 | 0.0312 |
| class5_gibberish | jlens_mixed | gibberish | ml | native | 0 | 30 | 0 | 0 | 0.0333 | 0.004 | 29 | 0.0003 | -1 | script | 24 | 10.8423 | 27 | 0.0305 |
| class5_gibberish | jlens_mixed | gibberish | ta | native | 0 | 30 | 0 | 0 | 0 | 0.0024 | 24 | 0.0085 | 32 | script | 26 | 3.2402 | 7 | 0.0353 |
| class5_gibberish | logit | gibberish | hi | native | 0 | 30 | 0 | 0 | 0 | 0.0014 | 33 | 0.0013 | 5 | script | 5 | 6.9365 | 0 | 0.002 |
| class5_gibberish | logit | gibberish | ml | native | 0 | 30 | 0 | 0 | 0.0333 | 0.0049 | 33 | 0.025 | 33 | script | 33 | 0 | 7 | 0.0026 |
| class5_gibberish | logit | gibberish | ta | native | 0 | 30 | 0 | 0 | 0 | 0.0054 | 33 | 0.0097 | 32 | script | 32 | 0.423 | 0 | 0.0023 |

[report] figures in outputs/romanlens/gemma-3-4b-pt/class5_gibberish/figures

[run] outputs/romanlens/gemma-3-4b-pt/class6_roman_to_roman_1shot
[vocab] 42/396 items collide (excluded)
[run] 0/396  r2r_hitota_hi_rom_ta_roman_book
[run] 50/396  r2r_hitota_hi_rom_ta_roman_four
[run] 100/396  r2r_hitota_hi_rom_ta_roman_square
[run] 150/396  r2r_tatoml_ta_rom_ml_roman_song
[run] 200/396  r2r_tatoml_ta_rom_ml_roman_seat
[run] 250/396  r2r_tatoml_ta_rom_ml_roman_tower
[run] 300/396  r2r_mltohi_ml_rom_hi_roman_rice
[run] 350/396  r2r_mltohi_ml_rom_hi_roman_example

[gate] kept 354/396
   lang script    n    sub exact  tok1
     hi  roman  113  0.142 0.115 0.168
     ml  roman  120  0.167 0.117 0.225
     ta  roman  121  0.017 0.017 0.066
[report] class6_roman_to_roman_1shot  lenses=['jlens_en', 'jlens_indic', 'jlens_mixed', 'logit']
  outputs/romanlens/gemma-3-4b-pt/class6_roman_to_roman_1shot/figures/accuracy.png
  outputs/romanlens/gemma-3-4b-pt/class6_roman_to_roman_1shot/figures/curves__translation_r2r__jlens_en.png
  outputs/romanlens/gemma-3-4b-pt/class6_roman_to_roman_1shot/figures/ranks__translation_r2r__jlens_en.png
  outputs/romanlens/gemma-3-4b-pt/class6_roman_to_roman_1shot/figures/scripts__translation_r2r.png
  outputs/romanlens/gemma-3-4b-pt/class6_roman_to_roman_1shot/figures/switch__translation_r2r__jlens_en.png
  outputs/romanlens/gemma-3-4b-pt/class6_roman_to_roman_1shot/figures/curves__translation_r2r__jlens_indic.png
  outputs/romanlens/gemma-3-4b-pt/class6_roman_to_roman_1shot/figures/ranks__translation_r2r__jlens_indic.png
  outputs/romanlens/gemma-3-4b-pt/class6_roman_to_roman_1shot/figures/scripts__translation_r2r.png
  outputs/romanlens/gemma-3-4b-pt/class6_roman_to_roman_1shot/figures/switch__translation_r2r__jlens_indic.png
  outputs/romanlens/gemma-3-4b-pt/class6_roman_to_roman_1shot/figures/curves__translation_r2r__jlens_mixed.png
  outputs/romanlens/gemma-3-4b-pt/class6_roman_to_roman_1shot/figures/ranks__translation_r2r__jlens_mixed.png
  outputs/romanlens/gemma-3-4b-pt/class6_roman_to_roman_1shot/figures/scripts__translation_r2r.png
  outputs/romanlens/gemma-3-4b-pt/class6_roman_to_roman_1shot/figures/switch__translation_r2r__jlens_mixed.png
  outputs/romanlens/gemma-3-4b-pt/class6_roman_to_roman_1shot/figures/curves__translation_r2r__logit.png
  outputs/romanlens/gemma-3-4b-pt/class6_roman_to_roman_1shot/figures/ranks__translation_r2r__logit.png
  outputs/romanlens/gemma-3-4b-pt/class6_roman_to_roman_1shot/figures/scripts__translation_r2r.png
  outputs/romanlens/gemma-3-4b-pt/class6_roman_to_roman_1shot/figures/switch__translation_r2r__logit.png
  outputs/romanlens/gemma-3-4b-pt/class6_roman_to_roman_1shot/figures/lenscmp__translation_r2r__en.png
  outputs/romanlens/gemma-3-4b-pt/class6_roman_to_roman_1shot/figures/lenscmp__translation_r2r__roman.png

| run | lens | task | lang | script | shots | n | acc | acc_exact | acc_tok1 | L_en | P_en | P_enctrl | en_ratio | L_tgt | P_tgt | L_switch | sw_ref | sw_med | sw_sd | sw_never | MRR_en | MRR_tgt |
|---|---|---|---|---|---|---|---|---|---|---|---|---|---|---|---|---|---|---|---|---|---|---|
| class6_roman_to_roman_1shot | jlens_en | translation_r2r | hi | roman | 1 | 226 | 0.1416 | 0.115 | 0.1681 | 28 | 0.2353 | 0.0069 | 33.9837 | 32 | 0.1843 | 25 | en | 11 | 9.8391 | 3 | 0.1002 | 0.0601 |
| class6_roman_to_roman_1shot | jlens_en | translation_r2r | ml | roman | 1 | 240 | 0.1667 | 0.1167 | 0.225 | 27 | 0.0806 | 0.0033 | 24.4572 | 32 | 0.2404 | 7 | en | 11 | 7.3061 | 2 | 0.0559 | 0.0882 |
| class6_roman_to_roman_1shot | jlens_en | translation_r2r | ta | roman | 1 | 242 | 0.0165 | 0.0165 | 0.0661 | 27 | 0.2649 | 0.0076 | 34.6649 | 32 | 0.0621 | 27 | en | 11 | 9.6173 | 8 | 0.1148 | 0.0489 |
| class6_roman_to_roman_1shot | jlens_indic | translation_r2r | hi | roman | 1 | 226 | 0.1416 | 0.115 | 0.1681 | 26 | 0.2057 | 0.0069 | 29.7062 | 32 | 0.1843 | 0 | en | 1 | 8.2236 | 0 | 0.092 | 0.0621 |
| class6_roman_to_roman_1shot | jlens_indic | translation_r2r | ml | roman | 1 | 240 | 0.1667 | 0.1167 | 0.225 | 26 | 0.0809 | 0.0033 | 24.5473 | 32 | 0.2404 | 0 | en | 0 | 5.8692 | 1 | 0.0592 | 0.1082 |
| class6_roman_to_roman_1shot | jlens_indic | translation_r2r | ta | roman | 1 | 242 | 0.0165 | 0.0165 | 0.0661 | 27 | 0.2689 | 0.0076 | 35.1855 | 32 | 0.0621 | 0 | en | 0 | 5.7441 | 3 | 0.1124 | 0.0591 |
| class6_roman_to_roman_1shot | jlens_mixed | translation_r2r | hi | roman | 1 | 226 | 0.1416 | 0.115 | 0.1681 | 27 | 0.2018 | 0.0069 | 29.1521 | 32 | 0.1843 | 0 | en | 0 | 8.7194 | 0 | 0.0919 | 0.0624 |
| class6_roman_to_roman_1shot | jlens_mixed | translation_r2r | ml | roman | 1 | 240 | 0.1667 | 0.1167 | 0.225 | 26 | 0.0778 | 0.0033 | 23.6191 | 32 | 0.2404 | 0 | en | 0 | 6.0923 | 1 | 0.0581 | 0.1066 |
| class6_roman_to_roman_1shot | jlens_mixed | translation_r2r | ta | roman | 1 | 242 | 0.0165 | 0.0165 | 0.0661 | 27 | 0.2774 | 0.0076 | 36.3025 | 32 | 0.0621 | 0 | en | 0 | 5.6833 | 1 | 0.1149 | 0.0569 |
| class6_roman_to_roman_1shot | logit | translation_r2r | hi | roman | 1 | 226 | 0.1416 | 0.115 | 0.1681 | 26 | 0.2466 | 0.0111 | 22.2913 | 32 | 0.1843 | 10 | en | 0 | 8.6942 | 2 | 0.121 | 0.0906 |
| class6_roman_to_roman_1shot | logit | translation_r2r | ml | roman | 1 | 240 | 0.1667 | 0.1167 | 0.225 | 26 | 0.1032 | 0.0121 | 8.5303 | 32 | 0.2404 | 16 | en | 3 | 9.1414 | 4 | 0.0792 | 0.1623 |
| class6_roman_to_roman_1shot | logit | translation_r2r | ta | roman | 1 | 242 | 0.0165 | 0.0165 | 0.0661 | 27 | 0.2666 | 0.0127 | 20.9731 | 32 | 0.0621 | 30 | en | 4 | 8.5991 | 10 | 0.1312 | 0.1008 |

[report] figures in outputs/romanlens/gemma-3-4b-pt/class6_roman_to_roman_1shot/figures

[run] outputs/romanlens/gemma-3-4b-pt/class6_roman_to_roman_2shot
[vocab] 42/396 items collide (excluded)
[run] 0/396  r2r_hitota_hi_rom_ta_roman_book
[run] 50/396  r2r_hitota_hi_rom_ta_roman_four
[run] 100/396  r2r_hitota_hi_rom_ta_roman_square
[run] 150/396  r2r_tatoml_ta_rom_ml_roman_song
[run] 200/396  r2r_tatoml_ta_rom_ml_roman_seat
[run] 250/396  r2r_tatoml_ta_rom_ml_roman_tower
[run] 300/396  r2r_mltohi_ml_rom_hi_roman_rice
[run] 350/396  r2r_mltohi_ml_rom_hi_roman_example

[gate] kept 354/396
   lang script    n    sub exact  tok1
     hi  roman  113  0.124 0.115 0.168
     ml  roman  120  0.158 0.117 0.233
     ta  roman  121  0.025 0.025 0.074
[report] class6_roman_to_roman_2shot  lenses=['jlens_en', 'jlens_indic', 'jlens_mixed', 'logit']
  outputs/romanlens/gemma-3-4b-pt/class6_roman_to_roman_2shot/figures/accuracy.png
  outputs/romanlens/gemma-3-4b-pt/class6_roman_to_roman_2shot/figures/curves__translation_r2r__jlens_en.png
  outputs/romanlens/gemma-3-4b-pt/class6_roman_to_roman_2shot/figures/ranks__translation_r2r__jlens_en.png
  outputs/romanlens/gemma-3-4b-pt/class6_roman_to_roman_2shot/figures/scripts__translation_r2r.png
  outputs/romanlens/gemma-3-4b-pt/class6_roman_to_roman_2shot/figures/switch__translation_r2r__jlens_en.png
  outputs/romanlens/gemma-3-4b-pt/class6_roman_to_roman_2shot/figures/curves__translation_r2r__jlens_indic.png
  outputs/romanlens/gemma-3-4b-pt/class6_roman_to_roman_2shot/figures/ranks__translation_r2r__jlens_indic.png
  outputs/romanlens/gemma-3-4b-pt/class6_roman_to_roman_2shot/figures/scripts__translation_r2r.png
  outputs/romanlens/gemma-3-4b-pt/class6_roman_to_roman_2shot/figures/switch__translation_r2r__jlens_indic.png
  outputs/romanlens/gemma-3-4b-pt/class6_roman_to_roman_2shot/figures/curves__translation_r2r__jlens_mixed.png
  outputs/romanlens/gemma-3-4b-pt/class6_roman_to_roman_2shot/figures/ranks__translation_r2r__jlens_mixed.png
  outputs/romanlens/gemma-3-4b-pt/class6_roman_to_roman_2shot/figures/scripts__translation_r2r.png
  outputs/romanlens/gemma-3-4b-pt/class6_roman_to_roman_2shot/figures/switch__translation_r2r__jlens_mixed.png
  outputs/romanlens/gemma-3-4b-pt/class6_roman_to_roman_2shot/figures/curves__translation_r2r__logit.png
  outputs/romanlens/gemma-3-4b-pt/class6_roman_to_roman_2shot/figures/ranks__translation_r2r__logit.png
  outputs/romanlens/gemma-3-4b-pt/class6_roman_to_roman_2shot/figures/scripts__translation_r2r.png
  outputs/romanlens/gemma-3-4b-pt/class6_roman_to_roman_2shot/figures/switch__translation_r2r__logit.png
  outputs/romanlens/gemma-3-4b-pt/class6_roman_to_roman_2shot/figures/lenscmp__translation_r2r__en.png
  outputs/romanlens/gemma-3-4b-pt/class6_roman_to_roman_2shot/figures/lenscmp__translation_r2r__roman.png

| run | lens | task | lang | script | shots | n | acc | acc_exact | acc_tok1 | L_en | P_en | P_enctrl | en_ratio | L_tgt | P_tgt | L_switch | sw_ref | sw_med | sw_sd | sw_never | MRR_en | MRR_tgt |
|---|---|---|---|---|---|---|---|---|---|---|---|---|---|---|---|---|---|---|---|---|---|---|
| class6_roman_to_roman_2shot | jlens_en | translation_r2r | hi | roman | 2 | 226 | 0.1239 | 0.115 | 0.1681 | 29 | 0.2471 | 0.0087 | 28.3726 | 32 | 0.1274 | 25 | en | 11 | 10.2417 | 1 | 0.1052 | 0.0562 |
| class6_roman_to_roman_2shot | jlens_en | translation_r2r | ml | roman | 2 | 240 | 0.1583 | 0.1167 | 0.2333 | 26 | 0.0571 | 0.0032 | 17.9498 | 32 | 0.2599 | 8 | en | 11 | 7.6221 | 1 | 0.0502 | 0.0918 |
| class6_roman_to_roman_2shot | jlens_en | translation_r2r | ta | roman | 2 | 242 | 0.0248 | 0.0248 | 0.0744 | 27 | 0.254 | 0.0097 | 26.0944 | 32 | 0.0601 | 27 | en | 11 | 9.4909 | 7 | 0.1102 | 0.0527 |
| class6_roman_to_roman_2shot | jlens_indic | translation_r2r | hi | roman | 2 | 226 | 0.1239 | 0.115 | 0.1681 | 29 | 0.2136 | 0.0087 | 24.5218 | 32 | 0.1274 | 0 | en | 1 | 8.28 | 0 | 0.0958 | 0.0598 |
| class6_roman_to_roman_2shot | jlens_indic | translation_r2r | ml | roman | 2 | 240 | 0.1583 | 0.1167 | 0.2333 | 26 | 0.0621 | 0.0032 | 19.5287 | 32 | 0.2599 | 0 | en | 0 | 6.3016 | 2 | 0.0524 | 0.1117 |
| class6_roman_to_roman_2shot | jlens_indic | translation_r2r | ta | roman | 2 | 242 | 0.0248 | 0.0248 | 0.0744 | 27 | 0.2489 | 0.0097 | 25.5766 | 32 | 0.0601 | 0 | en | 0 | 5.1768 | 4 | 0.1094 | 0.0638 |
| class6_roman_to_roman_2shot | jlens_mixed | translation_r2r | hi | roman | 2 | 226 | 0.1239 | 0.115 | 0.1681 | 29 | 0.218 | 0.0087 | 25.0331 | 32 | 0.1274 | 0 | en | 0 | 8.9288 | 1 | 0.0974 | 0.0594 |
| class6_roman_to_roman_2shot | jlens_mixed | translation_r2r | ml | roman | 2 | 240 | 0.1583 | 0.1167 | 0.2333 | 26 | 0.0576 | 0.0032 | 18.0899 | 32 | 0.2599 | 0 | en | 0 | 6.7249 | 1 | 0.052 | 0.1104 |
| class6_roman_to_roman_2shot | jlens_mixed | translation_r2r | ta | roman | 2 | 242 | 0.0248 | 0.0248 | 0.0744 | 27 | 0.258 | 0.0097 | 26.5101 | 32 | 0.0601 | 0 | en | 0 | 5.2145 | 2 | 0.1137 | 0.0616 |
| class6_roman_to_roman_2shot | logit | translation_r2r | hi | roman | 2 | 226 | 0.1239 | 0.115 | 0.1681 | 29 | 0.2606 | 0.0128 | 20.2888 | 32 | 0.1274 | 3 | en | 0.5 | 8.4147 | 1 | 0.1154 | 0.0826 |
| class6_roman_to_roman_2shot | logit | translation_r2r | ml | roman | 2 | 240 | 0.1583 | 0.1167 | 0.2333 | 26 | 0.0858 | 0.0127 | 6.7592 | 32 | 0.2599 | 21 | en | 4 | 8.8668 | 2 | 0.0722 | 0.17 |
| class6_roman_to_roman_2shot | logit | translation_r2r | ta | roman | 2 | 242 | 0.0248 | 0.0248 | 0.0744 | 27 | 0.2529 | 0.0131 | 19.3156 | 32 | 0.0601 | 29 | en | 4 | 8.5067 | 4 | 0.1261 | 0.1082 |

[report] figures in outputs/romanlens/gemma-3-4b-pt/class6_roman_to_roman_2shot/figures

[run] outputs/romanlens/gemma-3-4b-pt/class6_roman_to_roman_3shot
[vocab] 42/396 items collide (excluded)
[run] 0/396  r2r_hitota_hi_rom_ta_roman_book
[run] 50/396  r2r_hitota_hi_rom_ta_roman_four
[run] 100/396  r2r_hitota_hi_rom_ta_roman_square
[run] 150/396  r2r_tatoml_ta_rom_ml_roman_song
[run] 200/396  r2r_tatoml_ta_rom_ml_roman_seat
[run] 250/396  r2r_tatoml_ta_rom_ml_roman_tower
[run] 300/396  r2r_mltohi_ml_rom_hi_roman_rice
[run] 350/396  r2r_mltohi_ml_rom_hi_roman_example

[gate] kept 354/396
   lang script    n    sub exact  tok1
     hi  roman  113  0.097 0.088 0.142
     ml  roman  120  0.167 0.125 0.225
     ta  roman  121  0.041 0.041 0.074
[report] class6_roman_to_roman_3shot  lenses=['jlens_en', 'jlens_indic', 'jlens_mixed', 'logit']
  outputs/romanlens/gemma-3-4b-pt/class6_roman_to_roman_3shot/figures/accuracy.png
  outputs/romanlens/gemma-3-4b-pt/class6_roman_to_roman_3shot/figures/curves__translation_r2r__jlens_en.png
  outputs/romanlens/gemma-3-4b-pt/class6_roman_to_roman_3shot/figures/ranks__translation_r2r__jlens_en.png
  outputs/romanlens/gemma-3-4b-pt/class6_roman_to_roman_3shot/figures/scripts__translation_r2r.png
  outputs/romanlens/gemma-3-4b-pt/class6_roman_to_roman_3shot/figures/switch__translation_r2r__jlens_en.png
  outputs/romanlens/gemma-3-4b-pt/class6_roman_to_roman_3shot/figures/curves__translation_r2r__jlens_indic.png
  outputs/romanlens/gemma-3-4b-pt/class6_roman_to_roman_3shot/figures/ranks__translation_r2r__jlens_indic.png
  outputs/romanlens/gemma-3-4b-pt/class6_roman_to_roman_3shot/figures/scripts__translation_r2r.png
  outputs/romanlens/gemma-3-4b-pt/class6_roman_to_roman_3shot/figures/switch__translation_r2r__jlens_indic.png
  outputs/romanlens/gemma-3-4b-pt/class6_roman_to_roman_3shot/figures/curves__translation_r2r__jlens_mixed.png
  outputs/romanlens/gemma-3-4b-pt/class6_roman_to_roman_3shot/figures/ranks__translation_r2r__jlens_mixed.png
  outputs/romanlens/gemma-3-4b-pt/class6_roman_to_roman_3shot/figures/scripts__translation_r2r.png
  outputs/romanlens/gemma-3-4b-pt/class6_roman_to_roman_3shot/figures/switch__translation_r2r__jlens_mixed.png
  outputs/romanlens/gemma-3-4b-pt/class6_roman_to_roman_3shot/figures/curves__translation_r2r__logit.png
  outputs/romanlens/gemma-3-4b-pt/class6_roman_to_roman_3shot/figures/ranks__translation_r2r__logit.png
  outputs/romanlens/gemma-3-4b-pt/class6_roman_to_roman_3shot/figures/scripts__translation_r2r.png
  outputs/romanlens/gemma-3-4b-pt/class6_roman_to_roman_3shot/figures/switch__translation_r2r__logit.png
  outputs/romanlens/gemma-3-4b-pt/class6_roman_to_roman_3shot/figures/lenscmp__translation_r2r__en.png
  outputs/romanlens/gemma-3-4b-pt/class6_roman_to_roman_3shot/figures/lenscmp__translation_r2r__roman.png

| run | lens | task | lang | script | shots | n | acc | acc_exact | acc_tok1 | L_en | P_en | P_enctrl | en_ratio | L_tgt | P_tgt | L_switch | sw_ref | sw_med | sw_sd | sw_never | MRR_en | MRR_tgt |
|---|---|---|---|---|---|---|---|---|---|---|---|---|---|---|---|---|---|---|---|---|---|---|
| class6_roman_to_roman_3shot | jlens_en | translation_r2r | hi | roman | 3 | 226 | 0.0973 | 0.0885 | 0.1416 | 29 | 0.2461 | 0.0087 | 28.1575 | 32 | 0.1145 | 26 | en | 11 | 10.0862 | 3 | 0.1071 | 0.0553 |
| class6_roman_to_roman_3shot | jlens_en | translation_r2r | ml | roman | 3 | 240 | 0.1667 | 0.125 | 0.225 | 27 | 0.0883 | 0.0072 | 12.1925 | 30 | 0.1961 | 8 | en | 11 | 7.3346 | 2 | 0.0639 | 0.0877 |
| class6_roman_to_roman_3shot | jlens_en | translation_r2r | ta | roman | 3 | 242 | 0.0413 | 0.0413 | 0.0744 | 27 | 0.2754 | 0.0109 | 25.3394 | 32 | 0.0622 | 27 | en | 11 | 9.4256 | 8 | 0.118 | 0.0543 |
| class6_roman_to_roman_3shot | jlens_indic | translation_r2r | hi | roman | 3 | 226 | 0.0973 | 0.0885 | 0.1416 | 27 | 0.2139 | 0.0087 | 24.4755 | 32 | 0.1145 | 0 | en | 0 | 8.551 | 1 | 0.0991 | 0.0589 |
| class6_roman_to_roman_3shot | jlens_indic | translation_r2r | ml | roman | 3 | 240 | 0.1667 | 0.125 | 0.225 | 26 | 0.0871 | 0.0072 | 12.0196 | 32 | 0.1943 | 0 | en | 0 | 6.388 | 1 | 0.0666 | 0.106 |
| class6_roman_to_roman_3shot | jlens_indic | translation_r2r | ta | roman | 3 | 242 | 0.0413 | 0.0413 | 0.0744 | 27 | 0.269 | 0.0109 | 24.7495 | 32 | 0.0622 | 0 | en | 0 | 5.842 | 2 | 0.117 | 0.0671 |
| class6_roman_to_roman_3shot | jlens_mixed | translation_r2r | hi | roman | 3 | 226 | 0.0973 | 0.0885 | 0.1416 | 29 | 0.2184 | 0.0087 | 24.9864 | 32 | 0.1145 | 0 | en | 0 | 8.9794 | 2 | 0.1002 | 0.0587 |
| class6_roman_to_roman_3shot | jlens_mixed | translation_r2r | ml | roman | 3 | 240 | 0.1667 | 0.125 | 0.225 | 26 | 0.0837 | 0.0072 | 11.5578 | 32 | 0.1943 | 0 | en | 0 | 6.9888 | 2 | 0.066 | 0.1046 |
| class6_roman_to_roman_3shot | jlens_mixed | translation_r2r | ta | roman | 3 | 242 | 0.0413 | 0.0413 | 0.0744 | 27 | 0.2774 | 0.0109 | 25.5241 | 32 | 0.0622 | 0 | en | 0 | 5.7532 | 1 | 0.1201 | 0.0646 |
| class6_roman_to_roman_3shot | logit | translation_r2r | hi | roman | 3 | 226 | 0.0973 | 0.0885 | 0.1416 | 29 | 0.2587 | 0.0134 | 19.2797 | 32 | 0.1145 | 3 | en | 0 | 8.6779 | 1 | 0.1174 | 0.0836 |
| class6_roman_to_roman_3shot | logit | translation_r2r | ml | roman | 3 | 240 | 0.1667 | 0.125 | 0.225 | 26 | 0.1047 | 0.0132 | 7.9516 | 32 | 0.1943 | 21 | en | 3 | 9.0904 | 2 | 0.0883 | 0.1691 |
| class6_roman_to_roman_3shot | logit | translation_r2r | ta | roman | 3 | 242 | 0.0413 | 0.0413 | 0.0744 | 27 | 0.2655 | 0.0131 | 20.3467 | 32 | 0.0622 | 14 | en | 4 | 8.6243 | 3 | 0.1329 | 0.1099 |

[report] figures in outputs/romanlens/gemma-3-4b-pt/class6_roman_to_roman_3shot/figures

[run] outputs/romanlens/gemma-3-4b-pt/class6_roman_to_roman_4shot
[vocab] 42/396 items collide (excluded)
[run] 0/396  r2r_hitota_hi_rom_ta_roman_book
[run] 50/396  r2r_hitota_hi_rom_ta_roman_four
[run] 100/396  r2r_hitota_hi_rom_ta_roman_square
[run] 150/396  r2r_tatoml_ta_rom_ml_roman_song
[run] 200/396  r2r_tatoml_ta_rom_ml_roman_seat
[run] 250/396  r2r_tatoml_ta_rom_ml_roman_tower
[run] 300/396  r2r_mltohi_ml_rom_hi_roman_rice
[run] 350/396  r2r_mltohi_ml_rom_hi_roman_example

[gate] kept 354/396
   lang script    n    sub exact  tok1
     hi  roman  113  0.062 0.053 0.106
     ml  roman  120  0.167 0.133 0.258
     ta  roman  121  0.033 0.033 0.074
[report] class6_roman_to_roman_4shot  lenses=['jlens_en', 'jlens_indic', 'jlens_mixed', 'logit']
  outputs/romanlens/gemma-3-4b-pt/class6_roman_to_roman_4shot/figures/accuracy.png
  outputs/romanlens/gemma-3-4b-pt/class6_roman_to_roman_4shot/figures/curves__translation_r2r__jlens_en.png
  outputs/romanlens/gemma-3-4b-pt/class6_roman_to_roman_4shot/figures/ranks__translation_r2r__jlens_en.png
  outputs/romanlens/gemma-3-4b-pt/class6_roman_to_roman_4shot/figures/scripts__translation_r2r.png
  outputs/romanlens/gemma-3-4b-pt/class6_roman_to_roman_4shot/figures/switch__translation_r2r__jlens_en.png
  outputs/romanlens/gemma-3-4b-pt/class6_roman_to_roman_4shot/figures/curves__translation_r2r__jlens_indic.png
  outputs/romanlens/gemma-3-4b-pt/class6_roman_to_roman_4shot/figures/ranks__translation_r2r__jlens_indic.png
  outputs/romanlens/gemma-3-4b-pt/class6_roman_to_roman_4shot/figures/scripts__translation_r2r.png
  outputs/romanlens/gemma-3-4b-pt/class6_roman_to_roman_4shot/figures/switch__translation_r2r__jlens_indic.png
  outputs/romanlens/gemma-3-4b-pt/class6_roman_to_roman_4shot/figures/curves__translation_r2r__jlens_mixed.png
  outputs/romanlens/gemma-3-4b-pt/class6_roman_to_roman_4shot/figures/ranks__translation_r2r__jlens_mixed.png
  outputs/romanlens/gemma-3-4b-pt/class6_roman_to_roman_4shot/figures/scripts__translation_r2r.png
  outputs/romanlens/gemma-3-4b-pt/class6_roman_to_roman_4shot/figures/switch__translation_r2r__jlens_mixed.png
  outputs/romanlens/gemma-3-4b-pt/class6_roman_to_roman_4shot/figures/curves__translation_r2r__logit.png
  outputs/romanlens/gemma-3-4b-pt/class6_roman_to_roman_4shot/figures/ranks__translation_r2r__logit.png
  outputs/romanlens/gemma-3-4b-pt/class6_roman_to_roman_4shot/figures/scripts__translation_r2r.png
  outputs/romanlens/gemma-3-4b-pt/class6_roman_to_roman_4shot/figures/switch__translation_r2r__logit.png
  outputs/romanlens/gemma-3-4b-pt/class6_roman_to_roman_4shot/figures/lenscmp__translation_r2r__en.png
  outputs/romanlens/gemma-3-4b-pt/class6_roman_to_roman_4shot/figures/lenscmp__translation_r2r__roman.png

| run | lens | task | lang | script | shots | n | acc | acc_exact | acc_tok1 | L_en | P_en | P_enctrl | en_ratio | L_tgt | P_tgt | L_switch | sw_ref | sw_med | sw_sd | sw_never | MRR_en | MRR_tgt |
|---|---|---|---|---|---|---|---|---|---|---|---|---|---|---|---|---|---|---|---|---|---|---|
| class6_roman_to_roman_4shot | jlens_en | translation_r2r | hi | roman | 4 | 226 | 0.0619 | 0.0531 | 0.1062 | 29 | 0.2495 | 0.0084 | 29.5492 | 32 | 0.1083 | 26 | en | 11 | 10.0121 | 3 | 0.1079 | 0.0556 |
| class6_roman_to_roman_4shot | jlens_en | translation_r2r | ml | roman | 4 | 240 | 0.1667 | 0.1333 | 0.2583 | 27 | 0.0746 | 0.0042 | 17.8306 | 32 | 0.2458 | 23 | en | 11 | 7.355 | 2 | 0.0565 | 0.0951 |
| class6_roman_to_roman_4shot | jlens_en | translation_r2r | ta | roman | 4 | 242 | 0.0331 | 0.0331 | 0.0744 | 27 | 0.2591 | 0.0112 | 23.092 | 32 | 0.0597 | 27 | en | 6 | 9.6898 | 8 | 0.1127 | 0.0545 |
| class6_roman_to_roman_4shot | jlens_indic | translation_r2r | hi | roman | 4 | 226 | 0.0619 | 0.0531 | 0.1062 | 29 | 0.2142 | 0.0084 | 25.3698 | 32 | 0.1083 | 0 | en | 1 | 8.8593 | 0 | 0.1005 | 0.0587 |
| class6_roman_to_roman_4shot | jlens_indic | translation_r2r | ml | roman | 4 | 240 | 0.1667 | 0.1333 | 0.2583 | 26 | 0.0767 | 0.0042 | 18.3478 | 32 | 0.2458 | 0 | en | 0 | 6.3346 | 1 | 0.0596 | 0.1168 |
| class6_roman_to_roman_4shot | jlens_indic | translation_r2r | ta | roman | 4 | 242 | 0.0331 | 0.0331 | 0.0744 | 26 | 0.2556 | 0.0112 | 22.7733 | 32 | 0.0597 | 0 | en | 0 | 5.7243 | 3 | 0.1109 | 0.0645 |
| class6_roman_to_roman_4shot | jlens_mixed | translation_r2r | hi | roman | 4 | 226 | 0.0619 | 0.0531 | 0.1062 | 29 | 0.2184 | 0.0084 | 25.8583 | 32 | 0.1083 | 0 | en | 0 | 9.524 | 2 | 0.1018 | 0.0582 |
| class6_roman_to_roman_4shot | jlens_mixed | translation_r2r | ml | roman | 4 | 240 | 0.1667 | 0.1333 | 0.2583 | 26 | 0.0719 | 0.0042 | 17.1958 | 32 | 0.2458 | 0 | en | 0 | 7.0571 | 1 | 0.0587 | 0.1142 |
| class6_roman_to_roman_4shot | jlens_mixed | translation_r2r | ta | roman | 4 | 242 | 0.0331 | 0.0331 | 0.0744 | 27 | 0.2633 | 0.0112 | 23.4651 | 32 | 0.0597 | 0 | en | 0 | 5.1811 | 2 | 0.1149 | 0.0628 |
| class6_roman_to_roman_4shot | logit | translation_r2r | hi | roman | 4 | 226 | 0.0619 | 0.0531 | 0.1062 | 29 | 0.261 | 0.0124 | 21.0783 | 32 | 0.1083 | 3 | en | 0 | 8.332 | 1 | 0.1193 | 0.0839 |
| class6_roman_to_roman_4shot | logit | translation_r2r | ml | roman | 4 | 240 | 0.1667 | 0.1333 | 0.2583 | 26 | 0.0897 | 0.0133 | 6.7487 | 32 | 0.2458 | 17 | en | 4 | 9.0932 | 1 | 0.0744 | 0.1744 |
| class6_roman_to_roman_4shot | logit | translation_r2r | ta | roman | 4 | 242 | 0.0331 | 0.0331 | 0.0744 | 27 | 0.2554 | 0.0132 | 19.4103 | 32 | 0.0597 | 14 | en | 4 | 7.9431 | 3 | 0.1287 | 0.1094 |

[report] figures in outputs/romanlens/gemma-3-4b-pt/class6_roman_to_roman_4shot/figures

=== romanlens / gemma-3-4b-it (float32)  lenses: logit jlens_en=lenses/gemma-3-4b-it_en.pt jlens_indic=lenses/gemma-3-4b-it_indic.pt jlens_mixed=lenses/gemma-3-4b-it_mixed.pt ===
[lens] ['logit', 'jlens_en', 'jlens_indic', 'jlens_mixed']
[model] Gemma3ForConditionalGeneration -> Gemma3ForConditionalGeneration on cuda (float32)
[model] class            Gemma3ForConditionalGeneration
[model] backbone_path    model.language_model
[model] n_layers         34
[model] d_model          2560
[model] vocab_head       262208
[model] vocab_tokenizer  262145
[model] softcap          None
[model] tied             True
[vocab] indexing (once per model) ...

[run] outputs/romanlens/gemma-3-4b-it/class1_translation_1shot
[vocab] 84/1494 items collide (excluded)
[run] 0/1494  translation_fr_hi_native_cloud
[run] 50/1494  translation_fr_hi_native_ten
[run] 100/1494  translation_fr_hi_native_tail
[run] 150/1494  translation_en_hi_native_ball
[run] 200/1494  translation_en_hi_native_school
[run] 250/1494  translation_fr_hi_roman_bag
[run] 300/1494  translation_fr_hi_roman_head
[run] 350/1494  translation_fr_hi_roman_mother
[run] 400/1494  translation_en_hi_roman_painting
[run] 450/1494  translation_en_hi_roman_structure
[run] 500/1494  translation_fr_ta_native_mouth
[run] 550/1494  translation_fr_ta_native_street
[run] 600/1494  translation_fr_ta_native_east
[run] 650/1494  translation_en_ta_native_station
[run] 700/1494  translation_en_ta_native_tie
[run] 750/1494  translation_fr_ta_roman_soil
[run] 800/1494  translation_fr_ta_roman_part
[run] 850/1494  translation_fr_ta_roman_return
[run] 900/1494  translation_en_ta_roman_rice
[run] 950/1494  translation_en_ta_roman_example
[run] 1000/1494  translation_fr_ml_native_mountain
[run] 1050/1494  translation_fr_ml_native_eye
[run] 1100/1494  translation_fr_ml_native_speech
[run] 1150/1494  translation_en_ml_native_red
[run] 1200/1494  translation_en_ml_native_face
[run] 1250/1494  translation_fr_ml_roman_heart
[run] 1300/1494  translation_fr_ml_roman_field
[run] 1350/1494  translation_fr_ml_roman_child
[run] 1400/1494  translation_en_ml_roman_line
[run] 1450/1494  translation_en_ml_roman_bridge

[gate] kept 1410/1494
   lang script    n    sub exact  tok1
     hi native  249  0.627 0.614 0.655
     hi  roman  211  0.152 0.142 0.213
     ml native  249  0.313 0.305 0.406
     ml  roman  225  0.036 0.031 0.071
     ta native  249  0.743 0.723 0.775
     ta  roman  227  0.013 0.009 0.053
[report] class1_translation_1shot  lenses=['jlens_en', 'jlens_indic', 'jlens_mixed', 'logit']
  outputs/romanlens/gemma-3-4b-it/class1_translation_1shot/figures/accuracy.png
  outputs/romanlens/gemma-3-4b-it/class1_translation_1shot/figures/curves__translation__jlens_en.png
  outputs/romanlens/gemma-3-4b-it/class1_translation_1shot/figures/ranks__translation__jlens_en.png
  outputs/romanlens/gemma-3-4b-it/class1_translation_1shot/figures/scripts__translation.png
  outputs/romanlens/gemma-3-4b-it/class1_translation_1shot/figures/switch__translation__jlens_en.png
  outputs/romanlens/gemma-3-4b-it/class1_translation_1shot/figures/curves__translation__jlens_indic.png
  outputs/romanlens/gemma-3-4b-it/class1_translation_1shot/figures/ranks__translation__jlens_indic.png
  outputs/romanlens/gemma-3-4b-it/class1_translation_1shot/figures/scripts__translation.png
  outputs/romanlens/gemma-3-4b-it/class1_translation_1shot/figures/switch__translation__jlens_indic.png
  outputs/romanlens/gemma-3-4b-it/class1_translation_1shot/figures/curves__translation__jlens_mixed.png
  outputs/romanlens/gemma-3-4b-it/class1_translation_1shot/figures/ranks__translation__jlens_mixed.png
  outputs/romanlens/gemma-3-4b-it/class1_translation_1shot/figures/scripts__translation.png
  outputs/romanlens/gemma-3-4b-it/class1_translation_1shot/figures/switch__translation__jlens_mixed.png
  outputs/romanlens/gemma-3-4b-it/class1_translation_1shot/figures/curves__translation__logit.png
  outputs/romanlens/gemma-3-4b-it/class1_translation_1shot/figures/ranks__translation__logit.png
  outputs/romanlens/gemma-3-4b-it/class1_translation_1shot/figures/scripts__translation.png
  outputs/romanlens/gemma-3-4b-it/class1_translation_1shot/figures/switch__translation__logit.png
  outputs/romanlens/gemma-3-4b-it/class1_translation_1shot/figures/lenscmp__translation__en.png
  outputs/romanlens/gemma-3-4b-it/class1_translation_1shot/figures/lenscmp__translation__native.png
  outputs/romanlens/gemma-3-4b-it/class1_translation_1shot/figures/lenscmp__translation__roman.png

| run | lens | task | lang | script | shots | n | acc | acc_exact | acc_tok1 | L_en | P_en | P_enctrl | en_ratio | L_tgt | P_tgt | L_switch | sw_ref | sw_med | sw_sd | sw_never | MRR_en | MRR_tgt |
|---|---|---|---|---|---|---|---|---|---|---|---|---|---|---|---|---|---|---|---|---|---|---|
| class1_translation_1shot | jlens_en | translation | hi | native | 1 | 249 | 0.6265 | 0.6145 | 0.6546 | 29 | 0.8654 | 0.0007 | 1313.0654 | 32 | 0.3267 | 2 | en | 12 | 10.5038 | 44 | 0.2813 | 0.0671 |
| class1_translation_1shot | jlens_en | translation | hi | roman | 1 | 422 | 0.1517 | 0.1422 | 0.2133 | 28 | 0.8157 | 0.0059 | 138.4585 | 32 | 0.2936 | 32 | en | 5 | 8.9022 | 13 | 0.2468 | 0.0539 |
| class1_translation_1shot | jlens_en | translation | ml | native | 1 | 249 | 0.3133 | 0.3052 | 0.4056 | 29 | 0.7847 | 0.0005 | 1689.3644 | 32 | 0.0133 | -1 | en | 10 | 6.2718 | 82 | 0.2653 | 0.0361 |
| class1_translation_1shot | jlens_en | translation | ml | roman | 1 | 450 | 0.0356 | 0.0311 | 0.0711 | 27 | 0.679 | 0.0132 | 51.5504 | 32 | 0.1189 | 32 | en | 8 | 7.8997 | 16 | 0.2085 | 0.0479 |
| class1_translation_1shot | jlens_en | translation | ta | native | 1 | 249 | 0.743 | 0.7229 | 0.7751 | 29 | 0.8734 | 0.0003 | 3229.9746 | 32 | 0.3435 | 32 | en | 13 | 11.2129 | 41 | 0.2842 | 0.0558 |
| class1_translation_1shot | jlens_en | translation | ta | roman | 1 | 454 | 0.0132 | 0.0088 | 0.0529 | 27 | 0.6066 | 0.0063 | 95.9665 | 32 | 0.0933 | 32 | en | 5 | 9.37 | 20 | 0.1916 | 0.048 |
| class1_translation_1shot | jlens_indic | translation | hi | native | 1 | 249 | 0.6265 | 0.6145 | 0.6546 | 29 | 0.8535 | 0.0007 | 1295.0477 | 32 | 0.3267 | 0 | en | 0 | 3.9457 | 0 | 0.2742 | 0.0696 |
| class1_translation_1shot | jlens_indic | translation | hi | roman | 1 | 422 | 0.1517 | 0.1422 | 0.2133 | 27 | 0.7425 | 0.0059 | 126.0299 | 32 | 0.2936 | 1 | en | 1 | 8.2214 | 6 | 0.2311 | 0.053 |
| class1_translation_1shot | jlens_indic | translation | ml | native | 1 | 249 | 0.3133 | 0.3052 | 0.4056 | 29 | 0.664 | 0.0005 | 1429.5188 | 32 | 0.0133 | 3 | en | 3 | 4.8646 | 21 | 0.236 | 0.0367 |
| class1_translation_1shot | jlens_indic | translation | ml | roman | 1 | 450 | 0.0356 | 0.0311 | 0.0711 | 26 | 0.5729 | 0.0132 | 43.4953 | 32 | 0.1189 | 1 | en | 1 | 6.7773 | 14 | 0.189 | 0.0485 |
| class1_translation_1shot | jlens_indic | translation | ta | native | 1 | 249 | 0.743 | 0.7229 | 0.7751 | 29 | 0.8789 | 0.0003 | 3250.2053 | 32 | 0.3435 | 0 | en | 0 | 4.5126 | 2 | 0.2761 | 0.0614 |
| class1_translation_1shot | jlens_indic | translation | ta | roman | 1 | 454 | 0.0132 | 0.0088 | 0.0529 | 26 | 0.577 | 0.0063 | 91.2855 | 32 | 0.0933 | 1 | en | 1 | 7.8546 | 5 | 0.1801 | 0.0532 |
| class1_translation_1shot | jlens_mixed | translation | hi | native | 1 | 249 | 0.6265 | 0.6145 | 0.6546 | 29 | 0.8399 | 0.0007 | 1274.3275 | 32 | 0.3267 | 0 | en | 0 | 6.0412 | 1 | 0.2687 | 0.0706 |
| class1_translation_1shot | jlens_mixed | translation | hi | roman | 1 | 422 | 0.1517 | 0.1422 | 0.2133 | 27 | 0.7489 | 0.0059 | 127.1171 | 32 | 0.2936 | 0 | en | 0 | 8.7142 | 5 | 0.23 | 0.0533 |
| class1_translation_1shot | jlens_mixed | translation | ml | native | 1 | 249 | 0.3133 | 0.3052 | 0.4056 | 29 | 0.6769 | 0.0005 | 1457.3903 | 32 | 0.0133 | 6 | en | 4 | 4.7917 | 24 | 0.2428 | 0.0369 |
| class1_translation_1shot | jlens_mixed | translation | ml | roman | 1 | 450 | 0.0356 | 0.0311 | 0.0711 | 26 | 0.5866 | 0.0132 | 44.5299 | 32 | 0.1189 | 1 | en | 0 | 6.9433 | 11 | 0.198 | 0.0495 |
| class1_translation_1shot | jlens_mixed | translation | ta | native | 1 | 249 | 0.743 | 0.7229 | 0.7751 | 29 | 0.8794 | 0.0003 | 3252.3169 | 32 | 0.3435 | 0 | en | 0 | 5.9754 | 4 | 0.2808 | 0.0612 |
| class1_translation_1shot | jlens_mixed | translation | ta | roman | 1 | 454 | 0.0132 | 0.0088 | 0.0529 | 26 | 0.594 | 0.0063 | 93.9663 | 32 | 0.0933 | 1 | en | 0 | 7.8134 | 5 | 0.1889 | 0.0524 |
| class1_translation_1shot | logit | translation | hi | native | 1 | 249 | 0.6265 | 0.6145 | 0.6546 | 29 | 0.8603 | 0.0197 | 43.6126 | 33 | 0.6877 | 32 | en | 4 | 13.8039 | 0 | 0.305 | 0.0589 |
| class1_translation_1shot | logit | translation | hi | roman | 1 | 422 | 0.1517 | 0.1422 | 0.2133 | 28 | 0.8025 | 0.0166 | 48.3231 | 33 | 0.3329 | 3 | en | 0 | 9.0907 | 5 | 0.2847 | 0.0577 |
| class1_translation_1shot | logit | translation | ml | native | 1 | 249 | 0.3133 | 0.3052 | 0.4056 | 26 | 0.7923 | 0.0243 | 32.5508 | 33 | 0.4037 | 33 | en | 32 | 14.9373 | 1 | 0.2852 | 0.0209 |
| class1_translation_1shot | logit | translation | ml | roman | 1 | 450 | 0.0356 | 0.0311 | 0.0711 | 28 | 0.6592 | 0.0177 | 37.2425 | 33 | 0.128 | 32 | en | 2 | 9.6381 | 7 | 0.2407 | 0.0572 |
| class1_translation_1shot | logit | translation | ta | native | 1 | 249 | 0.743 | 0.7229 | 0.7751 | 29 | 0.869 | 0.0178 | 48.8186 | 33 | 0.7867 | 13 | en | 12 | 12.4604 | 0 | 0.2944 | 0.0495 |
| class1_translation_1shot | logit | translation | ta | roman | 1 | 454 | 0.0132 | 0.0088 | 0.0529 | 28 | 0.5859 | 0.0154 | 38.164 | 32 | 0.0933 | 32 | en | 4 | 8.8261 | 5 | 0.2152 | 0.0773 |

[report] figures in outputs/romanlens/gemma-3-4b-it/class1_translation_1shot/figures

[run] outputs/romanlens/gemma-3-4b-it/class1_translation_2shot
[vocab] 84/1494 items collide (excluded)
[run] 0/1494  translation_fr_hi_native_cloud
[run] 50/1494  translation_fr_hi_native_ten
[run] 100/1494  translation_fr_hi_native_tail
[run] 150/1494  translation_en_hi_native_ball
[run] 200/1494  translation_en_hi_native_school
[run] 250/1494  translation_fr_hi_roman_bag
[run] 300/1494  translation_fr_hi_roman_head
[run] 350/1494  translation_fr_hi_roman_mother
[run] 400/1494  translation_en_hi_roman_painting
[run] 450/1494  translation_en_hi_roman_structure
[run] 500/1494  translation_fr_ta_native_mouth
[run] 550/1494  translation_fr_ta_native_street
[run] 600/1494  translation_fr_ta_native_east
[run] 650/1494  translation_en_ta_native_station
[run] 700/1494  translation_en_ta_native_tie
[run] 750/1494  translation_fr_ta_roman_soil
[run] 800/1494  translation_fr_ta_roman_part
[run] 850/1494  translation_fr_ta_roman_return
[run] 900/1494  translation_en_ta_roman_rice
[run] 950/1494  translation_en_ta_roman_example
[run] 1000/1494  translation_fr_ml_native_mountain
[run] 1050/1494  translation_fr_ml_native_eye
[run] 1100/1494  translation_fr_ml_native_speech
[run] 1150/1494  translation_en_ml_native_red
[run] 1200/1494  translation_en_ml_native_face
[run] 1250/1494  translation_fr_ml_roman_heart
[run] 1300/1494  translation_fr_ml_roman_field
[run] 1350/1494  translation_fr_ml_roman_child
[run] 1400/1494  translation_en_ml_roman_line
[run] 1450/1494  translation_en_ml_roman_bridge

[gate] kept 1410/1494
   lang script    n    sub exact  tok1
     hi native  249  0.635 0.622 0.667
     hi  roman  211  0.166 0.152 0.223
     ml native  249  0.333 0.325 0.418
     ml  roman  225  0.031 0.022 0.076
     ta native  249  0.755 0.735 0.783
     ta  roman  227  0.018 0.004 0.075
[report] class1_translation_2shot  lenses=['jlens_en', 'jlens_indic', 'jlens_mixed', 'logit']
  outputs/romanlens/gemma-3-4b-it/class1_translation_2shot/figures/accuracy.png
  outputs/romanlens/gemma-3-4b-it/class1_translation_2shot/figures/curves__translation__jlens_en.png
  outputs/romanlens/gemma-3-4b-it/class1_translation_2shot/figures/ranks__translation__jlens_en.png
  outputs/romanlens/gemma-3-4b-it/class1_translation_2shot/figures/scripts__translation.png
  outputs/romanlens/gemma-3-4b-it/class1_translation_2shot/figures/switch__translation__jlens_en.png
  outputs/romanlens/gemma-3-4b-it/class1_translation_2shot/figures/curves__translation__jlens_indic.png
  outputs/romanlens/gemma-3-4b-it/class1_translation_2shot/figures/ranks__translation__jlens_indic.png
  outputs/romanlens/gemma-3-4b-it/class1_translation_2shot/figures/scripts__translation.png
  outputs/romanlens/gemma-3-4b-it/class1_translation_2shot/figures/switch__translation__jlens_indic.png
  outputs/romanlens/gemma-3-4b-it/class1_translation_2shot/figures/curves__translation__jlens_mixed.png
  outputs/romanlens/gemma-3-4b-it/class1_translation_2shot/figures/ranks__translation__jlens_mixed.png
  outputs/romanlens/gemma-3-4b-it/class1_translation_2shot/figures/scripts__translation.png
  outputs/romanlens/gemma-3-4b-it/class1_translation_2shot/figures/switch__translation__jlens_mixed.png
  outputs/romanlens/gemma-3-4b-it/class1_translation_2shot/figures/curves__translation__logit.png
  outputs/romanlens/gemma-3-4b-it/class1_translation_2shot/figures/ranks__translation__logit.png
  outputs/romanlens/gemma-3-4b-it/class1_translation_2shot/figures/scripts__translation.png
  outputs/romanlens/gemma-3-4b-it/class1_translation_2shot/figures/switch__translation__logit.png
  outputs/romanlens/gemma-3-4b-it/class1_translation_2shot/figures/lenscmp__translation__en.png
  outputs/romanlens/gemma-3-4b-it/class1_translation_2shot/figures/lenscmp__translation__native.png
  outputs/romanlens/gemma-3-4b-it/class1_translation_2shot/figures/lenscmp__translation__roman.png

| run | lens | task | lang | script | shots | n | acc | acc_exact | acc_tok1 | L_en | P_en | P_enctrl | en_ratio | L_tgt | P_tgt | L_switch | sw_ref | sw_med | sw_sd | sw_never | MRR_en | MRR_tgt |
|---|---|---|---|---|---|---|---|---|---|---|---|---|---|---|---|---|---|---|---|---|---|---|
| class1_translation_2shot | jlens_en | translation | hi | native | 2 | 249 | 0.6345 | 0.6225 | 0.6667 | 29 | 0.8586 | 0.0007 | 1224.5431 | 32 | 0.3282 | 32 | en | 12 | 10.7757 | 50 | 0.286 | 0.0664 |
| class1_translation_2shot | jlens_en | translation | hi | roman | 2 | 422 | 0.1659 | 0.1517 | 0.2227 | 28 | 0.8022 | 0.0096 | 83.9693 | 32 | 0.2913 | 32 | en | 5 | 9.3757 | 13 | 0.2444 | 0.0551 |
| class1_translation_2shot | jlens_en | translation | ml | native | 2 | 249 | 0.3333 | 0.3253 | 0.4177 | 29 | 0.7775 | 0.0005 | 1564.6594 | 32 | 0.0145 | -1 | en | 8 | 6.7774 | 86 | 0.2679 | 0.0363 |
| class1_translation_2shot | jlens_en | translation | ml | roman | 2 | 450 | 0.0311 | 0.0222 | 0.0756 | 27 | 0.7032 | 0.0137 | 51.2246 | 32 | 0.1242 | 32 | en | 8 | 8.0838 | 17 | 0.2181 | 0.0488 |
| class1_translation_2shot | jlens_en | translation | ta | native | 2 | 249 | 0.755 | 0.7349 | 0.7831 | 29 | 0.8651 | 0.0003 | 2799.0361 | 32 | 0.3641 | 32 | en | 13 | 11.5148 | 38 | 0.2875 | 0.0567 |
| class1_translation_2shot | jlens_en | translation | ta | roman | 2 | 454 | 0.0176 | 0.0044 | 0.0749 | 27 | 0.6092 | 0.0067 | 90.2949 | 32 | 0.0914 | 32 | en | 5 | 10.0853 | 15 | 0.193 | 0.0504 |
| class1_translation_2shot | jlens_indic | translation | hi | native | 2 | 249 | 0.6345 | 0.6225 | 0.6667 | 29 | 0.8508 | 0.0007 | 1213.4243 | 32 | 0.3282 | 0 | en | 0 | 3.9948 | 0 | 0.2768 | 0.0691 |
| class1_translation_2shot | jlens_indic | translation | hi | roman | 2 | 422 | 0.1659 | 0.1517 | 0.2227 | 27 | 0.7216 | 0.0096 | 75.5371 | 32 | 0.2913 | 1 | en | 1 | 8.3433 | 6 | 0.2293 | 0.0539 |
| class1_translation_2shot | jlens_indic | translation | ml | native | 2 | 249 | 0.3333 | 0.3253 | 0.4177 | 29 | 0.6493 | 0.0005 | 1306.5372 | 32 | 0.0145 | 3 | en | 3 | 5.4387 | 20 | 0.2363 | 0.0372 |
| class1_translation_2shot | jlens_indic | translation | ml | roman | 2 | 450 | 0.0311 | 0.0222 | 0.0756 | 26 | 0.6034 | 0.0137 | 43.9546 | 32 | 0.1242 | 1 | en | 1 | 6.5935 | 13 | 0.1988 | 0.0496 |
| class1_translation_2shot | jlens_indic | translation | ta | native | 2 | 249 | 0.755 | 0.7349 | 0.7831 | 29 | 0.8664 | 0.0003 | 2803.1211 | 32 | 0.3641 | 0 | en | 0 | 4.4467 | 2 | 0.277 | 0.0627 |
| class1_translation_2shot | jlens_indic | translation | ta | roman | 2 | 454 | 0.0176 | 0.0044 | 0.0749 | 26 | 0.5882 | 0.0067 | 87.1823 | 32 | 0.0914 | 1 | en | 1 | 8.065 | 3 | 0.1819 | 0.0557 |
| class1_translation_2shot | jlens_mixed | translation | hi | native | 2 | 249 | 0.6345 | 0.6225 | 0.6667 | 29 | 0.8352 | 0.0007 | 1191.262 | 32 | 0.3282 | 0 | en | 0 | 6.0682 | 0 | 0.2717 | 0.0698 |
| class1_translation_2shot | jlens_mixed | translation | hi | roman | 2 | 422 | 0.1659 | 0.1517 | 0.2227 | 27 | 0.7288 | 0.0096 | 76.2907 | 32 | 0.2913 | 0 | en | 0 | 8.7315 | 5 | 0.2282 | 0.0543 |
| class1_translation_2shot | jlens_mixed | translation | ml | native | 2 | 249 | 0.3333 | 0.3253 | 0.4177 | 29 | 0.6619 | 0.0005 | 1331.8811 | 32 | 0.0145 | 6 | en | 4 | 5.4878 | 23 | 0.2446 | 0.0373 |
| class1_translation_2shot | jlens_mixed | translation | ml | roman | 2 | 450 | 0.0311 | 0.0222 | 0.0756 | 26 | 0.6204 | 0.0137 | 45.1898 | 32 | 0.1242 | 3 | en | 0 | 6.517 | 11 | 0.2084 | 0.0504 |
| class1_translation_2shot | jlens_mixed | translation | ta | native | 2 | 249 | 0.755 | 0.7349 | 0.7831 | 29 | 0.8681 | 0.0003 | 2808.7788 | 32 | 0.3641 | 0 | en | 0 | 5.9426 | 4 | 0.2848 | 0.0621 |
| class1_translation_2shot | jlens_mixed | translation | ta | roman | 2 | 454 | 0.0176 | 0.0044 | 0.0749 | 26 | 0.6015 | 0.0067 | 89.1482 | 32 | 0.0914 | 3 | en | 0 | 8.2371 | 4 | 0.1926 | 0.0555 |
| class1_translation_2shot | logit | translation | hi | native | 2 | 249 | 0.6345 | 0.6225 | 0.6667 | 29 | 0.8513 | 0.0178 | 47.7345 | 33 | 0.6905 | 5 | en | 4 | 13.7201 | 0 | 0.3071 | 0.0584 |
| class1_translation_2shot | logit | translation | hi | roman | 2 | 422 | 0.1659 | 0.1517 | 0.2227 | 28 | 0.7917 | 0.0177 | 44.7372 | 33 | 0.3251 | 3 | en | 0 | 8.4316 | 5 | 0.285 | 0.0588 |
| class1_translation_2shot | logit | translation | ml | native | 2 | 249 | 0.3333 | 0.3253 | 0.4177 | 26 | 0.8067 | 0.0197 | 40.9794 | 33 | 0.4136 | 33 | en | 32 | 14.976 | 0 | 0.2918 | 0.0213 |
| class1_translation_2shot | logit | translation | ml | roman | 2 | 450 | 0.0311 | 0.0222 | 0.0756 | 26 | 0.6668 | 0.0169 | 39.4664 | 33 | 0.1428 | 32 | en | 2 | 9.2697 | 8 | 0.2474 | 0.0602 |
| class1_translation_2shot | logit | translation | ta | native | 2 | 249 | 0.755 | 0.7349 | 0.7831 | 29 | 0.8582 | 0.017 | 50.5728 | 33 | 0.7932 | 32 | en | 12 | 13.2228 | 0 | 0.2984 | 0.0506 |
| class1_translation_2shot | logit | translation | ta | roman | 2 | 454 | 0.0176 | 0.0044 | 0.0749 | 28 | 0.5884 | 0.0169 | 34.8228 | 33 | 0.0933 | 18 | en | 4 | 8.4587 | 4 | 0.2108 | 0.0844 |

[report] figures in outputs/romanlens/gemma-3-4b-it/class1_translation_2shot/figures

[run] outputs/romanlens/gemma-3-4b-it/class1_translation_3shot
[vocab] 84/1494 items collide (excluded)
[run] 0/1494  translation_fr_hi_native_cloud
[run] 50/1494  translation_fr_hi_native_ten
[run] 100/1494  translation_fr_hi_native_tail
[run] 150/1494  translation_en_hi_native_ball
[run] 200/1494  translation_en_hi_native_school
[run] 250/1494  translation_fr_hi_roman_bag
[run] 300/1494  translation_fr_hi_roman_head
[run] 350/1494  translation_fr_hi_roman_mother
[run] 400/1494  translation_en_hi_roman_painting
[run] 450/1494  translation_en_hi_roman_structure
[run] 500/1494  translation_fr_ta_native_mouth
[run] 550/1494  translation_fr_ta_native_street
[run] 600/1494  translation_fr_ta_native_east
[run] 650/1494  translation_en_ta_native_station
[run] 700/1494  translation_en_ta_native_tie
[run] 750/1494  translation_fr_ta_roman_soil
[run] 800/1494  translation_fr_ta_roman_part
[run] 850/1494  translation_fr_ta_roman_return
[run] 900/1494  translation_en_ta_roman_rice
[run] 950/1494  translation_en_ta_roman_example
[run] 1000/1494  translation_fr_ml_native_mountain
[run] 1050/1494  translation_fr_ml_native_eye
[run] 1100/1494  translation_fr_ml_native_speech
[run] 1150/1494  translation_en_ml_native_red
[run] 1200/1494  translation_en_ml_native_face
[run] 1250/1494  translation_fr_ml_roman_heart
[run] 1300/1494  translation_fr_ml_roman_field
[run] 1350/1494  translation_fr_ml_roman_child
[run] 1400/1494  translation_en_ml_roman_line
[run] 1450/1494  translation_en_ml_roman_bridge

[gate] kept 1410/1494
   lang script    n    sub exact  tok1
     hi native  249  0.639 0.631 0.679
     hi  roman  211  0.161 0.142 0.199
     ml native  249  0.329 0.321 0.414
     ml  roman  225  0.027 0.018 0.076
     ta native  249  0.751 0.731 0.775
     ta  roman  227  0.018 0.009 0.070
[report] class1_translation_3shot  lenses=['jlens_en', 'jlens_indic', 'jlens_mixed', 'logit']
  outputs/romanlens/gemma-3-4b-it/class1_translation_3shot/figures/accuracy.png
  outputs/romanlens/gemma-3-4b-it/class1_translation_3shot/figures/curves__translation__jlens_en.png
  outputs/romanlens/gemma-3-4b-it/class1_translation_3shot/figures/ranks__translation__jlens_en.png
  outputs/romanlens/gemma-3-4b-it/class1_translation_3shot/figures/scripts__translation.png
  outputs/romanlens/gemma-3-4b-it/class1_translation_3shot/figures/switch__translation__jlens_en.png
  outputs/romanlens/gemma-3-4b-it/class1_translation_3shot/figures/curves__translation__jlens_indic.png
  outputs/romanlens/gemma-3-4b-it/class1_translation_3shot/figures/ranks__translation__jlens_indic.png
  outputs/romanlens/gemma-3-4b-it/class1_translation_3shot/figures/scripts__translation.png
  outputs/romanlens/gemma-3-4b-it/class1_translation_3shot/figures/switch__translation__jlens_indic.png
  outputs/romanlens/gemma-3-4b-it/class1_translation_3shot/figures/curves__translation__jlens_mixed.png
  outputs/romanlens/gemma-3-4b-it/class1_translation_3shot/figures/ranks__translation__jlens_mixed.png
  outputs/romanlens/gemma-3-4b-it/class1_translation_3shot/figures/scripts__translation.png
  outputs/romanlens/gemma-3-4b-it/class1_translation_3shot/figures/switch__translation__jlens_mixed.png
  outputs/romanlens/gemma-3-4b-it/class1_translation_3shot/figures/curves__translation__logit.png
  outputs/romanlens/gemma-3-4b-it/class1_translation_3shot/figures/ranks__translation__logit.png
  outputs/romanlens/gemma-3-4b-it/class1_translation_3shot/figures/scripts__translation.png
  outputs/romanlens/gemma-3-4b-it/class1_translation_3shot/figures/switch__translation__logit.png
  outputs/romanlens/gemma-3-4b-it/class1_translation_3shot/figures/lenscmp__translation__en.png
  outputs/romanlens/gemma-3-4b-it/class1_translation_3shot/figures/lenscmp__translation__native.png
  outputs/romanlens/gemma-3-4b-it/class1_translation_3shot/figures/lenscmp__translation__roman.png

| run | lens | task | lang | script | shots | n | acc | acc_exact | acc_tok1 | L_en | P_en | P_enctrl | en_ratio | L_tgt | P_tgt | L_switch | sw_ref | sw_med | sw_sd | sw_never | MRR_en | MRR_tgt |
|---|---|---|---|---|---|---|---|---|---|---|---|---|---|---|---|---|---|---|---|---|---|---|
| class1_translation_3shot | jlens_en | translation | hi | native | 3 | 249 | 0.6386 | 0.6305 | 0.6787 | 29 | 0.8606 | 0.0008 | 1119.4897 | 32 | 0.2992 | 32 | en | 12 | 10.9315 | 50 | 0.2928 | 0.0649 |
| class1_translation_3shot | jlens_en | translation | hi | roman | 3 | 422 | 0.1611 | 0.1422 | 0.1991 | 28 | 0.8054 | 0.0093 | 86.3587 | 32 | 0.2822 | 32 | en | 5 | 9.7822 | 11 | 0.2493 | 0.0545 |
| class1_translation_3shot | jlens_en | translation | ml | native | 3 | 249 | 0.3293 | 0.3213 | 0.4137 | 29 | 0.7791 | 0.0005 | 1438.5398 | 32 | 0.014 | -1 | en | 8 | 6.2474 | 91 | 0.272 | 0.0362 |
| class1_translation_3shot | jlens_en | translation | ml | roman | 3 | 450 | 0.0267 | 0.0178 | 0.0756 | 27 | 0.7004 | 0.0119 | 58.8294 | 32 | 0.1276 | 32 | en | 7 | 8.5386 | 17 | 0.2172 | 0.0492 |
| class1_translation_3shot | jlens_en | translation | ta | native | 3 | 249 | 0.751 | 0.7309 | 0.7751 | 29 | 0.8669 | 0.0003 | 2762.8196 | 32 | 0.3519 | 32 | en | 12 | 11.5989 | 49 | 0.2922 | 0.0563 |
| class1_translation_3shot | jlens_en | translation | ta | roman | 3 | 454 | 0.0176 | 0.0088 | 0.0705 | 27 | 0.5998 | 0.0068 | 88.3709 | 32 | 0.0829 | 32 | en | 5 | 9.8199 | 15 | 0.1891 | 0.0496 |
| class1_translation_3shot | jlens_indic | translation | hi | native | 3 | 249 | 0.6386 | 0.6305 | 0.6787 | 29 | 0.8564 | 0.0008 | 1114.0656 | 32 | 0.2992 | 0 | en | 0 | 3.9697 | 0 | 0.2826 | 0.0671 |
| class1_translation_3shot | jlens_indic | translation | hi | roman | 3 | 422 | 0.1611 | 0.1422 | 0.1991 | 27 | 0.7253 | 0.0093 | 77.7744 | 32 | 0.2822 | 1 | en | 1 | 8.625 | 6 | 0.2346 | 0.0537 |
| class1_translation_3shot | jlens_indic | translation | ml | native | 3 | 249 | 0.3293 | 0.3213 | 0.4137 | 29 | 0.6521 | 0.0005 | 1204.0107 | 32 | 0.014 | 3 | en | 3 | 4.7969 | 22 | 0.2383 | 0.037 |
| class1_translation_3shot | jlens_indic | translation | ml | roman | 3 | 450 | 0.0267 | 0.0178 | 0.0756 | 26 | 0.6133 | 0.0119 | 51.5112 | 32 | 0.1276 | 1 | en | 1 | 6.5114 | 9 | 0.2026 | 0.0503 |
| class1_translation_3shot | jlens_indic | translation | ta | native | 3 | 249 | 0.751 | 0.7309 | 0.7751 | 29 | 0.8714 | 0.0003 | 2777.1555 | 32 | 0.3519 | 0 | en | 0 | 3.5594 | 2 | 0.2805 | 0.0621 |
| class1_translation_3shot | jlens_indic | translation | ta | roman | 3 | 454 | 0.0176 | 0.0088 | 0.0705 | 26 | 0.5725 | 0.0068 | 84.3515 | 32 | 0.0829 | 1 | en | 1 | 8.0791 | 4 | 0.1801 | 0.0548 |
| class1_translation_3shot | jlens_mixed | translation | hi | native | 3 | 249 | 0.6386 | 0.6305 | 0.6787 | 29 | 0.8413 | 0.0008 | 1094.3661 | 32 | 0.2992 | 0 | en | 0 | 6.0717 | 0 | 0.2779 | 0.0681 |
| class1_translation_3shot | jlens_mixed | translation | hi | roman | 3 | 422 | 0.1611 | 0.1422 | 0.1991 | 27 | 0.7327 | 0.0093 | 78.5666 | 32 | 0.2822 | 0 | en | 0 | 8.3451 | 6 | 0.2338 | 0.0539 |
| class1_translation_3shot | jlens_mixed | translation | ml | native | 3 | 249 | 0.3293 | 0.3213 | 0.4137 | 29 | 0.6647 | 0.0005 | 1227.2739 | 32 | 0.014 | 6 | en | 4 | 4.8576 | 23 | 0.2464 | 0.0372 |
| class1_translation_3shot | jlens_mixed | translation | ml | roman | 3 | 450 | 0.0267 | 0.0178 | 0.0756 | 26 | 0.6292 | 0.0119 | 52.8494 | 32 | 0.1276 | 3 | en | 0 | 7.599 | 7 | 0.2114 | 0.0513 |
| class1_translation_3shot | jlens_mixed | translation | ta | native | 3 | 249 | 0.751 | 0.7309 | 0.7751 | 29 | 0.8712 | 0.0003 | 2776.4712 | 32 | 0.3519 | 0 | en | 0 | 6.0561 | 5 | 0.2871 | 0.0615 |
| class1_translation_3shot | jlens_mixed | translation | ta | roman | 3 | 454 | 0.0176 | 0.0088 | 0.0705 | 26 | 0.5834 | 0.0068 | 85.9561 | 32 | 0.0829 | 3 | en | 0 | 8.3625 | 8 | 0.1903 | 0.0544 |
| class1_translation_3shot | logit | translation | hi | native | 3 | 249 | 0.6386 | 0.6305 | 0.6787 | 29 | 0.8566 | 0.0176 | 48.6322 | 33 | 0.6914 | 5 | en | 4 | 13.5747 | 0 | 0.3098 | 0.057 |
| class1_translation_3shot | logit | translation | hi | roman | 3 | 422 | 0.1611 | 0.1422 | 0.1991 | 29 | 0.801 | 0.0167 | 48.0646 | 33 | 0.3211 | 3 | en | 0 | 8.5207 | 5 | 0.2915 | 0.0578 |
| class1_translation_3shot | logit | translation | ml | native | 3 | 249 | 0.3293 | 0.3213 | 0.4137 | 26 | 0.8049 | 0.0186 | 43.2887 | 33 | 0.4141 | 33 | en | 32 | 15.0426 | 0 | 0.2946 | 0.0211 |
| class1_translation_3shot | logit | translation | ml | roman | 3 | 450 | 0.0267 | 0.0178 | 0.0756 | 26 | 0.6664 | 0.0154 | 43.1357 | 33 | 0.1401 | 32 | en | 2 | 9.3447 | 7 | 0.2491 | 0.0609 |
| class1_translation_3shot | logit | translation | ta | native | 3 | 249 | 0.751 | 0.7309 | 0.7751 | 29 | 0.8595 | 0.0181 | 47.4239 | 33 | 0.787 | 32 | en | 11 | 13.3486 | 0 | 0.3017 | 0.0501 |
| class1_translation_3shot | logit | translation | ta | roman | 3 | 454 | 0.0176 | 0.0088 | 0.0705 | 28 | 0.5776 | 0.017 | 33.9066 | 33 | 0.0875 | 18 | en | 4 | 8.426 | 4 | 0.2071 | 0.0848 |

[report] figures in outputs/romanlens/gemma-3-4b-it/class1_translation_3shot/figures

[run] outputs/romanlens/gemma-3-4b-it/class1_translation_4shot
[vocab] 84/1494 items collide (excluded)
[run] 0/1494  translation_fr_hi_native_cloud
[run] 50/1494  translation_fr_hi_native_ten
[run] 100/1494  translation_fr_hi_native_tail
[run] 150/1494  translation_en_hi_native_ball
[run] 200/1494  translation_en_hi_native_school
[run] 250/1494  translation_fr_hi_roman_bag
[run] 300/1494  translation_fr_hi_roman_head
[run] 350/1494  translation_fr_hi_roman_mother
[run] 400/1494  translation_en_hi_roman_painting
[run] 450/1494  translation_en_hi_roman_structure
[run] 500/1494  translation_fr_ta_native_mouth
[run] 550/1494  translation_fr_ta_native_street
[run] 600/1494  translation_fr_ta_native_east
[run] 650/1494  translation_en_ta_native_station
[run] 700/1494  translation_en_ta_native_tie
[run] 750/1494  translation_fr_ta_roman_soil
[run] 800/1494  translation_fr_ta_roman_part
[run] 850/1494  translation_fr_ta_roman_return
[run] 900/1494  translation_en_ta_roman_rice
[run] 950/1494  translation_en_ta_roman_example
[run] 1000/1494  translation_fr_ml_native_mountain
[run] 1050/1494  translation_fr_ml_native_eye
[run] 1100/1494  translation_fr_ml_native_speech
[run] 1150/1494  translation_en_ml_native_red
[run] 1200/1494  translation_en_ml_native_face
[run] 1250/1494  translation_fr_ml_roman_heart
[run] 1300/1494  translation_fr_ml_roman_field
[run] 1350/1494  translation_fr_ml_roman_child
[run] 1400/1494  translation_en_ml_roman_line
[run] 1450/1494  translation_en_ml_roman_bridge

[gate] kept 1410/1494
   lang script    n    sub exact  tok1
     hi native  249  0.647 0.639 0.687
     hi  roman  211  0.152 0.133 0.199
     ml native  249  0.329 0.321 0.406
     ml  roman  225  0.036 0.036 0.080
     ta native  249  0.747 0.727 0.775
     ta  roman  227  0.009 0.000 0.053
[report] class1_translation_4shot  lenses=['jlens_en', 'jlens_indic', 'jlens_mixed', 'logit']
  outputs/romanlens/gemma-3-4b-it/class1_translation_4shot/figures/accuracy.png
  outputs/romanlens/gemma-3-4b-it/class1_translation_4shot/figures/curves__translation__jlens_en.png
  outputs/romanlens/gemma-3-4b-it/class1_translation_4shot/figures/ranks__translation__jlens_en.png
  outputs/romanlens/gemma-3-4b-it/class1_translation_4shot/figures/scripts__translation.png
  outputs/romanlens/gemma-3-4b-it/class1_translation_4shot/figures/switch__translation__jlens_en.png
  outputs/romanlens/gemma-3-4b-it/class1_translation_4shot/figures/curves__translation__jlens_indic.png
  outputs/romanlens/gemma-3-4b-it/class1_translation_4shot/figures/ranks__translation__jlens_indic.png
  outputs/romanlens/gemma-3-4b-it/class1_translation_4shot/figures/scripts__translation.png
  outputs/romanlens/gemma-3-4b-it/class1_translation_4shot/figures/switch__translation__jlens_indic.png
  outputs/romanlens/gemma-3-4b-it/class1_translation_4shot/figures/curves__translation__jlens_mixed.png
  outputs/romanlens/gemma-3-4b-it/class1_translation_4shot/figures/ranks__translation__jlens_mixed.png
  outputs/romanlens/gemma-3-4b-it/class1_translation_4shot/figures/scripts__translation.png
  outputs/romanlens/gemma-3-4b-it/class1_translation_4shot/figures/switch__translation__jlens_mixed.png
  outputs/romanlens/gemma-3-4b-it/class1_translation_4shot/figures/curves__translation__logit.png
  outputs/romanlens/gemma-3-4b-it/class1_translation_4shot/figures/ranks__translation__logit.png
  outputs/romanlens/gemma-3-4b-it/class1_translation_4shot/figures/scripts__translation.png
  outputs/romanlens/gemma-3-4b-it/class1_translation_4shot/figures/switch__translation__logit.png
  outputs/romanlens/gemma-3-4b-it/class1_translation_4shot/figures/lenscmp__translation__en.png
  outputs/romanlens/gemma-3-4b-it/class1_translation_4shot/figures/lenscmp__translation__native.png
  outputs/romanlens/gemma-3-4b-it/class1_translation_4shot/figures/lenscmp__translation__roman.png

| run | lens | task | lang | script | shots | n | acc | acc_exact | acc_tok1 | L_en | P_en | P_enctrl | en_ratio | L_tgt | P_tgt | L_switch | sw_ref | sw_med | sw_sd | sw_never | MRR_en | MRR_tgt |
|---|---|---|---|---|---|---|---|---|---|---|---|---|---|---|---|---|---|---|---|---|---|---|
| class1_translation_4shot | jlens_en | translation | hi | native | 4 | 249 | 0.6466 | 0.6386 | 0.6867 | 29 | 0.8751 | 0.0007 | 1212.4231 | 32 | 0.2922 | 32 | en | 11 | 11.0506 | 54 | 0.2958 | 0.0649 |
| class1_translation_4shot | jlens_en | translation | hi | roman | 4 | 422 | 0.1517 | 0.1327 | 0.1991 | 28 | 0.8131 | 0.0096 | 84.9491 | 32 | 0.2841 | 32 | en | 5 | 10.0788 | 11 | 0.2495 | 0.0549 |
| class1_translation_4shot | jlens_en | translation | ml | native | 4 | 249 | 0.3293 | 0.3213 | 0.4056 | 29 | 0.7849 | 0.0005 | 1543.7671 | 32 | 0.013 | -1 | en | 8 | 7.1891 | 92 | 0.2721 | 0.0363 |
| class1_translation_4shot | jlens_en | translation | ml | roman | 4 | 450 | 0.0356 | 0.0356 | 0.08 | 27 | 0.7014 | 0.0113 | 62.146 | 32 | 0.1312 | 32 | en | 7 | 9.0111 | 16 | 0.2163 | 0.0494 |
| class1_translation_4shot | jlens_en | translation | ta | native | 4 | 249 | 0.747 | 0.7269 | 0.7751 | 29 | 0.8762 | 0.0003 | 3020.4097 | 32 | 0.3563 | 32 | en | 13 | 11.4535 | 45 | 0.2929 | 0.0565 |
| class1_translation_4shot | jlens_en | translation | ta | roman | 4 | 454 | 0.0088 | 0 | 0.0529 | 27 | 0.6543 | 0.0066 | 98.5943 | 32 | 0.0893 | 32 | en | 4 | 9.9629 | 12 | 0.2018 | 0.0481 |
| class1_translation_4shot | jlens_indic | translation | hi | native | 4 | 249 | 0.6466 | 0.6386 | 0.6867 | 29 | 0.8694 | 0.0007 | 1204.5466 | 32 | 0.2922 | 0 | en | 0 | 3.9684 | 0 | 0.2857 | 0.0672 |
| class1_translation_4shot | jlens_indic | translation | hi | roman | 4 | 422 | 0.1517 | 0.1327 | 0.1991 | 27 | 0.7303 | 0.0096 | 76.2937 | 32 | 0.2841 | 1 | en | 1 | 8.4426 | 6 | 0.2339 | 0.054 |
| class1_translation_4shot | jlens_indic | translation | ml | native | 4 | 249 | 0.3293 | 0.3213 | 0.4056 | 29 | 0.6573 | 0.0005 | 1292.6519 | 32 | 0.013 | 5 | en | 3 | 5.207 | 21 | 0.237 | 0.037 |
| class1_translation_4shot | jlens_indic | translation | ml | roman | 4 | 450 | 0.0356 | 0.0356 | 0.08 | 26 | 0.6125 | 0.0113 | 54.2698 | 32 | 0.1312 | 1 | en | 1 | 6.8743 | 9 | 0.2039 | 0.0504 |
| class1_translation_4shot | jlens_indic | translation | ta | native | 4 | 249 | 0.747 | 0.7269 | 0.7751 | 29 | 0.8738 | 0.0003 | 3011.8938 | 32 | 0.3563 | 0 | en | 0 | 4.6998 | 2 | 0.2791 | 0.0628 |
| class1_translation_4shot | jlens_indic | translation | ta | roman | 4 | 454 | 0.0088 | 0 | 0.0529 | 26 | 0.6264 | 0.0066 | 94.3823 | 32 | 0.0893 | 1 | en | 1 | 7.8076 | 5 | 0.1911 | 0.0522 |
| class1_translation_4shot | jlens_mixed | translation | hi | native | 4 | 249 | 0.6466 | 0.6386 | 0.6867 | 29 | 0.8544 | 0.0007 | 1183.8014 | 32 | 0.2922 | 0 | en | 0 | 5.8672 | 0 | 0.2806 | 0.0681 |
| class1_translation_4shot | jlens_mixed | translation | hi | roman | 4 | 422 | 0.1517 | 0.1327 | 0.1991 | 27 | 0.7389 | 0.0096 | 77.1943 | 32 | 0.2841 | 0 | en | 0 | 8.8606 | 6 | 0.2334 | 0.0539 |
| class1_translation_4shot | jlens_mixed | translation | ml | native | 4 | 249 | 0.3293 | 0.3213 | 0.4056 | 29 | 0.6711 | 0.0005 | 1319.8372 | 32 | 0.013 | 6 | en | 4 | 4.923 | 24 | 0.2461 | 0.0372 |
| class1_translation_4shot | jlens_mixed | translation | ml | roman | 4 | 450 | 0.0356 | 0.0356 | 0.08 | 26 | 0.627 | 0.0113 | 55.5541 | 32 | 0.1312 | 3 | en | 0 | 7.9572 | 7 | 0.2116 | 0.051 |
| class1_translation_4shot | jlens_mixed | translation | ta | native | 4 | 249 | 0.747 | 0.7269 | 0.7751 | 29 | 0.8752 | 0.0003 | 3016.9355 | 32 | 0.3563 | 0 | en | 0 | 5.8475 | 4 | 0.2871 | 0.0621 |
| class1_translation_4shot | jlens_mixed | translation | ta | roman | 4 | 454 | 0.0088 | 0 | 0.0529 | 26 | 0.6393 | 0.0066 | 96.3213 | 32 | 0.0893 | 3 | en | 0 | 8.2258 | 8 | 0.2022 | 0.0516 |
| class1_translation_4shot | logit | translation | hi | native | 4 | 249 | 0.6466 | 0.6386 | 0.6867 | 29 | 0.8643 | 0.0165 | 52.4561 | 33 | 0.6925 | 5 | en | 4 | 13.5911 | 0 | 0.3109 | 0.0574 |
| class1_translation_4shot | logit | translation | hi | roman | 4 | 422 | 0.1517 | 0.1327 | 0.1991 | 28 | 0.805 | 0.0172 | 46.8156 | 33 | 0.3212 | 3 | en | 0 | 8.4875 | 6 | 0.2897 | 0.0593 |
| class1_translation_4shot | logit | translation | ml | native | 4 | 249 | 0.3293 | 0.3213 | 0.4056 | 26 | 0.8027 | 0.0187 | 42.883 | 33 | 0.4078 | 33 | en | 32 | 15.1209 | 0 | 0.295 | 0.0209 |
| class1_translation_4shot | logit | translation | ml | roman | 4 | 450 | 0.0356 | 0.0356 | 0.08 | 27 | 0.666 | 0.0154 | 43.1527 | 33 | 0.1414 | 32 | en | 2 | 8.9913 | 10 | 0.2464 | 0.0606 |
| class1_translation_4shot | logit | translation | ta | native | 4 | 249 | 0.747 | 0.7269 | 0.7751 | 29 | 0.8627 | 0.0175 | 49.2467 | 33 | 0.7929 | 32 | en | 11 | 13.6791 | 0 | 0.3025 | 0.0505 |
| class1_translation_4shot | logit | translation | ta | roman | 4 | 454 | 0.0088 | 0 | 0.0529 | 28 | 0.6229 | 0.0166 | 37.6334 | 33 | 0.0916 | 32 | en | 4 | 8.4267 | 4 | 0.2233 | 0.0807 |

[report] figures in outputs/romanlens/gemma-3-4b-it/class1_translation_4shot/figures

[run] outputs/romanlens/gemma-3-4b-it/class2_cloze_1shot
[vocab] 42/792 items collide (excluded)
[run] 0/792  cloze_hi_hi_native_book
[run] 50/792  cloze_hi_hi_native_four
[run] 100/792  cloze_hi_hi_native_square
[run] 150/792  cloze_hi_rom_hi_roman_song
[run] 200/792  cloze_hi_rom_hi_roman_seat
[run] 250/792  cloze_hi_rom_hi_roman_tower
[run] 300/792  cloze_ta_ta_native_rice
[run] 350/792  cloze_ta_ta_native_example
[run] 400/792  cloze_ta_rom_ta_roman_soil
[run] 450/792  cloze_ta_rom_ta_roman_eight
[run] 500/792  cloze_ta_rom_ta_roman_tribe
[run] 550/792  cloze_ml_ml_native_river
[run] 600/792  cloze_ml_ml_native_machine
[run] 650/792  cloze_ml_ml_native_section
[run] 700/792  cloze_ml_rom_ml_roman_flower
[run] 750/792  cloze_ml_rom_ml_roman_delete

[gate] kept 750/792
   lang script    n    sub exact  tok1
     hi native  132  0.455 0.417 0.447
     hi  roman  113  0.000 0.000 0.009
     ml native  132  0.212 0.197 0.250
     ml  roman  120  0.000 0.000 0.000
     ta native  132  0.409 0.394 0.447
     ta  roman  121  0.000 0.000 0.008
[report] class2_cloze_1shot  lenses=['jlens_en', 'jlens_indic', 'jlens_mixed', 'logit']
  outputs/romanlens/gemma-3-4b-it/class2_cloze_1shot/figures/accuracy.png
  outputs/romanlens/gemma-3-4b-it/class2_cloze_1shot/figures/curves__cloze__jlens_en.png
  outputs/romanlens/gemma-3-4b-it/class2_cloze_1shot/figures/ranks__cloze__jlens_en.png
  outputs/romanlens/gemma-3-4b-it/class2_cloze_1shot/figures/scripts__cloze.png
  outputs/romanlens/gemma-3-4b-it/class2_cloze_1shot/figures/switch__cloze__jlens_en.png
  outputs/romanlens/gemma-3-4b-it/class2_cloze_1shot/figures/curves__cloze__jlens_indic.png
  outputs/romanlens/gemma-3-4b-it/class2_cloze_1shot/figures/ranks__cloze__jlens_indic.png
  outputs/romanlens/gemma-3-4b-it/class2_cloze_1shot/figures/scripts__cloze.png
  outputs/romanlens/gemma-3-4b-it/class2_cloze_1shot/figures/switch__cloze__jlens_indic.png
  outputs/romanlens/gemma-3-4b-it/class2_cloze_1shot/figures/curves__cloze__jlens_mixed.png
  outputs/romanlens/gemma-3-4b-it/class2_cloze_1shot/figures/ranks__cloze__jlens_mixed.png
  outputs/romanlens/gemma-3-4b-it/class2_cloze_1shot/figures/scripts__cloze.png
  outputs/romanlens/gemma-3-4b-it/class2_cloze_1shot/figures/switch__cloze__jlens_mixed.png
  outputs/romanlens/gemma-3-4b-it/class2_cloze_1shot/figures/curves__cloze__logit.png
  outputs/romanlens/gemma-3-4b-it/class2_cloze_1shot/figures/ranks__cloze__logit.png
  outputs/romanlens/gemma-3-4b-it/class2_cloze_1shot/figures/scripts__cloze.png
  outputs/romanlens/gemma-3-4b-it/class2_cloze_1shot/figures/switch__cloze__logit.png
  outputs/romanlens/gemma-3-4b-it/class2_cloze_1shot/figures/lenscmp__cloze__en.png
  outputs/romanlens/gemma-3-4b-it/class2_cloze_1shot/figures/lenscmp__cloze__native.png
  outputs/romanlens/gemma-3-4b-it/class2_cloze_1shot/figures/lenscmp__cloze__roman.png

| run | lens | task | lang | script | shots | n | acc | acc_exact | acc_tok1 | L_en | P_en | P_enctrl | en_ratio | L_tgt | P_tgt | L_switch | sw_ref | sw_med | sw_sd | sw_never | MRR_en | MRR_tgt |
|---|---|---|---|---|---|---|---|---|---|---|---|---|---|---|---|---|---|---|---|---|---|---|
| class2_cloze_1shot | jlens_en | cloze | hi | native | 1 | 132 | 0.4545 | 0.4167 | 0.447 | 29 | 0.5253 | 0.0015 | 346.64 | 32 | 0.1249 | 32 | en | 9 | 9.8179 | 24 | 0.1977 | 0.0484 |
| class2_cloze_1shot | jlens_en | cloze | hi | roman | 1 | 226 | 0 | 0 | 0.0088 | 29 | 0.5371 | 0.0051 | 106.2205 | 32 | 0.0857 | -1 | en | 4 | 7.944 | 14 | 0.1972 | 0.0399 |
| class2_cloze_1shot | jlens_en | cloze | ml | native | 1 | 132 | 0.2121 | 0.197 | 0.25 | 28 | 0.3821 | 0.0007 | 523.8126 | 32 | 0.0011 | -1 | en | 8 | 5.9463 | 60 | 0.1555 | 0.032 |
| class2_cloze_1shot | jlens_en | cloze | ml | roman | 1 | 240 | 0 | 0 | 0 | 28 | 0.4041 | 0.004 | 100.8497 | 32 | 0.0555 | -1 | en | 5 | 7.4508 | 16 | 0.1598 | 0.0363 |
| class2_cloze_1shot | jlens_en | cloze | ta | native | 1 | 132 | 0.4091 | 0.3939 | 0.447 | 27 | 0.4764 | 0.0013 | 375.2441 | 32 | 0.1056 | 32 | en | 9 | 11.364 | 32 | 0.1828 | 0.042 |
| class2_cloze_1shot | jlens_en | cloze | ta | roman | 1 | 242 | 0 | 0 | 0.0083 | 29 | 0.4471 | 0.0063 | 71.3166 | 32 | 0.0558 | -1 | en | 5 | 9.4062 | 20 | 0.1782 | 0.0391 |
| class2_cloze_1shot | jlens_indic | cloze | hi | native | 1 | 132 | 0.4545 | 0.4167 | 0.447 | 27 | 0.5108 | 0.0015 | 337.0923 | 32 | 0.1249 | 0 | en | 0 | 3.1112 | 1 | 0.195 | 0.0517 |
| class2_cloze_1shot | jlens_indic | cloze | hi | roman | 1 | 226 | 0 | 0 | 0.0088 | 27 | 0.4927 | 0.0051 | 97.4553 | 32 | 0.0857 | 1 | en | 0 | 7.8529 | 7 | 0.1925 | 0.0407 |
| class2_cloze_1shot | jlens_indic | cloze | ml | native | 1 | 132 | 0.2121 | 0.197 | 0.25 | 27 | 0.3362 | 0.0007 | 460.9103 | 32 | 0.0011 | 13 | en | 3 | 5.3724 | 20 | 0.1434 | 0.0324 |
| class2_cloze_1shot | jlens_indic | cloze | ml | roman | 1 | 240 | 0 | 0 | 0 | 28 | 0.3495 | 0.004 | 87.2303 | 32 | 0.0555 | 1 | en | 1 | 6.1527 | 10 | 0.1501 | 0.0376 |
| class2_cloze_1shot | jlens_indic | cloze | ta | native | 1 | 132 | 0.4091 | 0.3939 | 0.447 | 27 | 0.4834 | 0.0013 | 380.7899 | 32 | 0.1056 | 0 | en | 0 | 3.2253 | 4 | 0.1813 | 0.046 |
| class2_cloze_1shot | jlens_indic | cloze | ta | roman | 1 | 242 | 0 | 0 | 0.0083 | 29 | 0.4223 | 0.0063 | 67.3578 | 32 | 0.0558 | 1 | en | 0 | 6.6795 | 14 | 0.1755 | 0.0413 |
| class2_cloze_1shot | jlens_mixed | cloze | hi | native | 1 | 132 | 0.4545 | 0.4167 | 0.447 | 29 | 0.5104 | 0.0015 | 336.8209 | 32 | 0.1249 | 0 | en | 0 | 5.4303 | 2 | 0.1951 | 0.0517 |
| class2_cloze_1shot | jlens_mixed | cloze | hi | roman | 1 | 226 | 0 | 0 | 0.0088 | 27 | 0.4897 | 0.0051 | 96.8547 | 32 | 0.0857 | 0 | en | 0 | 8.7212 | 9 | 0.1937 | 0.0405 |
| class2_cloze_1shot | jlens_mixed | cloze | ml | native | 1 | 132 | 0.2121 | 0.197 | 0.25 | 27 | 0.3411 | 0.0007 | 467.5097 | 32 | 0.0011 | 13 | en | 5 | 5.1164 | 24 | 0.148 | 0.0324 |
| class2_cloze_1shot | jlens_mixed | cloze | ml | roman | 1 | 240 | 0 | 0 | 0 | 28 | 0.357 | 0.004 | 89.0969 | 32 | 0.0555 | 9 | en | 0 | 6.2179 | 11 | 0.1545 | 0.0376 |
| class2_cloze_1shot | jlens_mixed | cloze | ta | native | 1 | 132 | 0.4091 | 0.3939 | 0.447 | 27 | 0.4836 | 0.0013 | 380.9606 | 32 | 0.1056 | 0 | en | 0 | 4.7917 | 7 | 0.1854 | 0.0457 |
| class2_cloze_1shot | jlens_mixed | cloze | ta | roman | 1 | 242 | 0 | 0 | 0.0083 | 29 | 0.4316 | 0.0063 | 68.8386 | 32 | 0.0558 | 3 | en | 0 | 7.235 | 13 | 0.182 | 0.0414 |
| class2_cloze_1shot | logit | cloze | hi | native | 1 | 132 | 0.4545 | 0.4167 | 0.447 | 29 | 0.5401 | 0.0143 | 37.867 | 33 | 0.4477 | 32 | en | 5 | 14.7951 | 0 | 0.2217 | 0.0355 |
| class2_cloze_1shot | logit | cloze | hi | roman | 1 | 226 | 0 | 0 | 0.0088 | 27 | 0.5595 | 0.0093 | 59.9079 | 32 | 0.0857 | 14 | en | 0 | 6.2126 | 3 | 0.2359 | 0.0476 |
| class2_cloze_1shot | logit | cloze | ml | native | 1 | 132 | 0.2121 | 0.197 | 0.25 | 28 | 0.3897 | 0.0111 | 35.1169 | 33 | 0.2498 | 33 | en | 33 | 13.9841 | 4 | 0.1703 | 0.0127 |
| class2_cloze_1shot | logit | cloze | ml | roman | 1 | 240 | 0 | 0 | 0 | 28 | 0.408 | 0.0091 | 44.7276 | 32 | 0.0555 | 14 | en | 3 | 8.6794 | 5 | 0.1808 | 0.0381 |
| class2_cloze_1shot | logit | cloze | ta | native | 1 | 132 | 0.4091 | 0.3939 | 0.447 | 29 | 0.4809 | 0.0126 | 38.2797 | 33 | 0.4441 | 32 | en | 13 | 14.7386 | 1 | 0.197 | 0.0289 |
| class2_cloze_1shot | logit | cloze | ta | roman | 1 | 242 | 0 | 0 | 0.0083 | 28 | 0.4678 | 0.0098 | 47.8774 | 32 | 0.0558 | 13 | en | 3 | 6.6136 | 6 | 0.2075 | 0.0562 |

[report] figures in outputs/romanlens/gemma-3-4b-it/class2_cloze_1shot/figures

[run] outputs/romanlens/gemma-3-4b-it/class2_cloze_2shot
[vocab] 42/792 items collide (excluded)
[run] 0/792  cloze_hi_hi_native_book
[run] 50/792  cloze_hi_hi_native_four
[run] 100/792  cloze_hi_hi_native_square
[run] 150/792  cloze_hi_rom_hi_roman_song
[run] 200/792  cloze_hi_rom_hi_roman_seat
[run] 250/792  cloze_hi_rom_hi_roman_tower
[run] 300/792  cloze_ta_ta_native_rice
[run] 350/792  cloze_ta_ta_native_example
[run] 400/792  cloze_ta_rom_ta_roman_soil
[run] 450/792  cloze_ta_rom_ta_roman_eight
[run] 500/792  cloze_ta_rom_ta_roman_tribe
[run] 550/792  cloze_ml_ml_native_river
[run] 600/792  cloze_ml_ml_native_machine
[run] 650/792  cloze_ml_ml_native_section
[run] 700/792  cloze_ml_rom_ml_roman_flower
[run] 750/792  cloze_ml_rom_ml_roman_delete

[gate] kept 750/792
   lang script    n    sub exact  tok1
     hi native  132  0.500 0.455 0.477
     hi  roman  113  0.088 0.062 0.115
     ml native  132  0.174 0.159 0.250
     ml  roman  120  0.000 0.000 0.042
     ta native  132  0.417 0.402 0.455
     ta  roman  121  0.008 0.008 0.091
[report] class2_cloze_2shot  lenses=['jlens_en', 'jlens_indic', 'jlens_mixed', 'logit']
  outputs/romanlens/gemma-3-4b-it/class2_cloze_2shot/figures/accuracy.png
  outputs/romanlens/gemma-3-4b-it/class2_cloze_2shot/figures/curves__cloze__jlens_en.png
  outputs/romanlens/gemma-3-4b-it/class2_cloze_2shot/figures/ranks__cloze__jlens_en.png
  outputs/romanlens/gemma-3-4b-it/class2_cloze_2shot/figures/scripts__cloze.png
  outputs/romanlens/gemma-3-4b-it/class2_cloze_2shot/figures/switch__cloze__jlens_en.png
  outputs/romanlens/gemma-3-4b-it/class2_cloze_2shot/figures/curves__cloze__jlens_indic.png
  outputs/romanlens/gemma-3-4b-it/class2_cloze_2shot/figures/ranks__cloze__jlens_indic.png
  outputs/romanlens/gemma-3-4b-it/class2_cloze_2shot/figures/scripts__cloze.png
  outputs/romanlens/gemma-3-4b-it/class2_cloze_2shot/figures/switch__cloze__jlens_indic.png
  outputs/romanlens/gemma-3-4b-it/class2_cloze_2shot/figures/curves__cloze__jlens_mixed.png
  outputs/romanlens/gemma-3-4b-it/class2_cloze_2shot/figures/ranks__cloze__jlens_mixed.png
  outputs/romanlens/gemma-3-4b-it/class2_cloze_2shot/figures/scripts__cloze.png
  outputs/romanlens/gemma-3-4b-it/class2_cloze_2shot/figures/switch__cloze__jlens_mixed.png
  outputs/romanlens/gemma-3-4b-it/class2_cloze_2shot/figures/curves__cloze__logit.png
  outputs/romanlens/gemma-3-4b-it/class2_cloze_2shot/figures/ranks__cloze__logit.png
  outputs/romanlens/gemma-3-4b-it/class2_cloze_2shot/figures/scripts__cloze.png
  outputs/romanlens/gemma-3-4b-it/class2_cloze_2shot/figures/switch__cloze__logit.png
  outputs/romanlens/gemma-3-4b-it/class2_cloze_2shot/figures/lenscmp__cloze__en.png
  outputs/romanlens/gemma-3-4b-it/class2_cloze_2shot/figures/lenscmp__cloze__native.png
  outputs/romanlens/gemma-3-4b-it/class2_cloze_2shot/figures/lenscmp__cloze__roman.png

| run | lens | task | lang | script | shots | n | acc | acc_exact | acc_tok1 | L_en | P_en | P_enctrl | en_ratio | L_tgt | P_tgt | L_switch | sw_ref | sw_med | sw_sd | sw_never | MRR_en | MRR_tgt |
|---|---|---|---|---|---|---|---|---|---|---|---|---|---|---|---|---|---|---|---|---|---|---|
| class2_cloze_2shot | jlens_en | cloze | hi | native | 2 | 132 | 0.5 | 0.4545 | 0.4773 | 29 | 0.5843 | 0.0007 | 823.666 | 32 | 0.1401 | 32 | en | 11 | 10.1515 | 32 | 0.2064 | 0.0492 |
| class2_cloze_2shot | jlens_en | cloze | hi | roman | 2 | 226 | 0.0885 | 0.0619 | 0.115 | 29 | 0.518 | 0.0074 | 70.0068 | 32 | 0.209 | 32 | en | 5 | 9.7463 | 7 | 0.1798 | 0.0523 |
| class2_cloze_2shot | jlens_en | cloze | ml | native | 2 | 132 | 0.1742 | 0.1591 | 0.25 | 29 | 0.4173 | 0.0008 | 550.832 | 32 | 0.0014 | -1 | en | 8 | 5.3402 | 54 | 0.1647 | 0.0323 |
| class2_cloze_2shot | jlens_en | cloze | ml | roman | 2 | 240 | 0 | 0 | 0.0417 | 28 | 0.4448 | 0.0062 | 71.6714 | 32 | 0.0734 | -1 | en | 6 | 9.1293 | 13 | 0.1654 | 0.0422 |
| class2_cloze_2shot | jlens_en | cloze | ta | native | 2 | 132 | 0.4167 | 0.4015 | 0.4545 | 29 | 0.4463 | 0.0014 | 313.9873 | 32 | 0.1225 | 32 | en | 11 | 11.3787 | 36 | 0.1776 | 0.0428 |
| class2_cloze_2shot | jlens_en | cloze | ta | roman | 2 | 242 | 0.0083 | 0.0083 | 0.0909 | 27 | 0.3456 | 0.0127 | 27.3016 | 32 | 0.0951 | 31 | en | 5 | 9.5444 | 8 | 0.1412 | 0.054 |
| class2_cloze_2shot | jlens_indic | cloze | hi | native | 2 | 132 | 0.5 | 0.4545 | 0.4773 | 29 | 0.5669 | 0.0007 | 799.1276 | 32 | 0.1401 | 0 | en | 0 | 1.7544 | 3 | 0.2052 | 0.0527 |
| class2_cloze_2shot | jlens_indic | cloze | hi | roman | 2 | 226 | 0.0885 | 0.0619 | 0.115 | 27 | 0.4481 | 0.0074 | 60.5638 | 32 | 0.209 | 1 | en | 1 | 9.9373 | 1 | 0.1744 | 0.0512 |
| class2_cloze_2shot | jlens_indic | cloze | ml | native | 2 | 132 | 0.1742 | 0.1591 | 0.25 | 27 | 0.3647 | 0.0008 | 481.4902 | 24 | 0.0049 | 13 | en | 3 | 5.467 | 17 | 0.1548 | 0.0328 |
| class2_cloze_2shot | jlens_indic | cloze | ml | roman | 2 | 240 | 0 | 0 | 0.0417 | 28 | 0.3858 | 0.0062 | 62.156 | 32 | 0.0734 | 1 | en | 1 | 8.3823 | 9 | 0.1591 | 0.0424 |
| class2_cloze_2shot | jlens_indic | cloze | ta | native | 2 | 132 | 0.4167 | 0.4015 | 0.4545 | 27 | 0.4476 | 0.0014 | 314.9109 | 32 | 0.1225 | 0 | en | 0 | 3.3373 | 3 | 0.1761 | 0.0474 |
| class2_cloze_2shot | jlens_indic | cloze | ta | roman | 2 | 242 | 0.0083 | 0.0083 | 0.0909 | 26 | 0.3094 | 0.0127 | 24.4482 | 32 | 0.0951 | 1 | en | 1 | 8.8232 | 2 | 0.1378 | 0.0711 |
| class2_cloze_2shot | jlens_mixed | cloze | hi | native | 2 | 132 | 0.5 | 0.4545 | 0.4773 | 29 | 0.5653 | 0.0007 | 796.9077 | 32 | 0.1401 | 0 | en | 0 | 6.0682 | 3 | 0.2051 | 0.0527 |
| class2_cloze_2shot | jlens_mixed | cloze | hi | roman | 2 | 226 | 0.0885 | 0.0619 | 0.115 | 27 | 0.4507 | 0.0074 | 60.9188 | 32 | 0.209 | 0 | en | 0 | 10.9457 | 3 | 0.1751 | 0.0514 |
| class2_cloze_2shot | jlens_mixed | cloze | ml | native | 2 | 132 | 0.1742 | 0.1591 | 0.25 | 27 | 0.3657 | 0.0008 | 482.7987 | 24 | 0.0078 | 13 | en | 5 | 5.8168 | 21 | 0.1595 | 0.0328 |
| class2_cloze_2shot | jlens_mixed | cloze | ml | roman | 2 | 240 | 0 | 0 | 0.0417 | 28 | 0.3978 | 0.0062 | 64.096 | 32 | 0.0734 | 3 | en | 0 | 7.5202 | 10 | 0.1649 | 0.0424 |
| class2_cloze_2shot | jlens_mixed | cloze | ta | native | 2 | 132 | 0.4167 | 0.4015 | 0.4545 | 27 | 0.449 | 0.0014 | 315.8659 | 32 | 0.1225 | 0 | en | 0 | 4.6338 | 6 | 0.18 | 0.0467 |
| class2_cloze_2shot | jlens_mixed | cloze | ta | roman | 2 | 242 | 0.0083 | 0.0083 | 0.0909 | 26 | 0.3184 | 0.0127 | 25.1534 | 32 | 0.0951 | 3 | en | 0 | 8.991 | 4 | 0.1476 | 0.0684 |
| class2_cloze_2shot | logit | cloze | hi | native | 2 | 132 | 0.5 | 0.4545 | 0.4773 | 29 | 0.5976 | 0.024 | 24.9511 | 33 | 0.4764 | 32 | en | 4.5 | 14.6347 | 0 | 0.2278 | 0.0362 |
| class2_cloze_2shot | logit | cloze | hi | roman | 2 | 226 | 0.0885 | 0.0619 | 0.115 | 27 | 0.5274 | 0.0128 | 41.2138 | 32 | 0.209 | 3 | en | 0 | 8.9518 | 0 | 0.207 | 0.0693 |
| class2_cloze_2shot | logit | cloze | ml | native | 2 | 132 | 0.1742 | 0.1591 | 0.25 | 27 | 0.4428 | 0.0156 | 28.3845 | 33 | 0.2517 | 33 | en | 33 | 14.3457 | 3 | 0.1783 | 0.0129 |
| class2_cloze_2shot | logit | cloze | ml | roman | 2 | 240 | 0 | 0 | 0.0417 | 28 | 0.4522 | 0.0101 | 44.8724 | 32 | 0.0734 | 13 | en | 4 | 8.1361 | 4 | 0.1948 | 0.0561 |
| class2_cloze_2shot | logit | cloze | ta | native | 2 | 132 | 0.4167 | 0.4015 | 0.4545 | 27 | 0.4771 | 0.0186 | 25.5971 | 33 | 0.415 | 32 | en | 32 | 14.9767 | 0 | 0.1915 | 0.0291 |
| class2_cloze_2shot | logit | cloze | ta | roman | 2 | 242 | 0.0083 | 0.0083 | 0.0909 | 27 | 0.3176 | 0.014 | 22.7665 | 32 | 0.0951 | 13 | en | 4 | 6.8101 | 2 | 0.1364 | 0.1215 |

[report] figures in outputs/romanlens/gemma-3-4b-it/class2_cloze_2shot/figures

[run] outputs/romanlens/gemma-3-4b-it/class2_cloze_3shot
[vocab] 42/792 items collide (excluded)
[run] 0/792  cloze_hi_hi_native_book
[run] 50/792  cloze_hi_hi_native_four
[run] 100/792  cloze_hi_hi_native_square
[run] 150/792  cloze_hi_rom_hi_roman_song
[run] 200/792  cloze_hi_rom_hi_roman_seat
[run] 250/792  cloze_hi_rom_hi_roman_tower
[run] 300/792  cloze_ta_ta_native_rice
[run] 350/792  cloze_ta_ta_native_example
[run] 400/792  cloze_ta_rom_ta_roman_soil
[run] 450/792  cloze_ta_rom_ta_roman_eight
[run] 500/792  cloze_ta_rom_ta_roman_tribe
[run] 550/792  cloze_ml_ml_native_river
[run] 600/792  cloze_ml_ml_native_machine
[run] 650/792  cloze_ml_ml_native_section
[run] 700/792  cloze_ml_rom_ml_roman_flower
[run] 750/792  cloze_ml_rom_ml_roman_delete

[gate] kept 750/792
   lang script    n    sub exact  tok1
     hi native  132  0.508 0.485 0.500
     hi  roman  113  0.124 0.097 0.142
     ml native  132  0.235 0.212 0.280
     ml  roman  120  0.017 0.017 0.083
     ta native  132  0.417 0.417 0.462
     ta  roman  121  0.008 0.000 0.074
[report] class2_cloze_3shot  lenses=['jlens_en', 'jlens_indic', 'jlens_mixed', 'logit']
  outputs/romanlens/gemma-3-4b-it/class2_cloze_3shot/figures/accuracy.png
  outputs/romanlens/gemma-3-4b-it/class2_cloze_3shot/figures/curves__cloze__jlens_en.png
  outputs/romanlens/gemma-3-4b-it/class2_cloze_3shot/figures/ranks__cloze__jlens_en.png
  outputs/romanlens/gemma-3-4b-it/class2_cloze_3shot/figures/scripts__cloze.png
  outputs/romanlens/gemma-3-4b-it/class2_cloze_3shot/figures/switch__cloze__jlens_en.png
  outputs/romanlens/gemma-3-4b-it/class2_cloze_3shot/figures/curves__cloze__jlens_indic.png
  outputs/romanlens/gemma-3-4b-it/class2_cloze_3shot/figures/ranks__cloze__jlens_indic.png
  outputs/romanlens/gemma-3-4b-it/class2_cloze_3shot/figures/scripts__cloze.png
  outputs/romanlens/gemma-3-4b-it/class2_cloze_3shot/figures/switch__cloze__jlens_indic.png
  outputs/romanlens/gemma-3-4b-it/class2_cloze_3shot/figures/curves__cloze__jlens_mixed.png
  outputs/romanlens/gemma-3-4b-it/class2_cloze_3shot/figures/ranks__cloze__jlens_mixed.png
  outputs/romanlens/gemma-3-4b-it/class2_cloze_3shot/figures/scripts__cloze.png
  outputs/romanlens/gemma-3-4b-it/class2_cloze_3shot/figures/switch__cloze__jlens_mixed.png
  outputs/romanlens/gemma-3-4b-it/class2_cloze_3shot/figures/curves__cloze__logit.png
  outputs/romanlens/gemma-3-4b-it/class2_cloze_3shot/figures/ranks__cloze__logit.png
  outputs/romanlens/gemma-3-4b-it/class2_cloze_3shot/figures/scripts__cloze.png
  outputs/romanlens/gemma-3-4b-it/class2_cloze_3shot/figures/switch__cloze__logit.png
  outputs/romanlens/gemma-3-4b-it/class2_cloze_3shot/figures/lenscmp__cloze__en.png
  outputs/romanlens/gemma-3-4b-it/class2_cloze_3shot/figures/lenscmp__cloze__native.png
  outputs/romanlens/gemma-3-4b-it/class2_cloze_3shot/figures/lenscmp__cloze__roman.png

| run | lens | task | lang | script | shots | n | acc | acc_exact | acc_tok1 | L_en | P_en | P_enctrl | en_ratio | L_tgt | P_tgt | L_switch | sw_ref | sw_med | sw_sd | sw_never | MRR_en | MRR_tgt |
|---|---|---|---|---|---|---|---|---|---|---|---|---|---|---|---|---|---|---|---|---|---|---|
| class2_cloze_3shot | jlens_en | cloze | hi | native | 3 | 132 | 0.5076 | 0.4848 | 0.5 | 29 | 0.5626 | 0.0006 | 966.17 | 32 | 0.1474 | 32 | en | 11 | 10.4006 | 35 | 0.204 | 0.0503 |
| class2_cloze_3shot | jlens_en | cloze | hi | roman | 3 | 226 | 0.1239 | 0.0973 | 0.1416 | 29 | 0.526 | 0.0067 | 79.081 | 32 | 0.2133 | 32 | en | 5 | 9.3538 | 7 | 0.1844 | 0.0513 |
| class2_cloze_3shot | jlens_en | cloze | ml | native | 3 | 132 | 0.2348 | 0.2121 | 0.2803 | 29 | 0.4208 | 0.0013 | 332.6508 | 32 | 0.0014 | -1 | en | 8 | 4.0209 | 55 | 0.168 | 0.0324 |
| class2_cloze_3shot | jlens_en | cloze | ml | roman | 3 | 240 | 0.0167 | 0.0167 | 0.0833 | 28 | 0.4065 | 0.0072 | 56.098 | 32 | 0.0953 | 32 | en | 5.5 | 9.4708 | 10 | 0.1512 | 0.0472 |
| class2_cloze_3shot | jlens_en | cloze | ta | native | 3 | 132 | 0.4167 | 0.4167 | 0.4621 | 29 | 0.4942 | 0.0012 | 410.8319 | 32 | 0.115 | 32 | en | 11.5 | 11.5161 | 38 | 0.1863 | 0.0429 |
| class2_cloze_3shot | jlens_en | cloze | ta | roman | 3 | 242 | 0.0083 | 0 | 0.0744 | 27 | 0.324 | 0.012 | 27.0529 | 32 | 0.1013 | 31 | en | 5 | 9.7589 | 7 | 0.1304 | 0.0588 |
| class2_cloze_3shot | jlens_indic | cloze | hi | native | 3 | 132 | 0.5076 | 0.4848 | 0.5 | 29 | 0.5533 | 0.0006 | 950.1611 | 32 | 0.1474 | 0 | en | 0 | 1.5938 | 3 | 0.2016 | 0.0531 |
| class2_cloze_3shot | jlens_indic | cloze | hi | roman | 3 | 226 | 0.1239 | 0.0973 | 0.1416 | 27 | 0.4421 | 0.0067 | 66.4741 | 32 | 0.2133 | 1 | en | 1 | 9.4611 | 2 | 0.1773 | 0.0506 |
| class2_cloze_3shot | jlens_indic | cloze | ml | native | 3 | 132 | 0.2348 | 0.2121 | 0.2803 | 27 | 0.3726 | 0.0013 | 294.5881 | 24 | 0.0024 | 13 | en | 3 | 5.4996 | 14 | 0.156 | 0.0327 |
| class2_cloze_3shot | jlens_indic | cloze | ml | roman | 3 | 240 | 0.0167 | 0.0167 | 0.0833 | 26 | 0.349 | 0.0072 | 48.157 | 32 | 0.0953 | 1 | en | 1 | 8.7379 | 3 | 0.147 | 0.0493 |
| class2_cloze_3shot | jlens_indic | cloze | ta | native | 3 | 132 | 0.4167 | 0.4167 | 0.4621 | 27 | 0.5012 | 0.0012 | 416.6843 | 32 | 0.115 | 0 | en | 0 | 1.8998 | 4 | 0.1847 | 0.0475 |
| class2_cloze_3shot | jlens_indic | cloze | ta | roman | 3 | 242 | 0.0083 | 0 | 0.0744 | 26 | 0.2886 | 0.012 | 24.1019 | 32 | 0.1013 | 1 | en | 1 | 9.0106 | 1 | 0.1272 | 0.079 |
| class2_cloze_3shot | jlens_mixed | cloze | hi | native | 3 | 132 | 0.5076 | 0.4848 | 0.5 | 29 | 0.549 | 0.0006 | 942.8534 | 32 | 0.1474 | 0 | en | 0 | 6.0593 | 4 | 0.2003 | 0.0533 |
| class2_cloze_3shot | jlens_mixed | cloze | hi | roman | 3 | 226 | 0.1239 | 0.0973 | 0.1416 | 29 | 0.4501 | 0.0067 | 67.6815 | 32 | 0.2133 | 0 | en | 0 | 10.5339 | 4 | 0.1782 | 0.0503 |
| class2_cloze_3shot | jlens_mixed | cloze | ml | native | 3 | 132 | 0.2348 | 0.2121 | 0.2803 | 29 | 0.3747 | 0.0013 | 296.1961 | 24 | 0.0076 | 13 | en | 4.5 | 5.7919 | 20 | 0.1605 | 0.0329 |
| class2_cloze_3shot | jlens_mixed | cloze | ml | roman | 3 | 240 | 0.0167 | 0.0167 | 0.0833 | 29 | 0.3563 | 0.0072 | 49.1636 | 32 | 0.0953 | 3 | en | 0 | 9.1571 | 3 | 0.1504 | 0.0488 |
| class2_cloze_3shot | jlens_mixed | cloze | ta | native | 3 | 132 | 0.4167 | 0.4167 | 0.4621 | 27 | 0.5015 | 0.0012 | 416.933 | 32 | 0.115 | 0 | en | 0 | 4.6934 | 6 | 0.1893 | 0.0469 |
| class2_cloze_3shot | jlens_mixed | cloze | ta | roman | 3 | 242 | 0.0083 | 0 | 0.0744 | 26 | 0.2944 | 0.012 | 24.5853 | 32 | 0.1013 | 3 | en | 0 | 8.4524 | 4 | 0.135 | 0.0767 |
| class2_cloze_3shot | logit | cloze | hi | native | 3 | 132 | 0.5076 | 0.4848 | 0.5 | 29 | 0.5735 | 0.0223 | 25.7736 | 33 | 0.4777 | 32 | en | 4 | 14.8415 | 0 | 0.2222 | 0.0374 |
| class2_cloze_3shot | logit | cloze | hi | roman | 3 | 226 | 0.1239 | 0.0973 | 0.1416 | 29 | 0.5213 | 0.0091 | 57.2209 | 32 | 0.2133 | 3 | en | 0 | 8.6264 | 0 | 0.211 | 0.0685 |
| class2_cloze_3shot | logit | cloze | ml | native | 3 | 132 | 0.2348 | 0.2121 | 0.2803 | 27 | 0.4414 | 0.0151 | 29.3186 | 33 | 0.2761 | 33 | en | 33 | 14.3408 | 1 | 0.1805 | 0.0135 |
| class2_cloze_3shot | logit | cloze | ml | roman | 3 | 240 | 0.0167 | 0.0167 | 0.0833 | 28 | 0.4096 | 0.0108 | 37.8404 | 32 | 0.0953 | 13 | en | 4 | 8.1901 | 4 | 0.1692 | 0.0707 |
| class2_cloze_3shot | logit | cloze | ta | native | 3 | 132 | 0.4167 | 0.4167 | 0.4621 | 27 | 0.5085 | 0.0197 | 25.7535 | 33 | 0.4333 | 32 | en | 32 | 14.9567 | 0 | 0.1978 | 0.0296 |
| class2_cloze_3shot | logit | cloze | ta | roman | 3 | 242 | 0.0083 | 0 | 0.0744 | 27 | 0.2887 | 0.0147 | 19.595 | 32 | 0.1013 | 13 | en | 4 | 7.5455 | 2 | 0.1235 | 0.1385 |

[report] figures in outputs/romanlens/gemma-3-4b-it/class2_cloze_3shot/figures

[run] outputs/romanlens/gemma-3-4b-it/class2_cloze_4shot
[vocab] 42/792 items collide (excluded)
[run] 0/792  cloze_hi_hi_native_book
[run] 50/792  cloze_hi_hi_native_four
[run] 100/792  cloze_hi_hi_native_square
[run] 150/792  cloze_hi_rom_hi_roman_song
[run] 200/792  cloze_hi_rom_hi_roman_seat
[run] 250/792  cloze_hi_rom_hi_roman_tower
[run] 300/792  cloze_ta_ta_native_rice
[run] 350/792  cloze_ta_ta_native_example
[run] 400/792  cloze_ta_rom_ta_roman_soil
[run] 450/792  cloze_ta_rom_ta_roman_eight
[run] 500/792  cloze_ta_rom_ta_roman_tribe
[run] 550/792  cloze_ml_ml_native_river
[run] 600/792  cloze_ml_ml_native_machine
[run] 650/792  cloze_ml_ml_native_section
[run] 700/792  cloze_ml_rom_ml_roman_flower
[run] 750/792  cloze_ml_rom_ml_roman_delete

[gate] kept 750/792
   lang script    n    sub exact  tok1
     hi native  132  0.500 0.477 0.492
     hi  roman  113  0.097 0.088 0.133
     ml native  132  0.265 0.242 0.311
     ml  roman  120  0.033 0.025 0.117
     ta native  132  0.455 0.447 0.500
     ta  roman  121  0.000 0.000 0.074
[report] class2_cloze_4shot  lenses=['jlens_en', 'jlens_indic', 'jlens_mixed', 'logit']
  outputs/romanlens/gemma-3-4b-it/class2_cloze_4shot/figures/accuracy.png
  outputs/romanlens/gemma-3-4b-it/class2_cloze_4shot/figures/curves__cloze__jlens_en.png
  outputs/romanlens/gemma-3-4b-it/class2_cloze_4shot/figures/ranks__cloze__jlens_en.png
  outputs/romanlens/gemma-3-4b-it/class2_cloze_4shot/figures/scripts__cloze.png
  outputs/romanlens/gemma-3-4b-it/class2_cloze_4shot/figures/switch__cloze__jlens_en.png
  outputs/romanlens/gemma-3-4b-it/class2_cloze_4shot/figures/curves__cloze__jlens_indic.png
  outputs/romanlens/gemma-3-4b-it/class2_cloze_4shot/figures/ranks__cloze__jlens_indic.png
  outputs/romanlens/gemma-3-4b-it/class2_cloze_4shot/figures/scripts__cloze.png
  outputs/romanlens/gemma-3-4b-it/class2_cloze_4shot/figures/switch__cloze__jlens_indic.png
  outputs/romanlens/gemma-3-4b-it/class2_cloze_4shot/figures/curves__cloze__jlens_mixed.png
  outputs/romanlens/gemma-3-4b-it/class2_cloze_4shot/figures/ranks__cloze__jlens_mixed.png
  outputs/romanlens/gemma-3-4b-it/class2_cloze_4shot/figures/scripts__cloze.png
  outputs/romanlens/gemma-3-4b-it/class2_cloze_4shot/figures/switch__cloze__jlens_mixed.png
  outputs/romanlens/gemma-3-4b-it/class2_cloze_4shot/figures/curves__cloze__logit.png
  outputs/romanlens/gemma-3-4b-it/class2_cloze_4shot/figures/ranks__cloze__logit.png
  outputs/romanlens/gemma-3-4b-it/class2_cloze_4shot/figures/scripts__cloze.png
  outputs/romanlens/gemma-3-4b-it/class2_cloze_4shot/figures/switch__cloze__logit.png
  outputs/romanlens/gemma-3-4b-it/class2_cloze_4shot/figures/lenscmp__cloze__en.png
  outputs/romanlens/gemma-3-4b-it/class2_cloze_4shot/figures/lenscmp__cloze__native.png
  outputs/romanlens/gemma-3-4b-it/class2_cloze_4shot/figures/lenscmp__cloze__roman.png

| run | lens | task | lang | script | shots | n | acc | acc_exact | acc_tok1 | L_en | P_en | P_enctrl | en_ratio | L_tgt | P_tgt | L_switch | sw_ref | sw_med | sw_sd | sw_never | MRR_en | MRR_tgt |
|---|---|---|---|---|---|---|---|---|---|---|---|---|---|---|---|---|---|---|---|---|---|---|
| class2_cloze_4shot | jlens_en | cloze | hi | native | 4 | 132 | 0.5 | 0.4773 | 0.4924 | 29 | 0.5673 | 0.0005 | 1051.6316 | 32 | 0.154 | 2 | en | 11 | 10.8319 | 29 | 0.2048 | 0.051 |
| class2_cloze_4shot | jlens_en | cloze | hi | roman | 4 | 226 | 0.0973 | 0.0885 | 0.1327 | 29 | 0.4931 | 0.0066 | 74.9326 | 32 | 0.2316 | 32 | en | 5 | 9.6836 | 6 | 0.1753 | 0.0544 |
| class2_cloze_4shot | jlens_en | cloze | ml | native | 4 | 132 | 0.2652 | 0.2424 | 0.3106 | 27 | 0.4087 | 0.0013 | 322.4638 | 24 | 0.0025 | -1 | en | 8 | 4.1875 | 57 | 0.1681 | 0.0323 |
| class2_cloze_4shot | jlens_en | cloze | ml | roman | 4 | 240 | 0.0333 | 0.025 | 0.1167 | 27 | 0.3955 | 0.0121 | 32.7465 | 32 | 0.104 | 32 | en | 6 | 10.0454 | 8 | 0.1477 | 0.0488 |
| class2_cloze_4shot | jlens_en | cloze | ta | native | 4 | 132 | 0.4545 | 0.447 | 0.5 | 27 | 0.5284 | 0.001 | 555.6306 | 32 | 0.1128 | 32 | en | 12 | 11.5238 | 34 | 0.1904 | 0.0425 |
| class2_cloze_4shot | jlens_en | cloze | ta | roman | 4 | 242 | 0 | 0 | 0.0744 | 27 | 0.3062 | 0.0123 | 24.8973 | 32 | 0.0967 | 29 | en | 5 | 8.0511 | 6 | 0.1231 | 0.0581 |
| class2_cloze_4shot | jlens_indic | cloze | hi | native | 4 | 132 | 0.5 | 0.4773 | 0.4924 | 29 | 0.5633 | 0.0005 | 1044.1353 | 32 | 0.154 | 0 | en | 0 | 1.6268 | 3 | 0.2017 | 0.0538 |
| class2_cloze_4shot | jlens_indic | cloze | hi | roman | 4 | 226 | 0.0973 | 0.0885 | 0.1327 | 29 | 0.4095 | 0.0066 | 62.2194 | 32 | 0.2316 | 1 | en | 1 | 9.5849 | 2 | 0.1673 | 0.053 |
| class2_cloze_4shot | jlens_indic | cloze | ml | native | 4 | 132 | 0.2652 | 0.2424 | 0.3106 | 27 | 0.3646 | 0.0013 | 287.6671 | 24 | 0.0024 | 13 | en | 3 | 5.3857 | 15 | 0.1552 | 0.0327 |
| class2_cloze_4shot | jlens_indic | cloze | ml | roman | 4 | 240 | 0.0333 | 0.025 | 0.1167 | 27 | 0.3401 | 0.0121 | 28.1571 | 32 | 0.104 | 1 | en | 1 | 8.843 | 3 | 0.1452 | 0.0508 |
| class2_cloze_4shot | jlens_indic | cloze | ta | native | 4 | 132 | 0.4545 | 0.447 | 0.5 | 29 | 0.522 | 0.001 | 548.8586 | 32 | 0.1128 | 0 | en | 0 | 3.3692 | 3 | 0.1874 | 0.047 |
| class2_cloze_4shot | jlens_indic | cloze | ta | roman | 4 | 242 | 0 | 0 | 0.0744 | 26 | 0.2682 | 0.0123 | 21.8113 | 32 | 0.0967 | 1 | en | 1 | 8.2026 | 4 | 0.1197 | 0.0773 |
| class2_cloze_4shot | jlens_mixed | cloze | hi | native | 4 | 132 | 0.5 | 0.4773 | 0.4924 | 29 | 0.5573 | 0.0005 | 1032.967 | 32 | 0.154 | 0 | en | 0 | 6.682 | 2 | 0.2017 | 0.054 |
| class2_cloze_4shot | jlens_mixed | cloze | hi | roman | 4 | 226 | 0.0973 | 0.0885 | 0.1327 | 29 | 0.4186 | 0.0066 | 63.605 | 32 | 0.2316 | 0 | en | 0 | 10.3598 | 3 | 0.1673 | 0.0529 |
| class2_cloze_4shot | jlens_mixed | cloze | ml | native | 4 | 132 | 0.2652 | 0.2424 | 0.3106 | 27 | 0.3655 | 0.0013 | 288.4019 | 24 | 0.0075 | 13 | en | 4 | 5.7998 | 20 | 0.1595 | 0.0329 |
| class2_cloze_4shot | jlens_mixed | cloze | ml | roman | 4 | 240 | 0.0333 | 0.025 | 0.1167 | 27 | 0.3541 | 0.0121 | 29.3202 | 32 | 0.104 | 3 | en | 0 | 8.9673 | 3 | 0.1487 | 0.0503 |
| class2_cloze_4shot | jlens_mixed | cloze | ta | native | 4 | 132 | 0.4545 | 0.447 | 0.5 | 27 | 0.5219 | 0.001 | 548.7579 | 32 | 0.1128 | 0 | en | 0 | 5.3638 | 5 | 0.1924 | 0.0464 |
| class2_cloze_4shot | jlens_mixed | cloze | ta | roman | 4 | 242 | 0 | 0 | 0.0744 | 26 | 0.2713 | 0.0123 | 22.0628 | 32 | 0.0967 | 3 | en | 0 | 7.8944 | 4 | 0.1278 | 0.075 |
| class2_cloze_4shot | logit | cloze | hi | native | 4 | 132 | 0.5 | 0.4773 | 0.4924 | 29 | 0.5762 | 0.0186 | 31.0077 | 33 | 0.4898 | 32 | en | 4.5 | 14.4134 | 0 | 0.2219 | 0.0379 |
| class2_cloze_4shot | logit | cloze | hi | roman | 4 | 226 | 0.0973 | 0.0885 | 0.1327 | 29 | 0.5048 | 0.009 | 55.9858 | 32 | 0.2316 | 3 | en | 0 | 8.232 | 0 | 0.1985 | 0.0738 |
| class2_cloze_4shot | logit | cloze | ml | native | 4 | 132 | 0.2652 | 0.2424 | 0.3106 | 27 | 0.4243 | 0.016 | 26.4466 | 33 | 0.3051 | 33 | en | 33 | 14.2855 | 0 | 0.1768 | 0.0144 |
| class2_cloze_4shot | logit | cloze | ml | roman | 4 | 240 | 0.0333 | 0.025 | 0.1167 | 28 | 0.4041 | 0.0121 | 33.4593 | 33 | 0.1149 | 13 | en | 4 | 8.1541 | 2 | 0.1617 | 0.0759 |
| class2_cloze_4shot | logit | cloze | ta | native | 4 | 132 | 0.4545 | 0.447 | 0.5 | 29 | 0.528 | 0.0165 | 32.0489 | 33 | 0.4671 | 32 | en | 32 | 14.9454 | 1 | 0.2035 | 0.0305 |
| class2_cloze_4shot | logit | cloze | ta | roman | 4 | 242 | 0 | 0 | 0.0744 | 27 | 0.2629 | 0.0147 | 17.8639 | 32 | 0.0967 | 13 | en | 3 | 7.5419 | 2 | 0.1214 | 0.139 |

[report] figures in outputs/romanlens/gemma-3-4b-it/class2_cloze_4shot/figures

[run] outputs/romanlens/gemma-3-4b-it/class3_repetition_1shot
[vocab] 42/792 items collide (excluded)
[run] 0/792  repetition_hi_hi_native_book
[run] 50/792  repetition_hi_hi_native_four
[run] 100/792  repetition_hi_hi_native_square
[run] 150/792  repetition_hi_rom_hi_roman_song
[run] 200/792  repetition_hi_rom_hi_roman_seat
[run] 250/792  repetition_hi_rom_hi_roman_tower
[run] 300/792  repetition_ta_ta_native_rice
[run] 350/792  repetition_ta_ta_native_example
[run] 400/792  repetition_ta_rom_ta_roman_soil
[run] 450/792  repetition_ta_rom_ta_roman_eight
[run] 500/792  repetition_ta_rom_ta_roman_tribe
[run] 550/792  repetition_ml_ml_native_river
[run] 600/792  repetition_ml_ml_native_machine
[run] 650/792  repetition_ml_ml_native_section
[run] 700/792  repetition_ml_rom_ml_roman_flower
[run] 750/792  repetition_ml_rom_ml_roman_delete

[gate] kept 750/792
   lang script    n    sub exact  tok1
     hi native  132  0.985 0.985 0.985
     hi  roman  113  0.973 0.973 0.973
     ml native  132  0.992 0.992 1.000
     ml  roman  120  0.925 0.925 0.925
     ta native  132  0.992 0.985 0.992
     ta  roman  121  0.992 0.992 0.992
[report] class3_repetition_1shot  lenses=['jlens_en', 'jlens_indic', 'jlens_mixed', 'logit']
  outputs/romanlens/gemma-3-4b-it/class3_repetition_1shot/figures/accuracy.png
  outputs/romanlens/gemma-3-4b-it/class3_repetition_1shot/figures/curves__repetition__jlens_en.png
  outputs/romanlens/gemma-3-4b-it/class3_repetition_1shot/figures/ranks__repetition__jlens_en.png
  outputs/romanlens/gemma-3-4b-it/class3_repetition_1shot/figures/scripts__repetition.png
  outputs/romanlens/gemma-3-4b-it/class3_repetition_1shot/figures/switch__repetition__jlens_en.png
  outputs/romanlens/gemma-3-4b-it/class3_repetition_1shot/figures/curves__repetition__jlens_indic.png
  outputs/romanlens/gemma-3-4b-it/class3_repetition_1shot/figures/ranks__repetition__jlens_indic.png
  outputs/romanlens/gemma-3-4b-it/class3_repetition_1shot/figures/scripts__repetition.png
  outputs/romanlens/gemma-3-4b-it/class3_repetition_1shot/figures/switch__repetition__jlens_indic.png
  outputs/romanlens/gemma-3-4b-it/class3_repetition_1shot/figures/curves__repetition__jlens_mixed.png
  outputs/romanlens/gemma-3-4b-it/class3_repetition_1shot/figures/ranks__repetition__jlens_mixed.png
  outputs/romanlens/gemma-3-4b-it/class3_repetition_1shot/figures/scripts__repetition.png
  outputs/romanlens/gemma-3-4b-it/class3_repetition_1shot/figures/switch__repetition__jlens_mixed.png
  outputs/romanlens/gemma-3-4b-it/class3_repetition_1shot/figures/curves__repetition__logit.png
  outputs/romanlens/gemma-3-4b-it/class3_repetition_1shot/figures/ranks__repetition__logit.png
  outputs/romanlens/gemma-3-4b-it/class3_repetition_1shot/figures/scripts__repetition.png
  outputs/romanlens/gemma-3-4b-it/class3_repetition_1shot/figures/switch__repetition__logit.png
  outputs/romanlens/gemma-3-4b-it/class3_repetition_1shot/figures/lenscmp__repetition__en.png
  outputs/romanlens/gemma-3-4b-it/class3_repetition_1shot/figures/lenscmp__repetition__native.png
  outputs/romanlens/gemma-3-4b-it/class3_repetition_1shot/figures/lenscmp__repetition__roman.png

| run | lens | task | lang | script | shots | n | acc | acc_exact | acc_tok1 | L_en | P_en | P_enctrl | en_ratio | L_tgt | P_tgt | L_switch | sw_ref | sw_med | sw_sd | sw_never | MRR_en | MRR_tgt |
|---|---|---|---|---|---|---|---|---|---|---|---|---|---|---|---|---|---|---|---|---|---|---|
| class3_repetition_1shot | jlens_en | repetition | hi | native | 1 | 132 | 0.9848 | 0.9848 | 0.9848 | 29 | 0.628 | 0.0002 | 3705.9583 | 32 | 0.634 | 29 | en | 14 | 10.1954 | 10 | 0.2191 | 0.1145 |
| class3_repetition_1shot | jlens_en | repetition | hi | roman | 1 | 226 | 0.9735 | 0.9735 | 0.9735 | 28 | 0.3323 | 0.0003 | 1147.1846 | 32 | 0.9082 | 23 | en | 6 | 9.2382 | 0 | 0.1166 | 0.171 |
| class3_repetition_1shot | jlens_en | repetition | ml | native | 1 | 132 | 0.9924 | 0.9924 | 1 | 28 | 0.4152 | 0.0001 | 4739.3096 | 32 | 0.2864 | 23 | en | 14.5 | 9.9612 | 4 | 0.1557 | 0.0984 |
| class3_repetition_1shot | jlens_en | repetition | ml | roman | 1 | 240 | 0.925 | 0.925 | 0.925 | 27 | 0.0982 | 0.0006 | 156.2232 | 32 | 0.8931 | 23 | en | 8 | 8.494 | 0 | 0.0602 | 0.1873 |
| class3_repetition_1shot | jlens_en | repetition | ta | native | 1 | 132 | 0.9924 | 0.9848 | 0.9924 | 29 | 0.6246 | 0.0001 | 5091.4536 | 32 | 0.6617 | 23 | en | 15 | 10.6027 | 5 | 0.213 | 0.0859 |
| class3_repetition_1shot | jlens_en | repetition | ta | roman | 1 | 242 | 0.9917 | 0.9917 | 0.9917 | 28 | 0.0865 | 0.0006 | 136.2722 | 32 | 0.9676 | 23 | en | 7 | 8.5427 | 0 | 0.0562 | 0.2179 |
| class3_repetition_1shot | jlens_indic | repetition | hi | native | 1 | 132 | 0.9848 | 0.9848 | 0.9848 | 28 | 0.6063 | 0.0002 | 3577.551 | 32 | 0.634 | 0 | en | 0 | 3.3915 | 0 | 0.211 | 0.1315 |
| class3_repetition_1shot | jlens_indic | repetition | hi | roman | 1 | 226 | 0.9735 | 0.9735 | 0.9735 | 27 | 0.2695 | 0.0004 | 709.6945 | 32 | 0.9082 | 1 | en | 1 | 8.3827 | 0 | 0.1023 | 0.1913 |
| class3_repetition_1shot | jlens_indic | repetition | ml | native | 1 | 132 | 0.9924 | 0.9924 | 1 | 28 | 0.3217 | 0.0001 | 3672.6201 | 31 | 0.367 | 7 | en | 3 | 7.7821 | 1 | 0.1286 | 0.1183 |
| class3_repetition_1shot | jlens_indic | repetition | ml | roman | 1 | 240 | 0.925 | 0.925 | 0.925 | 27 | 0.0739 | 0.0015 | 48.4692 | 32 | 0.8931 | 1 | en | 1 | 7.9578 | 0 | 0.055 | 0.2108 |
| class3_repetition_1shot | jlens_indic | repetition | ta | native | 1 | 132 | 0.9924 | 0.9848 | 0.9924 | 28 | 0.623 | 0.0001 | 5078.7026 | 32 | 0.6617 | 0 | en | 0 | 5.5653 | 0 | 0.2083 | 0.1071 |
| class3_repetition_1shot | jlens_indic | repetition | ta | roman | 1 | 242 | 0.9917 | 0.9917 | 0.9917 | 27 | 0.0701 | 0.0013 | 55.8328 | 32 | 0.9676 | 1 | en | 1 | 8.5237 | 0 | 0.052 | 0.2398 |
| class3_repetition_1shot | jlens_mixed | repetition | hi | native | 1 | 132 | 0.9848 | 0.9848 | 0.9848 | 27 | 0.5803 | 0.0002 | 3423.9841 | 32 | 0.634 | 0 | en | 0 | 7.385 | 0 | 0.2048 | 0.1372 |
| class3_repetition_1shot | jlens_mixed | repetition | hi | roman | 1 | 226 | 0.9735 | 0.9735 | 0.9735 | 27 | 0.2651 | 0.0003 | 852.9664 | 32 | 0.9082 | 0 | en | 0 | 8.5938 | 0 | 0.1039 | 0.1895 |
| class3_repetition_1shot | jlens_mixed | repetition | ml | native | 1 | 132 | 0.9924 | 0.9924 | 1 | 28 | 0.3279 | 0.0001 | 3743.1624 | 31 | 0.3577 | 6 | en | 4 | 7.669 | 2 | 0.1319 | 0.122 |
| class3_repetition_1shot | jlens_mixed | repetition | ml | roman | 1 | 240 | 0.925 | 0.925 | 0.925 | 27 | 0.0806 | 0.0013 | 64.023 | 32 | 0.8931 | 3 | en | 0 | 8.2016 | 0 | 0.0573 | 0.2196 |
| class3_repetition_1shot | jlens_mixed | repetition | ta | native | 1 | 132 | 0.9924 | 0.9848 | 0.9924 | 28 | 0.6213 | 0.0001 | 5064.5474 | 32 | 0.6617 | 0 | en | 0 | 7.6275 | 0 | 0.2108 | 0.1079 |
| class3_repetition_1shot | jlens_mixed | repetition | ta | roman | 1 | 242 | 0.9917 | 0.9917 | 0.9917 | 27 | 0.0704 | 0.0011 | 65.8274 | 32 | 0.9676 | 3 | en | 0 | 8.3373 | 0 | 0.0532 | 0.2486 |
| class3_repetition_1shot | logit | repetition | hi | native | 1 | 132 | 0.9848 | 0.9848 | 0.9848 | 29 | 0.6344 | 0.0179 | 35.4805 | 33 | 0.9727 | 30 | en | 4 | 13.8271 | 0 | 0.2088 | 0.0931 |
| class3_repetition_1shot | logit | repetition | hi | roman | 1 | 226 | 0.9735 | 0.9735 | 0.9735 | 28 | 0.3422 | 0.0144 | 23.7685 | 33 | 0.9339 | 13 | en | 0 | 7.8644 | 0 | 0.1105 | 0.245 |
| class3_repetition_1shot | logit | repetition | ml | native | 1 | 132 | 0.9924 | 0.9924 | 1 | 28 | 0.413 | 0.01 | 41.1712 | 33 | 0.982 | 30 | en | 29 | 13.9455 | 0 | 0.133 | 0.0645 |
| class3_repetition_1shot | logit | repetition | ml | roman | 1 | 240 | 0.925 | 0.925 | 0.925 | 28 | 0.0926 | 0.0148 | 6.2462 | 33 | 0.8998 | 21 | en | 3 | 9.4313 | 0 | 0.055 | 0.2644 |
| class3_repetition_1shot | logit | repetition | ta | native | 1 | 132 | 0.9924 | 0.9848 | 0.9924 | 28 | 0.6159 | 0.016 | 38.4607 | 33 | 0.982 | 13 | en | 12 | 12.5675 | 0 | 0.1993 | 0.0723 |
| class3_repetition_1shot | logit | repetition | ta | roman | 1 | 242 | 0.9917 | 0.9917 | 0.9917 | 28 | 0.0783 | 0.0138 | 5.6854 | 33 | 0.979 | 15 | en | 4 | 8.7624 | 0 | 0.051 | 0.2812 |

[report] figures in outputs/romanlens/gemma-3-4b-it/class3_repetition_1shot/figures

[run] outputs/romanlens/gemma-3-4b-it/class3_repetition_2shot
[vocab] 42/792 items collide (excluded)
[run] 0/792  repetition_hi_hi_native_book
[run] 50/792  repetition_hi_hi_native_four
[run] 100/792  repetition_hi_hi_native_square
[run] 150/792  repetition_hi_rom_hi_roman_song
[run] 200/792  repetition_hi_rom_hi_roman_seat
[run] 250/792  repetition_hi_rom_hi_roman_tower
[run] 300/792  repetition_ta_ta_native_rice
[run] 350/792  repetition_ta_ta_native_example
[run] 400/792  repetition_ta_rom_ta_roman_soil
[run] 450/792  repetition_ta_rom_ta_roman_eight
[run] 500/792  repetition_ta_rom_ta_roman_tribe
[run] 550/792  repetition_ml_ml_native_river
[run] 600/792  repetition_ml_ml_native_machine
[run] 650/792  repetition_ml_ml_native_section
[run] 700/792  repetition_ml_rom_ml_roman_flower
[run] 750/792  repetition_ml_rom_ml_roman_delete

[gate] kept 750/792
   lang script    n    sub exact  tok1
     hi native  132  1.000 1.000 1.000
     hi  roman  113  1.000 1.000 1.000
     ml native  132  0.992 0.992 1.000
     ml  roman  120  0.992 0.992 0.992
     ta native  132  1.000 1.000 1.000
     ta  roman  121  1.000 1.000 1.000
[report] class3_repetition_2shot  lenses=['jlens_en', 'jlens_indic', 'jlens_mixed', 'logit']
  outputs/romanlens/gemma-3-4b-it/class3_repetition_2shot/figures/accuracy.png
  outputs/romanlens/gemma-3-4b-it/class3_repetition_2shot/figures/curves__repetition__jlens_en.png
  outputs/romanlens/gemma-3-4b-it/class3_repetition_2shot/figures/ranks__repetition__jlens_en.png
  outputs/romanlens/gemma-3-4b-it/class3_repetition_2shot/figures/scripts__repetition.png
  outputs/romanlens/gemma-3-4b-it/class3_repetition_2shot/figures/switch__repetition__jlens_en.png
  outputs/romanlens/gemma-3-4b-it/class3_repetition_2shot/figures/curves__repetition__jlens_indic.png
  outputs/romanlens/gemma-3-4b-it/class3_repetition_2shot/figures/ranks__repetition__jlens_indic.png
  outputs/romanlens/gemma-3-4b-it/class3_repetition_2shot/figures/scripts__repetition.png
  outputs/romanlens/gemma-3-4b-it/class3_repetition_2shot/figures/switch__repetition__jlens_indic.png
  outputs/romanlens/gemma-3-4b-it/class3_repetition_2shot/figures/curves__repetition__jlens_mixed.png
  outputs/romanlens/gemma-3-4b-it/class3_repetition_2shot/figures/ranks__repetition__jlens_mixed.png
  outputs/romanlens/gemma-3-4b-it/class3_repetition_2shot/figures/scripts__repetition.png
  outputs/romanlens/gemma-3-4b-it/class3_repetition_2shot/figures/switch__repetition__jlens_mixed.png
  outputs/romanlens/gemma-3-4b-it/class3_repetition_2shot/figures/curves__repetition__logit.png
  outputs/romanlens/gemma-3-4b-it/class3_repetition_2shot/figures/ranks__repetition__logit.png
  outputs/romanlens/gemma-3-4b-it/class3_repetition_2shot/figures/scripts__repetition.png
  outputs/romanlens/gemma-3-4b-it/class3_repetition_2shot/figures/switch__repetition__logit.png
  outputs/romanlens/gemma-3-4b-it/class3_repetition_2shot/figures/lenscmp__repetition__en.png
  outputs/romanlens/gemma-3-4b-it/class3_repetition_2shot/figures/lenscmp__repetition__native.png
  outputs/romanlens/gemma-3-4b-it/class3_repetition_2shot/figures/lenscmp__repetition__roman.png

| run | lens | task | lang | script | shots | n | acc | acc_exact | acc_tok1 | L_en | P_en | P_enctrl | en_ratio | L_tgt | P_tgt | L_switch | sw_ref | sw_med | sw_sd | sw_never | MRR_en | MRR_tgt |
|---|---|---|---|---|---|---|---|---|---|---|---|---|---|---|---|---|---|---|---|---|---|---|
| class3_repetition_2shot | jlens_en | repetition | hi | native | 2 | 132 | 1 | 1 | 1 | 28 | 0.5188 | 0 | 15078.2705 | 32 | 0.7904 | 2 | en | 15 | 10.174 | 5 | 0.1952 | 0.1419 |
| class3_repetition_2shot | jlens_en | repetition | hi | roman | 2 | 226 | 1 | 1 | 1 | 27 | 0.2306 | 0.0003 | 675.4781 | 32 | 0.9741 | 23 | en | 6 | 8.6363 | 0 | 0.0855 | 0.2105 |
| class3_repetition_2shot | jlens_en | repetition | ml | native | 2 | 132 | 0.9924 | 0.9924 | 1 | 28 | 0.3683 | 0.0001 | 5594.6421 | 32 | 0.3863 | 23 | en | 13 | 9.4195 | 1 | 0.1355 | 0.1251 |
| class3_repetition_2shot | jlens_en | repetition | ml | roman | 2 | 240 | 0.9917 | 0.9917 | 0.9917 | 27 | 0.0408 | 0.0009 | 44.2413 | 32 | 0.981 | 23 | en | 10 | 7.4252 | 0 | 0.0409 | 0.2417 |
| class3_repetition_2shot | jlens_en | repetition | ta | native | 2 | 132 | 1 | 1 | 1 | 28 | 0.6068 | 0 | 13152.8994 | 32 | 0.7934 | 24 | en | 17 | 10.7433 | 1 | 0.2116 | 0.1022 |
| class3_repetition_2shot | jlens_en | repetition | ta | roman | 2 | 242 | 1 | 1 | 1 | 28 | 0.0497 | 0.0013 | 38.2627 | 32 | 0.9905 | 23 | en | 6 | 8.1143 | 0 | 0.0461 | 0.2528 |
| class3_repetition_2shot | jlens_indic | repetition | hi | native | 2 | 132 | 1 | 1 | 1 | 27 | 0.5278 | 0 | 15339.6045 | 32 | 0.7904 | 0 | en | 0 | 3.3363 | 0 | 0.1888 | 0.1614 |
| class3_repetition_2shot | jlens_indic | repetition | hi | roman | 2 | 226 | 1 | 1 | 1 | 27 | 0.1562 | 0.0005 | 286.5057 | 32 | 0.9741 | 1 | en | 1 | 7.383 | 0 | 0.07 | 0.2318 |
| class3_repetition_2shot | jlens_indic | repetition | ml | native | 2 | 132 | 0.9924 | 0.9924 | 1 | 28 | 0.2535 | 0.0001 | 3766.5315 | 31 | 0.4648 | 7 | en | 3 | 7.4145 | 0 | 0.1068 | 0.1496 |
| class3_repetition_2shot | jlens_indic | repetition | ml | roman | 2 | 240 | 0.9917 | 0.9917 | 0.9917 | 27 | 0.0226 | 0.0015 | 15.1142 | 32 | 0.981 | 1 | en | 1 | 7.5491 | 0 | 0.0386 | 0.2772 |
| class3_repetition_2shot | jlens_indic | repetition | ta | native | 2 | 132 | 1 | 1 | 1 | 28 | 0.6127 | 0 | 13280.8242 | 32 | 0.7934 | 0 | en | 0 | 5.5702 | 0 | 0.2037 | 0.1282 |
| class3_repetition_2shot | jlens_indic | repetition | ta | roman | 2 | 242 | 1 | 1 | 1 | 26 | 0.0451 | 0.0018 | 25.7044 | 32 | 0.9905 | 1 | en | 1 | 8.0434 | 0 | 0.0435 | 0.2691 |
| class3_repetition_2shot | jlens_mixed | repetition | hi | native | 2 | 132 | 1 | 1 | 1 | 27 | 0.4851 | 0 | 14096.1611 | 32 | 0.7904 | 0 | en | 0 | 7.0458 | 0 | 0.1813 | 0.1696 |
| class3_repetition_2shot | jlens_mixed | repetition | hi | roman | 2 | 226 | 1 | 1 | 1 | 27 | 0.1563 | 0.0005 | 335.161 | 32 | 0.9741 | 0 | en | 0 | 7.968 | 0 | 0.0709 | 0.2326 |
| class3_repetition_2shot | jlens_mixed | repetition | ml | native | 2 | 132 | 0.9924 | 0.9924 | 1 | 28 | 0.2646 | 0.0001 | 4174.2617 | 31 | 0.4578 | 6 | en | 4 | 7.1962 | 1 | 0.1113 | 0.1524 |
| class3_repetition_2shot | jlens_mixed | repetition | ml | roman | 2 | 240 | 0.9917 | 0.9917 | 0.9917 | 27 | 0.0269 | 0.0013 | 20.0249 | 32 | 0.981 | 3 | en | 0 | 7.5057 | 0 | 0.0402 | 0.2823 |
| class3_repetition_2shot | jlens_mixed | repetition | ta | native | 2 | 132 | 1 | 1 | 1 | 28 | 0.6095 | 0 | 13211.6611 | 32 | 0.7934 | 0 | en | 0 | 8.1098 | 0 | 0.2085 | 0.1279 |
| class3_repetition_2shot | jlens_mixed | repetition | ta | roman | 2 | 242 | 1 | 1 | 1 | 28 | 0.0459 | 0.0015 | 30.7621 | 32 | 0.9905 | 3 | en | 0 | 8.0861 | 0 | 0.0445 | 0.2798 |
| class3_repetition_2shot | logit | repetition | hi | native | 2 | 132 | 1 | 1 | 1 | 28 | 0.5537 | 0.016 | 34.5287 | 33 | 0.9945 | 30 | en | 4 | 13.3946 | 0 | 0.1732 | 0.1038 |
| class3_repetition_2shot | logit | repetition | hi | roman | 2 | 226 | 1 | 1 | 1 | 28 | 0.1913 | 0.0165 | 11.5942 | 33 | 0.9953 | 11 | en | 0 | 7.9524 | 0 | 0.0646 | 0.2773 |
| class3_repetition_2shot | logit | repetition | ml | native | 2 | 132 | 0.9924 | 0.9924 | 1 | 28 | 0.3184 | 0.0084 | 37.8427 | 33 | 0.9991 | 30 | en | 29 | 13.6484 | 0 | 0.0976 | 0.0738 |
| class3_repetition_2shot | logit | repetition | ml | roman | 2 | 240 | 0.9917 | 0.9917 | 0.9917 | 28 | 0.0311 | 0.0171 | 1.8148 | 33 | 0.9911 | 21 | en | 3.5 | 9.2742 | 0 | 0.0307 | 0.2989 |
| class3_repetition_2shot | logit | repetition | ta | native | 2 | 132 | 1 | 1 | 1 | 28 | 0.6048 | 0.0145 | 41.7658 | 33 | 0.9954 | 31 | en | 12.5 | 12.9984 | 0 | 0.1887 | 0.0811 |
| class3_repetition_2shot | logit | repetition | ta | roman | 2 | 242 | 1 | 1 | 1 | 28 | 0.0507 | 0.0139 | 3.6521 | 33 | 0.9969 | 21 | en | 4 | 8.2876 | 0 | 0.038 | 0.2984 |

[report] figures in outputs/romanlens/gemma-3-4b-it/class3_repetition_2shot/figures

[run] outputs/romanlens/gemma-3-4b-it/class3_repetition_3shot
[vocab] 42/792 items collide (excluded)
[run] 0/792  repetition_hi_hi_native_book
[run] 50/792  repetition_hi_hi_native_four
[run] 100/792  repetition_hi_hi_native_square
[run] 150/792  repetition_hi_rom_hi_roman_song
[run] 200/792  repetition_hi_rom_hi_roman_seat
[run] 250/792  repetition_hi_rom_hi_roman_tower
[run] 300/792  repetition_ta_ta_native_rice
[run] 350/792  repetition_ta_ta_native_example
[run] 400/792  repetition_ta_rom_ta_roman_soil
[run] 450/792  repetition_ta_rom_ta_roman_eight
[run] 500/792  repetition_ta_rom_ta_roman_tribe
[run] 550/792  repetition_ml_ml_native_river
[run] 600/792  repetition_ml_ml_native_machine
[run] 650/792  repetition_ml_ml_native_section
[run] 700/792  repetition_ml_rom_ml_roman_flower
[run] 750/792  repetition_ml_rom_ml_roman_delete

[gate] kept 750/792
   lang script    n    sub exact  tok1
     hi native  132  1.000 1.000 1.000
     hi  roman  113  1.000 1.000 1.000
     ml native  132  0.992 0.992 1.000
     ml  roman  120  1.000 1.000 1.000
     ta native  132  1.000 1.000 1.000
     ta  roman  121  1.000 1.000 1.000
[report] class3_repetition_3shot  lenses=['jlens_en', 'jlens_indic', 'jlens_mixed', 'logit']
  outputs/romanlens/gemma-3-4b-it/class3_repetition_3shot/figures/accuracy.png
  outputs/romanlens/gemma-3-4b-it/class3_repetition_3shot/figures/curves__repetition__jlens_en.png
  outputs/romanlens/gemma-3-4b-it/class3_repetition_3shot/figures/ranks__repetition__jlens_en.png
  outputs/romanlens/gemma-3-4b-it/class3_repetition_3shot/figures/scripts__repetition.png
  outputs/romanlens/gemma-3-4b-it/class3_repetition_3shot/figures/switch__repetition__jlens_en.png
  outputs/romanlens/gemma-3-4b-it/class3_repetition_3shot/figures/curves__repetition__jlens_indic.png
  outputs/romanlens/gemma-3-4b-it/class3_repetition_3shot/figures/ranks__repetition__jlens_indic.png
  outputs/romanlens/gemma-3-4b-it/class3_repetition_3shot/figures/scripts__repetition.png
  outputs/romanlens/gemma-3-4b-it/class3_repetition_3shot/figures/switch__repetition__jlens_indic.png
  outputs/romanlens/gemma-3-4b-it/class3_repetition_3shot/figures/curves__repetition__jlens_mixed.png
  outputs/romanlens/gemma-3-4b-it/class3_repetition_3shot/figures/ranks__repetition__jlens_mixed.png
  outputs/romanlens/gemma-3-4b-it/class3_repetition_3shot/figures/scripts__repetition.png
  outputs/romanlens/gemma-3-4b-it/class3_repetition_3shot/figures/switch__repetition__jlens_mixed.png
  outputs/romanlens/gemma-3-4b-it/class3_repetition_3shot/figures/curves__repetition__logit.png
  outputs/romanlens/gemma-3-4b-it/class3_repetition_3shot/figures/ranks__repetition__logit.png
  outputs/romanlens/gemma-3-4b-it/class3_repetition_3shot/figures/scripts__repetition.png
  outputs/romanlens/gemma-3-4b-it/class3_repetition_3shot/figures/switch__repetition__logit.png
  outputs/romanlens/gemma-3-4b-it/class3_repetition_3shot/figures/lenscmp__repetition__en.png
  outputs/romanlens/gemma-3-4b-it/class3_repetition_3shot/figures/lenscmp__repetition__native.png
  outputs/romanlens/gemma-3-4b-it/class3_repetition_3shot/figures/lenscmp__repetition__roman.png

| run | lens | task | lang | script | shots | n | acc | acc_exact | acc_tok1 | L_en | P_en | P_enctrl | en_ratio | L_tgt | P_tgt | L_switch | sw_ref | sw_med | sw_sd | sw_never | MRR_en | MRR_tgt |
|---|---|---|---|---|---|---|---|---|---|---|---|---|---|---|---|---|---|---|---|---|---|---|
| class3_repetition_3shot | jlens_en | repetition | hi | native | 3 | 132 | 1 | 1 | 1 | 28 | 0.5346 | 0 | 15052.2236 | 32 | 0.7862 | 29 | en | 16 | 10.1047 | 5 | 0.2006 | 0.1387 |
| class3_repetition_3shot | jlens_en | repetition | hi | roman | 3 | 226 | 1 | 1 | 1 | 27 | 0.1964 | 0.0006 | 325.4512 | 32 | 0.9795 | 23 | en | 5 | 8.6776 | 0 | 0.0761 | 0.2293 |
| class3_repetition_3shot | jlens_en | repetition | ml | native | 3 | 132 | 0.9924 | 0.9924 | 1 | 28 | 0.3586 | 0.0001 | 5596.1377 | 32 | 0.3665 | 23 | en | 13 | 9.3404 | 2 | 0.135 | 0.1223 |
| class3_repetition_3shot | jlens_en | repetition | ml | roman | 3 | 240 | 1 | 1 | 1 | 27 | 0.0523 | 0.0008 | 64.3553 | 32 | 0.987 | 23 | en | 9 | 7.7308 | 0 | 0.0453 | 0.2435 |
| class3_repetition_3shot | jlens_en | repetition | ta | native | 3 | 132 | 1 | 1 | 1 | 28 | 0.6123 | 0.0001 | 7692.1646 | 32 | 0.7652 | 24 | en | 16 | 10.6747 | 2 | 0.2165 | 0.1001 |
| class3_repetition_3shot | jlens_en | repetition | ta | roman | 3 | 242 | 1 | 1 | 1 | 27 | 0.0286 | 0.0013 | 21.1951 | 32 | 0.9953 | 23 | en | 6 | 8.0309 | 0 | 0.0397 | 0.2636 |
| class3_repetition_3shot | jlens_indic | repetition | hi | native | 3 | 132 | 1 | 1 | 1 | 27 | 0.5393 | 0 | 15187.166 | 32 | 0.7862 | 0 | en | 0 | 3.406 | 0 | 0.1936 | 0.1636 |
| class3_repetition_3shot | jlens_indic | repetition | hi | roman | 3 | 226 | 1 | 1 | 1 | 27 | 0.1011 | 0.001 | 97.1141 | 32 | 0.9795 | 1 | en | 1 | 7.4237 | 0 | 0.0603 | 0.2577 |
| class3_repetition_3shot | jlens_indic | repetition | ml | native | 3 | 132 | 0.9924 | 0.9924 | 1 | 28 | 0.2474 | 0.0001 | 3442.0552 | 31 | 0.4353 | 3 | en | 3 | 7.4362 | 0 | 0.1056 | 0.1446 |
| class3_repetition_3shot | jlens_indic | repetition | ml | roman | 3 | 240 | 1 | 1 | 1 | 27 | 0.0324 | 0.0013 | 24.79 | 32 | 0.987 | 1 | en | 1 | 7.2052 | 0 | 0.0435 | 0.2784 |
| class3_repetition_3shot | jlens_indic | repetition | ta | native | 3 | 132 | 1 | 1 | 1 | 28 | 0.6184 | 0.0001 | 7769.209 | 32 | 0.7652 | 0 | en | 0 | 5.91 | 0 | 0.209 | 0.127 |
| class3_repetition_3shot | jlens_indic | repetition | ta | roman | 3 | 242 | 1 | 1 | 1 | 26 | 0.0301 | 0.0019 | 15.4896 | 32 | 0.9953 | 1 | en | 1 | 8.1319 | 0 | 0.0388 | 0.282 |
| class3_repetition_3shot | jlens_mixed | repetition | hi | native | 3 | 132 | 1 | 1 | 1 | 27 | 0.4937 | 0 | 13901.5117 | 32 | 0.7862 | 0 | en | 0 | 6.3321 | 0 | 0.1859 | 0.1681 |
| class3_repetition_3shot | jlens_mixed | repetition | hi | roman | 3 | 226 | 1 | 1 | 1 | 28 | 0.1076 | 0.0009 | 119.0182 | 32 | 0.9795 | 0 | en | 0 | 8.0837 | 0 | 0.063 | 0.259 |
| class3_repetition_3shot | jlens_mixed | repetition | ml | native | 3 | 132 | 0.9924 | 0.9924 | 1 | 28 | 0.2573 | 0.0001 | 3695.7073 | 31 | 0.4281 | 6 | en | 4 | 7.2044 | 1 | 0.1096 | 0.1484 |
| class3_repetition_3shot | jlens_mixed | repetition | ml | roman | 3 | 240 | 1 | 1 | 1 | 27 | 0.0364 | 0.0012 | 31.4363 | 32 | 0.987 | 3 | en | 0 | 7.5487 | 0 | 0.0452 | 0.2839 |
| class3_repetition_3shot | jlens_mixed | repetition | ta | native | 3 | 132 | 1 | 1 | 1 | 28 | 0.6152 | 0.0001 | 7729.4458 | 32 | 0.7652 | 0 | en | 0 | 7.3733 | 0 | 0.2119 | 0.1267 |
| class3_repetition_3shot | jlens_mixed | repetition | ta | roman | 3 | 242 | 1 | 1 | 1 | 27 | 0.0295 | 0.0016 | 18.4183 | 32 | 0.9953 | 3 | en | 0 | 8.1024 | 0 | 0.0395 | 0.2917 |
| class3_repetition_3shot | logit | repetition | hi | native | 3 | 132 | 1 | 1 | 1 | 28 | 0.5708 | 0.0172 | 33.1992 | 33 | 0.9908 | 5 | en | 4 | 13.4369 | 0 | 0.1788 | 0.1029 |
| class3_repetition_3shot | logit | repetition | hi | roman | 3 | 226 | 1 | 1 | 1 | 28 | 0.1496 | 0.0154 | 9.7335 | 33 | 0.9972 | 11 | en | 0 | 7.948 | 0 | 0.0538 | 0.287 |
| class3_repetition_3shot | logit | repetition | ml | native | 3 | 132 | 0.9924 | 0.9924 | 1 | 28 | 0.3082 | 0.0093 | 33.0604 | 33 | 0.9994 | 30 | en | 29 | 13.6403 | 0 | 0.0951 | 0.0694 |
| class3_repetition_3shot | logit | repetition | ml | roman | 3 | 240 | 1 | 1 | 1 | 28 | 0.0487 | 0.016 | 3.0371 | 33 | 0.9982 | 21 | en | 3.5 | 9.3417 | 0 | 0.0379 | 0.3013 |
| class3_repetition_3shot | logit | repetition | ta | native | 3 | 132 | 1 | 1 | 1 | 28 | 0.6064 | 0.0155 | 39.2176 | 33 | 0.9954 | 31 | en | 12 | 12.9357 | 0 | 0.1844 | 0.0778 |
| class3_repetition_3shot | logit | repetition | ta | roman | 3 | 242 | 1 | 1 | 1 | 28 | 0.0263 | 0.0125 | 2.1008 | 33 | 0.9992 | 21 | en | 4 | 8.633 | 0 | 0.0311 | 0.2982 |

[report] figures in outputs/romanlens/gemma-3-4b-it/class3_repetition_3shot/figures

[run] outputs/romanlens/gemma-3-4b-it/class3_repetition_4shot
[vocab] 42/792 items collide (excluded)
[run] 0/792  repetition_hi_hi_native_book
[run] 50/792  repetition_hi_hi_native_four
[run] 100/792  repetition_hi_hi_native_square
[run] 150/792  repetition_hi_rom_hi_roman_song
[run] 200/792  repetition_hi_rom_hi_roman_seat
[run] 250/792  repetition_hi_rom_hi_roman_tower
[run] 300/792  repetition_ta_ta_native_rice
[run] 350/792  repetition_ta_ta_native_example
[run] 400/792  repetition_ta_rom_ta_roman_soil
[run] 450/792  repetition_ta_rom_ta_roman_eight
[run] 500/792  repetition_ta_rom_ta_roman_tribe
[run] 550/792  repetition_ml_ml_native_river
[run] 600/792  repetition_ml_ml_native_machine
[run] 650/792  repetition_ml_ml_native_section
[run] 700/792  repetition_ml_rom_ml_roman_flower
[run] 750/792  repetition_ml_rom_ml_roman_delete

[gate] kept 750/792
   lang script    n    sub exact  tok1
     hi native  132  1.000 1.000 1.000
     hi  roman  113  1.000 1.000 1.000
     ml native  132  0.992 0.992 1.000
     ml  roman  120  1.000 1.000 1.000
     ta native  132  1.000 1.000 1.000
     ta  roman  121  1.000 1.000 1.000
[report] class3_repetition_4shot  lenses=['jlens_en', 'jlens_indic', 'jlens_mixed', 'logit']
  outputs/romanlens/gemma-3-4b-it/class3_repetition_4shot/figures/accuracy.png
  outputs/romanlens/gemma-3-4b-it/class3_repetition_4shot/figures/curves__repetition__jlens_en.png
  outputs/romanlens/gemma-3-4b-it/class3_repetition_4shot/figures/ranks__repetition__jlens_en.png
  outputs/romanlens/gemma-3-4b-it/class3_repetition_4shot/figures/scripts__repetition.png
  outputs/romanlens/gemma-3-4b-it/class3_repetition_4shot/figures/switch__repetition__jlens_en.png
  outputs/romanlens/gemma-3-4b-it/class3_repetition_4shot/figures/curves__repetition__jlens_indic.png
  outputs/romanlens/gemma-3-4b-it/class3_repetition_4shot/figures/ranks__repetition__jlens_indic.png
  outputs/romanlens/gemma-3-4b-it/class3_repetition_4shot/figures/scripts__repetition.png
  outputs/romanlens/gemma-3-4b-it/class3_repetition_4shot/figures/switch__repetition__jlens_indic.png
  outputs/romanlens/gemma-3-4b-it/class3_repetition_4shot/figures/curves__repetition__jlens_mixed.png
  outputs/romanlens/gemma-3-4b-it/class3_repetition_4shot/figures/ranks__repetition__jlens_mixed.png
  outputs/romanlens/gemma-3-4b-it/class3_repetition_4shot/figures/scripts__repetition.png
  outputs/romanlens/gemma-3-4b-it/class3_repetition_4shot/figures/switch__repetition__jlens_mixed.png
  outputs/romanlens/gemma-3-4b-it/class3_repetition_4shot/figures/curves__repetition__logit.png
  outputs/romanlens/gemma-3-4b-it/class3_repetition_4shot/figures/ranks__repetition__logit.png
  outputs/romanlens/gemma-3-4b-it/class3_repetition_4shot/figures/scripts__repetition.png
  outputs/romanlens/gemma-3-4b-it/class3_repetition_4shot/figures/switch__repetition__logit.png
  outputs/romanlens/gemma-3-4b-it/class3_repetition_4shot/figures/lenscmp__repetition__en.png
  outputs/romanlens/gemma-3-4b-it/class3_repetition_4shot/figures/lenscmp__repetition__native.png
  outputs/romanlens/gemma-3-4b-it/class3_repetition_4shot/figures/lenscmp__repetition__roman.png

| run | lens | task | lang | script | shots | n | acc | acc_exact | acc_tok1 | L_en | P_en | P_enctrl | en_ratio | L_tgt | P_tgt | L_switch | sw_ref | sw_med | sw_sd | sw_never | MRR_en | MRR_tgt |
|---|---|---|---|---|---|---|---|---|---|---|---|---|---|---|---|---|---|---|---|---|---|---|
| class3_repetition_4shot | jlens_en | repetition | hi | native | 4 | 132 | 1 | 1 | 1 | 28 | 0.5269 | 0 | 15681.7383 | 32 | 0.8136 | 24 | en | 16 | 9.8668 | 4 | 0.1991 | 0.1449 |
| class3_repetition_4shot | jlens_en | repetition | hi | roman | 4 | 226 | 1 | 1 | 1 | 27 | 0.1341 | 0.0006 | 223.7267 | 32 | 0.9857 | 23 | en | 6 | 8.3623 | 0 | 0.0628 | 0.2461 |
| class3_repetition_4shot | jlens_en | repetition | ml | native | 4 | 132 | 0.9924 | 0.9924 | 1 | 28 | 0.3568 | 0.0001 | 5810.0054 | 32 | 0.3638 | 23 | en | 13 | 9.3544 | 2 | 0.1337 | 0.1255 |
| class3_repetition_4shot | jlens_en | repetition | ml | roman | 4 | 240 | 1 | 1 | 1 | 27 | 0.0395 | 0.0008 | 49.8705 | 32 | 0.9899 | 23 | en | 8 | 7.4698 | 0 | 0.0417 | 0.2505 |
| class3_repetition_4shot | jlens_en | repetition | ta | native | 4 | 132 | 1 | 1 | 1 | 28 | 0.5894 | 0 | 12012.0898 | 32 | 0.7964 | 24 | en | 16 | 10.5337 | 1 | 0.2109 | 0.1097 |
| class3_repetition_4shot | jlens_en | repetition | ta | roman | 4 | 242 | 1 | 1 | 1 | 27 | 0.0256 | 0.0014 | 18.3871 | 32 | 0.9952 | 23 | en | 5 | 8.1765 | 0 | 0.0385 | 0.261 |
| class3_repetition_4shot | jlens_indic | repetition | hi | native | 4 | 132 | 1 | 1 | 1 | 27 | 0.5241 | 0 | 15597.877 | 32 | 0.8136 | 0 | en | 0 | 4.2532 | 0 | 0.1898 | 0.1735 |
| class3_repetition_4shot | jlens_indic | repetition | hi | roman | 4 | 226 | 1 | 1 | 1 | 27 | 0.0645 | 0.0012 | 55.2098 | 32 | 0.9857 | 1 | en | 1 | 7.6077 | 0 | 0.0499 | 0.2707 |
| class3_repetition_4shot | jlens_indic | repetition | ml | native | 4 | 132 | 0.9924 | 0.9924 | 1 | 28 | 0.2393 | 0.0001 | 3312.4609 | 31 | 0.4261 | 6 | en | 3 | 7.3642 | 0 | 0.1041 | 0.147 |
| class3_repetition_4shot | jlens_indic | repetition | ml | roman | 4 | 240 | 1 | 1 | 1 | 27 | 0.026 | 0.0012 | 21.7744 | 32 | 0.9899 | 1 | en | 1 | 7.1098 | 0 | 0.0402 | 0.2815 |
| class3_repetition_4shot | jlens_indic | repetition | ta | native | 4 | 132 | 1 | 1 | 1 | 27 | 0.5946 | 0 | 12119.1221 | 32 | 0.7964 | 0 | en | 0 | 5.8031 | 0 | 0.2028 | 0.1404 |
| class3_repetition_4shot | jlens_indic | repetition | ta | roman | 4 | 242 | 1 | 1 | 1 | 26 | 0.0281 | 0.0016 | 18.0109 | 32 | 0.9952 | 1 | en | 1 | 7.799 | 0 | 0.0373 | 0.2797 |
| class3_repetition_4shot | jlens_mixed | repetition | hi | native | 4 | 132 | 1 | 1 | 1 | 27 | 0.4748 | 0 | 14129.6504 | 32 | 0.8136 | 0 | en | 0 | 6.1716 | 0 | 0.1806 | 0.1794 |
| class3_repetition_4shot | jlens_mixed | repetition | hi | roman | 4 | 226 | 1 | 1 | 1 | 28 | 0.0666 | 0.0013 | 49.8779 | 32 | 0.9857 | 0 | en | 0 | 7.9644 | 0 | 0.0519 | 0.2727 |
| class3_repetition_4shot | jlens_mixed | repetition | ml | native | 4 | 132 | 0.9924 | 0.9924 | 1 | 28 | 0.2513 | 0.0001 | 3512.4778 | 31 | 0.4184 | 6 | en | 4 | 7.1103 | 1 | 0.1084 | 0.1514 |
| class3_repetition_4shot | jlens_mixed | repetition | ml | roman | 4 | 240 | 1 | 1 | 1 | 27 | 0.0299 | 0.001 | 28.5072 | 32 | 0.9899 | 3 | en | 0 | 7.5132 | 0 | 0.0412 | 0.289 |
| class3_repetition_4shot | jlens_mixed | repetition | ta | native | 4 | 132 | 1 | 1 | 1 | 27 | 0.5841 | 0 | 11904.8096 | 32 | 0.7964 | 0 | en | 0 | 7.6846 | 0 | 0.2049 | 0.141 |
| class3_repetition_4shot | jlens_mixed | repetition | ta | roman | 4 | 242 | 1 | 1 | 1 | 27 | 0.0274 | 0.0013 | 20.5876 | 32 | 0.9952 | 3 | en | 0 | 7.7299 | 0 | 0.0377 | 0.29 |
| class3_repetition_4shot | logit | repetition | hi | native | 4 | 132 | 1 | 1 | 1 | 28 | 0.5597 | 0.0168 | 33.2728 | 33 | 0.9962 | 5 | en | 4 | 13.489 | 0 | 0.1726 | 0.1047 |
| class3_repetition_4shot | logit | repetition | hi | roman | 4 | 226 | 1 | 1 | 1 | 28 | 0.0891 | 0.0159 | 5.6099 | 33 | 0.9989 | 11 | en | 0 | 7.9234 | 0 | 0.044 | 0.2932 |
| class3_repetition_4shot | logit | repetition | ml | native | 4 | 132 | 0.9924 | 0.9924 | 1 | 28 | 0.2992 | 0.0101 | 29.628 | 33 | 0.9995 | 30 | en | 29 | 13.6727 | 0 | 0.094 | 0.0691 |
| class3_repetition_4shot | logit | repetition | ml | roman | 4 | 240 | 1 | 1 | 1 | 28 | 0.0322 | 0.0147 | 2.1947 | 33 | 0.9989 | 21 | en | 3 | 8.9155 | 0 | 0.0319 | 0.3011 |
| class3_repetition_4shot | logit | repetition | ta | native | 4 | 132 | 1 | 1 | 1 | 28 | 0.5783 | 0.0137 | 42.1315 | 33 | 0.9978 | 31 | en | 12 | 13.2684 | 0 | 0.1733 | 0.0819 |
| class3_repetition_4shot | logit | repetition | ta | roman | 4 | 242 | 1 | 1 | 1 | 28 | 0.0235 | 0.0122 | 1.9192 | 33 | 0.9994 | 21 | en | 4 | 8.1676 | 0 | 0.0276 | 0.2941 |

[report] figures in outputs/romanlens/gemma-3-4b-it/class3_repetition_4shot/figures

[run] outputs/romanlens/gemma-3-4b-it/class4_lang_swap
[vocab] 84/1494 items collide (excluded)
[run] 0/1494  swap_fr_hitoml_native_cloud
[run] 50/1494  swap_fr_tatohi_native_star
[run] 100/1494  swap_fr_mltota_native_song
[run] 150/1494  swap_fr_hitoml_native_source
[run] 200/1494  swap_fr_tatohi_native_net
[run] 250/1494  swap_fr_mltota_native_one
[run] 300/1494  swap_fr_hitoml_native_ten
[run] 350/1494  swap_fr_tatohi_native_word
[run] 400/1494  swap_fr_mltota_native_position
[run] 450/1494  swap_fr_hitoml_native_tie
[run] 500/1494  swap_fr_tatohi_native_platform
[run] 550/1494  swap_fr_mltota_native_south
[run] 600/1494  swap_fr_hitoml_native_tail
[run] 650/1494  swap_fr_tatohi_native_person
[run] 700/1494  swap_fr_mltota_native_summer
[run] 750/1494  swap_en_hitoml_native_hand
[run] 800/1494  swap_en_tatohi_native_fruit
[run] 850/1494  swap_en_mltota_native_wave
[run] 900/1494  swap_en_hitoml_native_ball
[run] 950/1494  swap_en_tatohi_native_tea
[run] 1000/1494  swap_en_mltota_native_three
[run] 1050/1494  swap_en_hitoml_native_shop
[run] 1100/1494  swap_en_tatohi_native_word
[run] 1150/1494  swap_en_mltota_native_benefit
[run] 1200/1494  swap_en_hitoml_native_school
[run] 1250/1494  swap_en_tatohi_native_group
[run] 1300/1494  swap_en_mltota_native_valley
[run] 1350/1494  swap_en_hitoml_native_ground
[run] 1400/1494  swap_en_tatohi_native_speech
[run] 1450/1494  swap_en_mltota_native_hundred

[gate] kept 1410/1494
   lang script    n    sub exact  tok1
     hi native  249  0.598 0.586 0.635
     hi  roman  211  0.118 0.114 0.190
     ml native  249  0.217 0.217 0.297
     ml  roman  225  0.022 0.022 0.084
     ta native  249  0.715 0.695 0.751
     ta  roman  227  0.022 0.013 0.070
[report] class4_lang_swap  lenses=['jlens_en', 'jlens_indic', 'jlens_mixed', 'logit']
  outputs/romanlens/gemma-3-4b-it/class4_lang_swap/figures/accuracy.png
  outputs/romanlens/gemma-3-4b-it/class4_lang_swap/figures/curves__lang_swap__jlens_en.png
  outputs/romanlens/gemma-3-4b-it/class4_lang_swap/figures/ranks__lang_swap__jlens_en.png
  outputs/romanlens/gemma-3-4b-it/class4_lang_swap/figures/scripts__lang_swap.png
  outputs/romanlens/gemma-3-4b-it/class4_lang_swap/figures/switch__lang_swap__jlens_en.png
  outputs/romanlens/gemma-3-4b-it/class4_lang_swap/figures/curves__lang_swap__jlens_indic.png
  outputs/romanlens/gemma-3-4b-it/class4_lang_swap/figures/ranks__lang_swap__jlens_indic.png
  outputs/romanlens/gemma-3-4b-it/class4_lang_swap/figures/scripts__lang_swap.png
  outputs/romanlens/gemma-3-4b-it/class4_lang_swap/figures/switch__lang_swap__jlens_indic.png
  outputs/romanlens/gemma-3-4b-it/class4_lang_swap/figures/curves__lang_swap__jlens_mixed.png
  outputs/romanlens/gemma-3-4b-it/class4_lang_swap/figures/ranks__lang_swap__jlens_mixed.png
  outputs/romanlens/gemma-3-4b-it/class4_lang_swap/figures/scripts__lang_swap.png
  outputs/romanlens/gemma-3-4b-it/class4_lang_swap/figures/switch__lang_swap__jlens_mixed.png
  outputs/romanlens/gemma-3-4b-it/class4_lang_swap/figures/curves__lang_swap__logit.png
  outputs/romanlens/gemma-3-4b-it/class4_lang_swap/figures/ranks__lang_swap__logit.png
  outputs/romanlens/gemma-3-4b-it/class4_lang_swap/figures/scripts__lang_swap.png
  outputs/romanlens/gemma-3-4b-it/class4_lang_swap/figures/switch__lang_swap__logit.png
  outputs/romanlens/gemma-3-4b-it/class4_lang_swap/figures/lenscmp__lang_swap__en.png
  outputs/romanlens/gemma-3-4b-it/class4_lang_swap/figures/lenscmp__lang_swap__native.png
  outputs/romanlens/gemma-3-4b-it/class4_lang_swap/figures/lenscmp__lang_swap__roman.png

| run | lens | task | lang | script | shots | n | acc | acc_exact | acc_tok1 | L_en | P_en | P_enctrl | en_ratio | L_tgt | P_tgt | L_switch | sw_ref | sw_med | sw_sd | sw_never | MRR_en | MRR_tgt |
|---|---|---|---|---|---|---|---|---|---|---|---|---|---|---|---|---|---|---|---|---|---|---|
| class4_lang_swap | jlens_en | lang_swap | hi | native | 4 | 249 | 0.5984 | 0.5863 | 0.6345 | 29 | 0.8721 | 0.0005 | 1671.499 | 32 | 0.2135 | -1 | en | 11 | 9.0323 | 53 | 0.2855 | 0.0623 |
| class4_lang_swap | jlens_en | lang_swap | hi | roman | 4 | 422 | 0.1185 | 0.1137 | 0.1896 | 28 | 0.8293 | 0.0054 | 152.5473 | 32 | 0.2297 | 32 | en | 4 | 9.1742 | 12 | 0.2551 | 0.0499 |
| class4_lang_swap | jlens_en | lang_swap | ml | native | 4 | 249 | 0.2169 | 0.2169 | 0.2972 | 29 | 0.8269 | 0.0003 | 2513.0291 | 32 | 0.0066 | -1 | en | 10 | 4.79 | 75 | 0.2719 | 0.0346 |
| class4_lang_swap | jlens_en | lang_swap | ml | roman | 4 | 450 | 0.0222 | 0.0222 | 0.0844 | 28 | 0.7469 | 0.0088 | 84.6117 | 32 | 0.1327 | -1 | en | 5 | 8.318 | 16 | 0.2327 | 0.0464 |
| class4_lang_swap | jlens_en | lang_swap | ta | native | 4 | 498 | 0.7149 | 0.6948 | 0.751 | 29 | 0.8345 | 0.0005 | 1626.275 | 32 | 0.2479 | -1 | en | 10 | 9.8014 | 32 | 0.2698 | 0.0531 |
| class4_lang_swap | jlens_en | lang_swap | ta | roman | 4 | 681 | 0.022 | 0.0132 | 0.0705 | 28 | 0.7346 | 0.0061 | 120.2753 | 32 | 0.1052 | 32 | en | 4 | 8.4997 | 20 | 0.2279 | 0.0456 |
| class4_lang_swap | jlens_indic | lang_swap | hi | native | 4 | 249 | 0.5984 | 0.5863 | 0.6345 | 29 | 0.8772 | 0.0005 | 1681.1792 | 32 | 0.2135 | 0 | en | 0 | 4.1393 | 0 | 0.2846 | 0.0628 |
| class4_lang_swap | jlens_indic | lang_swap | hi | roman | 4 | 422 | 0.1185 | 0.1137 | 0.1896 | 27 | 0.7667 | 0.0054 | 141.0326 | 32 | 0.2297 | 1 | en | 0 | 9.0231 | 4 | 0.2472 | 0.0493 |
| class4_lang_swap | jlens_indic | lang_swap | ml | native | 4 | 249 | 0.2169 | 0.2169 | 0.2972 | 29 | 0.7477 | 0.0003 | 2272.1816 | 32 | 0.0066 | 3 | en | 3 | 4.6951 | 23 | 0.2551 | 0.0354 |
| class4_lang_swap | jlens_indic | lang_swap | ml | roman | 4 | 450 | 0.0222 | 0.0222 | 0.0844 | 26 | 0.6369 | 0.0088 | 72.1504 | 32 | 0.1327 | 1 | en | 1 | 7.0984 | 8 | 0.2189 | 0.0481 |
| class4_lang_swap | jlens_indic | lang_swap | ta | native | 4 | 498 | 0.7149 | 0.6948 | 0.751 | 29 | 0.8345 | 0.0005 | 1626.3762 | 32 | 0.2479 | 0 | en | 0 | 3.783 | 2 | 0.2671 | 0.0573 |
| class4_lang_swap | jlens_indic | lang_swap | ta | roman | 4 | 681 | 0.022 | 0.0132 | 0.0705 | 26 | 0.7173 | 0.0061 | 117.4544 | 32 | 0.1052 | 1 | en | 1 | 7.2213 | 8 | 0.2205 | 0.0484 |
| class4_lang_swap | jlens_mixed | lang_swap | hi | native | 4 | 249 | 0.5984 | 0.5863 | 0.6345 | 29 | 0.8668 | 0.0005 | 1661.2417 | 32 | 0.2135 | 0 | en | 0 | 5.1226 | 2 | 0.2802 | 0.0642 |
| class4_lang_swap | jlens_mixed | lang_swap | hi | roman | 4 | 422 | 0.1185 | 0.1137 | 0.1896 | 27 | 0.7712 | 0.0054 | 141.8698 | 32 | 0.2297 | 0 | en | 0 | 8.4725 | 6 | 0.2439 | 0.0492 |
| class4_lang_swap | jlens_mixed | lang_swap | ml | native | 4 | 249 | 0.2169 | 0.2169 | 0.2972 | 29 | 0.7559 | 0.0003 | 2297.3892 | 32 | 0.0066 | 6 | en | 4 | 5.1396 | 31 | 0.2599 | 0.0353 |
| class4_lang_swap | jlens_mixed | lang_swap | ml | roman | 4 | 450 | 0.0222 | 0.0222 | 0.0844 | 29 | 0.6448 | 0.0088 | 73.043 | 32 | 0.1327 | 1 | en | 0 | 7.1506 | 11 | 0.2282 | 0.0482 |
| class4_lang_swap | jlens_mixed | lang_swap | ta | native | 4 | 498 | 0.7149 | 0.6948 | 0.751 | 29 | 0.8352 | 0.0005 | 1627.6798 | 32 | 0.2479 | 0 | en | 0 | 4.4681 | 4 | 0.2746 | 0.0567 |
| class4_lang_swap | jlens_mixed | lang_swap | ta | roman | 4 | 681 | 0.022 | 0.0132 | 0.0705 | 26 | 0.728 | 0.0061 | 119.1953 | 32 | 0.1052 | 3 | en | 0 | 7.7202 | 6 | 0.2338 | 0.0481 |
| class4_lang_swap | logit | lang_swap | hi | native | 4 | 249 | 0.5984 | 0.5863 | 0.6345 | 29 | 0.8628 | 0.0211 | 40.9515 | 33 | 0.635 | 5 | en | 4 | 13.2748 | 1 | 0.3046 | 0.0538 |
| class4_lang_swap | logit | lang_swap | hi | roman | 4 | 422 | 0.1185 | 0.1137 | 0.1896 | 28 | 0.812 | 0.0138 | 58.9995 | 33 | 0.2838 | 3 | en | 0 | 8.0804 | 3 | 0.2973 | 0.0577 |
| class4_lang_swap | logit | lang_swap | ml | native | 4 | 249 | 0.2169 | 0.2169 | 0.2972 | 26 | 0.8281 | 0.0224 | 36.9982 | 33 | 0.2742 | 33 | en | 33 | 15.3048 | 16 | 0.298 | 0.0169 |
| class4_lang_swap | logit | lang_swap | ml | roman | 4 | 450 | 0.0222 | 0.0222 | 0.0844 | 28 | 0.7355 | 0.0173 | 42.5772 | 33 | 0.1424 | 33 | en | 2 | 9.9406 | 6 | 0.2642 | 0.0539 |
| class4_lang_swap | logit | lang_swap | ta | native | 4 | 498 | 0.7149 | 0.6948 | 0.751 | 26 | 0.8531 | 0.0169 | 50.3915 | 33 | 0.7365 | 33 | en | 13 | 13.5751 | 0 | 0.2916 | 0.0469 |
| class4_lang_swap | logit | lang_swap | ta | roman | 4 | 681 | 0.022 | 0.0132 | 0.0705 | 28 | 0.7297 | 0.0141 | 51.759 | 32 | 0.1052 | 32 | en | 4 | 7.9197 | 7 | 0.2561 | 0.0665 |

[report] figures in outputs/romanlens/gemma-3-4b-it/class4_lang_swap/figures

[run] outputs/romanlens/gemma-3-4b-it/class5_gibberish
[vocab] 0/90 items collide (excluded)
[run] 0/90  gibberish_hi_0
[run] 50/90  gibberish_ta_20

[gate] kept 90/90
   lang script    n    sub exact  tok1
     hi native   30  0.000 0.000 0.000
     ml native   30  0.000 0.000 0.000
     ta native   30  0.000 0.000 0.000
[report] class5_gibberish  lenses=['jlens_en', 'jlens_indic', 'jlens_mixed', 'logit']
  outputs/romanlens/gemma-3-4b-it/class5_gibberish/figures/accuracy.png
  outputs/romanlens/gemma-3-4b-it/class5_gibberish/figures/curves__gibberish__jlens_en.png
  outputs/romanlens/gemma-3-4b-it/class5_gibberish/figures/ranks__gibberish__jlens_en.png
  outputs/romanlens/gemma-3-4b-it/class5_gibberish/figures/scripts__gibberish.png
  outputs/romanlens/gemma-3-4b-it/class5_gibberish/figures/switch__gibberish__jlens_en.png
  outputs/romanlens/gemma-3-4b-it/class5_gibberish/figures/curves__gibberish__jlens_indic.png
  outputs/romanlens/gemma-3-4b-it/class5_gibberish/figures/ranks__gibberish__jlens_indic.png
  outputs/romanlens/gemma-3-4b-it/class5_gibberish/figures/scripts__gibberish.png
  outputs/romanlens/gemma-3-4b-it/class5_gibberish/figures/switch__gibberish__jlens_indic.png
  outputs/romanlens/gemma-3-4b-it/class5_gibberish/figures/curves__gibberish__jlens_mixed.png
  outputs/romanlens/gemma-3-4b-it/class5_gibberish/figures/ranks__gibberish__jlens_mixed.png
  outputs/romanlens/gemma-3-4b-it/class5_gibberish/figures/scripts__gibberish.png
  outputs/romanlens/gemma-3-4b-it/class5_gibberish/figures/switch__gibberish__jlens_mixed.png
  outputs/romanlens/gemma-3-4b-it/class5_gibberish/figures/curves__gibberish__logit.png
  outputs/romanlens/gemma-3-4b-it/class5_gibberish/figures/ranks__gibberish__logit.png
  outputs/romanlens/gemma-3-4b-it/class5_gibberish/figures/scripts__gibberish.png
  outputs/romanlens/gemma-3-4b-it/class5_gibberish/figures/switch__gibberish__logit.png
  outputs/romanlens/gemma-3-4b-it/class5_gibberish/figures/lenscmp__gibberish__native.png

| run | lens | task | lang | script | shots | n | acc | acc_exact | acc_tok1 | P_enctrl | L_tgt | P_tgt | L_switch | sw_ref | sw_med | sw_sd | sw_never | MRR_tgt |
|---|---|---|---|---|---|---|---|---|---|---|---|---|---|---|---|---|---|---|
| class5_gibberish | jlens_en | gibberish | hi | native | 0 | 30 | 0 | 0 | 0 | 0.0009 | 26 | 0.0033 | -1 | script | 26 | 0 | 29 | 0.0318 |
| class5_gibberish | jlens_en | gibberish | ml | native | 0 | 30 | 0 | 0 | 0 | 0.0029 | 29 | 0.0002 | -1 | script |  |  | 30 | 0.0299 |
| class5_gibberish | jlens_en | gibberish | ta | native | 0 | 30 | 0 | 0 | 0 | 0.0018 | 26 | 0.0017 | 32 | script | 32 | 1.4118 | 13 | 0.0315 |
| class5_gibberish | jlens_indic | gibberish | hi | native | 0 | 30 | 0 | 0 | 0 | 0.0005 | 29 | 0.0014 | -1 | script | 11.5 | 8.6594 | 22 | 0.0318 |
| class5_gibberish | jlens_indic | gibberish | ml | native | 0 | 30 | 0 | 0 | 0 | 0.0037 | 29 | 0.0002 | -1 | script |  |  | 30 | 0.0302 |
| class5_gibberish | jlens_indic | gibberish | ta | native | 0 | 30 | 0 | 0 | 0 | 0.0028 | 24 | 0.0009 | 32 | script | 24 | 5.5776 | 10 | 0.0321 |
| class5_gibberish | jlens_mixed | gibberish | hi | native | 0 | 30 | 0 | 0 | 0 | 0.0005 | 29 | 0.0018 | -1 | script | 11 | 7.516 | 20 | 0.0318 |
| class5_gibberish | jlens_mixed | gibberish | ml | native | 0 | 30 | 0 | 0 | 0 | 0.0039 | 29 | 0.0003 | -1 | script |  |  | 30 | 0.0304 |
| class5_gibberish | jlens_mixed | gibberish | ta | native | 0 | 30 | 0 | 0 | 0 | 0.0025 | 31 | 0.0006 | 32 | script | 25 | 3.2413 | 12 | 0.032 |
| class5_gibberish | logit | gibberish | hi | native | 0 | 30 | 0 | 0 | 0 | 0.0013 | 33 | 0.001 | 33 | script | 33 | 13.7828 | 1 | 0.002 |
| class5_gibberish | logit | gibberish | ml | native | 0 | 30 | 0 | 0 | 0 | 0.0049 | 33 | 0.0128 | 33 | script | 33 | 0 | 5 | 0.0013 |
| class5_gibberish | logit | gibberish | ta | native | 0 | 30 | 0 | 0 | 0 | 0.0059 | 33 | 0.0048 | 32 | script | 32 | 0.4955 | 0 | 0.0018 |

[report] figures in outputs/romanlens/gemma-3-4b-it/class5_gibberish/figures

[run] outputs/romanlens/gemma-3-4b-it/class6_roman_to_roman_1shot
[vocab] 42/396 items collide (excluded)
[run] 0/396  r2r_hitota_hi_rom_ta_roman_book
[run] 50/396  r2r_hitota_hi_rom_ta_roman_four
[run] 100/396  r2r_hitota_hi_rom_ta_roman_square
[run] 150/396  r2r_tatoml_ta_rom_ml_roman_song
[run] 200/396  r2r_tatoml_ta_rom_ml_roman_seat
[run] 250/396  r2r_tatoml_ta_rom_ml_roman_tower
[run] 300/396  r2r_mltohi_ml_rom_hi_roman_rice
[run] 350/396  r2r_mltohi_ml_rom_hi_roman_example

[gate] kept 354/396
   lang script    n    sub exact  tok1
     hi  roman  113  0.097 0.080 0.124
     ml  roman  120  0.192 0.150 0.242
     ta  roman  121  0.008 0.008 0.041
[report] class6_roman_to_roman_1shot  lenses=['jlens_en', 'jlens_indic', 'jlens_mixed', 'logit']
  outputs/romanlens/gemma-3-4b-it/class6_roman_to_roman_1shot/figures/accuracy.png
  outputs/romanlens/gemma-3-4b-it/class6_roman_to_roman_1shot/figures/curves__translation_r2r__jlens_en.png
  outputs/romanlens/gemma-3-4b-it/class6_roman_to_roman_1shot/figures/ranks__translation_r2r__jlens_en.png
  outputs/romanlens/gemma-3-4b-it/class6_roman_to_roman_1shot/figures/scripts__translation_r2r.png
  outputs/romanlens/gemma-3-4b-it/class6_roman_to_roman_1shot/figures/switch__translation_r2r__jlens_en.png
  outputs/romanlens/gemma-3-4b-it/class6_roman_to_roman_1shot/figures/curves__translation_r2r__jlens_indic.png
  outputs/romanlens/gemma-3-4b-it/class6_roman_to_roman_1shot/figures/ranks__translation_r2r__jlens_indic.png
  outputs/romanlens/gemma-3-4b-it/class6_roman_to_roman_1shot/figures/scripts__translation_r2r.png
  outputs/romanlens/gemma-3-4b-it/class6_roman_to_roman_1shot/figures/switch__translation_r2r__jlens_indic.png
  outputs/romanlens/gemma-3-4b-it/class6_roman_to_roman_1shot/figures/curves__translation_r2r__jlens_mixed.png
  outputs/romanlens/gemma-3-4b-it/class6_roman_to_roman_1shot/figures/ranks__translation_r2r__jlens_mixed.png
  outputs/romanlens/gemma-3-4b-it/class6_roman_to_roman_1shot/figures/scripts__translation_r2r.png
  outputs/romanlens/gemma-3-4b-it/class6_roman_to_roman_1shot/figures/switch__translation_r2r__jlens_mixed.png
  outputs/romanlens/gemma-3-4b-it/class6_roman_to_roman_1shot/figures/curves__translation_r2r__logit.png
  outputs/romanlens/gemma-3-4b-it/class6_roman_to_roman_1shot/figures/ranks__translation_r2r__logit.png
  outputs/romanlens/gemma-3-4b-it/class6_roman_to_roman_1shot/figures/scripts__translation_r2r.png
  outputs/romanlens/gemma-3-4b-it/class6_roman_to_roman_1shot/figures/switch__translation_r2r__logit.png
  outputs/romanlens/gemma-3-4b-it/class6_roman_to_roman_1shot/figures/lenscmp__translation_r2r__en.png
  outputs/romanlens/gemma-3-4b-it/class6_roman_to_roman_1shot/figures/lenscmp__translation_r2r__roman.png

| run | lens | task | lang | script | shots | n | acc | acc_exact | acc_tok1 | L_en | P_en | P_enctrl | en_ratio | L_tgt | P_tgt | L_switch | sw_ref | sw_med | sw_sd | sw_never | MRR_en | MRR_tgt |
|---|---|---|---|---|---|---|---|---|---|---|---|---|---|---|---|---|---|---|---|---|---|---|
| class6_roman_to_roman_1shot | jlens_en | translation_r2r | hi | roman | 1 | 226 | 0.0973 | 0.0796 | 0.1239 | 28 | 0.214 | 0.0079 | 27.0976 | 32 | 0.2068 | 25 | en | 6 | 9.1955 | 1 | 0.0864 | 0.0542 |
| class6_roman_to_roman_1shot | jlens_en | translation_r2r | ml | roman | 1 | 240 | 0.1917 | 0.15 | 0.2417 | 29 | 0.0858 | 0.0023 | 36.7021 | 32 | 0.2938 | 17 | en | 10 | 7.4929 | 0 | 0.0541 | 0.0742 |
| class6_roman_to_roman_1shot | jlens_en | translation_r2r | ta | roman | 1 | 242 | 0.0083 | 0.0083 | 0.0413 | 28 | 0.298 | 0.0042 | 71.2823 | 32 | 0.1059 | 29 | en | 5 | 8.0934 | 8 | 0.1125 | 0.0461 |
| class6_roman_to_roman_1shot | jlens_indic | translation_r2r | hi | roman | 1 | 226 | 0.0973 | 0.0796 | 0.1239 | 27 | 0.1712 | 0.0079 | 21.679 | 32 | 0.2068 | 1 | en | 1 | 7.7032 | 0 | 0.0822 | 0.0544 |
| class6_roman_to_roman_1shot | jlens_indic | translation_r2r | ml | roman | 1 | 240 | 0.1917 | 0.15 | 0.2417 | 29 | 0.0897 | 0.0023 | 38.3795 | 32 | 0.2938 | 1 | en | 1 | 7.5635 | 0 | 0.0589 | 0.0877 |
| class6_roman_to_roman_1shot | jlens_indic | translation_r2r | ta | roman | 1 | 242 | 0.0083 | 0.0083 | 0.0413 | 26 | 0.2731 | 0.0042 | 65.3256 | 32 | 0.1059 | 1 | en | 1 | 7.4519 | 2 | 0.1103 | 0.0494 |
| class6_roman_to_roman_1shot | jlens_mixed | translation_r2r | hi | roman | 1 | 226 | 0.0973 | 0.0796 | 0.1239 | 27 | 0.1642 | 0.0079 | 20.7836 | 32 | 0.2068 | 0 | en | 0 | 8.7561 | 1 | 0.08 | 0.0543 |
| class6_roman_to_roman_1shot | jlens_mixed | translation_r2r | ml | roman | 1 | 240 | 0.1917 | 0.15 | 0.2417 | 29 | 0.0881 | 0.0023 | 37.6627 | 32 | 0.2938 | 3 | en | 0 | 6.914 | 1 | 0.0577 | 0.0872 |
| class6_roman_to_roman_1shot | jlens_mixed | translation_r2r | ta | roman | 1 | 242 | 0.0083 | 0.0083 | 0.0413 | 27 | 0.2898 | 0.0042 | 69.3276 | 32 | 0.1059 | 3 | en | 0 | 7.4201 | 2 | 0.1154 | 0.0487 |
| class6_roman_to_roman_1shot | logit | translation_r2r | hi | roman | 1 | 226 | 0.0973 | 0.0796 | 0.1239 | 28 | 0.221 | 0.0079 | 27.9814 | 33 | 0.2226 | 3 | en | 0 | 7.268 | 1 | 0.1007 | 0.076 |
| class6_roman_to_roman_1shot | logit | translation_r2r | ml | roman | 1 | 240 | 0.1917 | 0.15 | 0.2417 | 26 | 0.1078 | 0.0109 | 9.8629 | 33 | 0.3137 | 15 | en | 3 | 8.7555 | 0 | 0.0677 | 0.1321 |
| class6_roman_to_roman_1shot | logit | translation_r2r | ta | roman | 1 | 242 | 0.0083 | 0.0083 | 0.0413 | 28 | 0.2984 | 0.0104 | 28.7615 | 32 | 0.1059 | 16 | en | 4 | 7.6394 | 3 | 0.1376 | 0.0788 |

[report] figures in outputs/romanlens/gemma-3-4b-it/class6_roman_to_roman_1shot/figures

[run] outputs/romanlens/gemma-3-4b-it/class6_roman_to_roman_2shot
[vocab] 42/396 items collide (excluded)
[run] 0/396  r2r_hitota_hi_rom_ta_roman_book
[run] 50/396  r2r_hitota_hi_rom_ta_roman_four
[run] 100/396  r2r_hitota_hi_rom_ta_roman_square
[run] 150/396  r2r_tatoml_ta_rom_ml_roman_song
[run] 200/396  r2r_tatoml_ta_rom_ml_roman_seat
[run] 250/396  r2r_tatoml_ta_rom_ml_roman_tower
[run] 300/396  r2r_mltohi_ml_rom_hi_roman_rice
[run] 350/396  r2r_mltohi_ml_rom_hi_roman_example

[gate] kept 354/396
   lang script    n    sub exact  tok1
     hi  roman  113  0.088 0.088 0.124
     ml  roman  120  0.167 0.133 0.225
     ta  roman  121  0.025 0.025 0.083
[report] class6_roman_to_roman_2shot  lenses=['jlens_en', 'jlens_indic', 'jlens_mixed', 'logit']
  outputs/romanlens/gemma-3-4b-it/class6_roman_to_roman_2shot/figures/accuracy.png
  outputs/romanlens/gemma-3-4b-it/class6_roman_to_roman_2shot/figures/curves__translation_r2r__jlens_en.png
  outputs/romanlens/gemma-3-4b-it/class6_roman_to_roman_2shot/figures/ranks__translation_r2r__jlens_en.png
  outputs/romanlens/gemma-3-4b-it/class6_roman_to_roman_2shot/figures/scripts__translation_r2r.png
  outputs/romanlens/gemma-3-4b-it/class6_roman_to_roman_2shot/figures/switch__translation_r2r__jlens_en.png
  outputs/romanlens/gemma-3-4b-it/class6_roman_to_roman_2shot/figures/curves__translation_r2r__jlens_indic.png
  outputs/romanlens/gemma-3-4b-it/class6_roman_to_roman_2shot/figures/ranks__translation_r2r__jlens_indic.png
  outputs/romanlens/gemma-3-4b-it/class6_roman_to_roman_2shot/figures/scripts__translation_r2r.png
  outputs/romanlens/gemma-3-4b-it/class6_roman_to_roman_2shot/figures/switch__translation_r2r__jlens_indic.png
  outputs/romanlens/gemma-3-4b-it/class6_roman_to_roman_2shot/figures/curves__translation_r2r__jlens_mixed.png
  outputs/romanlens/gemma-3-4b-it/class6_roman_to_roman_2shot/figures/ranks__translation_r2r__jlens_mixed.png
  outputs/romanlens/gemma-3-4b-it/class6_roman_to_roman_2shot/figures/scripts__translation_r2r.png
  outputs/romanlens/gemma-3-4b-it/class6_roman_to_roman_2shot/figures/switch__translation_r2r__jlens_mixed.png
  outputs/romanlens/gemma-3-4b-it/class6_roman_to_roman_2shot/figures/curves__translation_r2r__logit.png
  outputs/romanlens/gemma-3-4b-it/class6_roman_to_roman_2shot/figures/ranks__translation_r2r__logit.png
  outputs/romanlens/gemma-3-4b-it/class6_roman_to_roman_2shot/figures/scripts__translation_r2r.png
  outputs/romanlens/gemma-3-4b-it/class6_roman_to_roman_2shot/figures/switch__translation_r2r__logit.png
  outputs/romanlens/gemma-3-4b-it/class6_roman_to_roman_2shot/figures/lenscmp__translation_r2r__en.png
  outputs/romanlens/gemma-3-4b-it/class6_roman_to_roman_2shot/figures/lenscmp__translation_r2r__roman.png

| run | lens | task | lang | script | shots | n | acc | acc_exact | acc_tok1 | L_en | P_en | P_enctrl | en_ratio | L_tgt | P_tgt | L_switch | sw_ref | sw_med | sw_sd | sw_never | MRR_en | MRR_tgt |
|---|---|---|---|---|---|---|---|---|---|---|---|---|---|---|---|---|---|---|---|---|---|---|
| class6_roman_to_roman_2shot | jlens_en | translation_r2r | hi | roman | 2 | 226 | 0.0885 | 0.0885 | 0.1239 | 28 | 0.2166 | 0.0166 | 13.0613 | 32 | 0.1634 | 25 | en | 6 | 8.9896 | 2 | 0.0908 | 0.0518 |
| class6_roman_to_roman_2shot | jlens_en | translation_r2r | ml | roman | 2 | 240 | 0.1667 | 0.1333 | 0.225 | 29 | 0.0691 | 0.0022 | 31.9169 | 32 | 0.341 | 18 | en | 9 | 7.4836 | 1 | 0.0501 | 0.0805 |
| class6_roman_to_roman_2shot | jlens_en | translation_r2r | ta | roman | 2 | 242 | 0.0248 | 0.0248 | 0.0826 | 28 | 0.3058 | 0.0071 | 43.1362 | 32 | 0.1103 | 31 | en | 5 | 7.9186 | 6 | 0.1164 | 0.048 |
| class6_roman_to_roman_2shot | jlens_indic | translation_r2r | hi | roman | 2 | 226 | 0.0885 | 0.0885 | 0.1239 | 29 | 0.1814 | 0.0166 | 10.9368 | 32 | 0.1634 | 1 | en | 1 | 8.3851 | 0 | 0.0869 | 0.0515 |
| class6_roman_to_roman_2shot | jlens_indic | translation_r2r | ml | roman | 2 | 240 | 0.1667 | 0.1333 | 0.225 | 29 | 0.0729 | 0.0022 | 33.6844 | 32 | 0.341 | 1 | en | 1 | 7.3746 | 1 | 0.0535 | 0.0943 |
| class6_roman_to_roman_2shot | jlens_indic | translation_r2r | ta | roman | 2 | 242 | 0.0248 | 0.0248 | 0.0826 | 26 | 0.2865 | 0.0071 | 40.4181 | 32 | 0.1103 | 1 | en | 0.5 | 8.0868 | 3 | 0.1138 | 0.0527 |
| class6_roman_to_roman_2shot | jlens_mixed | translation_r2r | hi | roman | 2 | 226 | 0.0885 | 0.0885 | 0.1239 | 29 | 0.1799 | 0.0166 | 10.8456 | 32 | 0.1634 | 0 | en | 0 | 9.0528 | 0 | 0.0851 | 0.0515 |
| class6_roman_to_roman_2shot | jlens_mixed | translation_r2r | ml | roman | 2 | 240 | 0.1667 | 0.1333 | 0.225 | 29 | 0.0721 | 0.0022 | 33.3184 | 32 | 0.341 | 3 | en | 0 | 6.5612 | 2 | 0.0526 | 0.0941 |
| class6_roman_to_roman_2shot | jlens_mixed | translation_r2r | ta | roman | 2 | 242 | 0.0248 | 0.0248 | 0.0826 | 26 | 0.2971 | 0.0071 | 41.9073 | 32 | 0.1103 | 3 | en | 0 | 7.6681 | 2 | 0.1201 | 0.0522 |
| class6_roman_to_roman_2shot | logit | translation_r2r | hi | roman | 2 | 226 | 0.0885 | 0.0885 | 0.1239 | 29 | 0.2347 | 0.0166 | 14.1486 | 33 | 0.1913 | 3 | en | 0 | 7.2886 | 1 | 0.1007 | 0.0607 |
| class6_roman_to_roman_2shot | logit | translation_r2r | ml | roman | 2 | 240 | 0.1667 | 0.1333 | 0.225 | 26 | 0.0919 | 0.0113 | 8.119 | 32 | 0.341 | 16 | en | 3 | 8.7415 | 1 | 0.0609 | 0.1452 |
| class6_roman_to_roman_2shot | logit | translation_r2r | ta | roman | 2 | 242 | 0.0248 | 0.0248 | 0.0826 | 27 | 0.2968 | 0.0138 | 21.4751 | 32 | 0.1103 | 15 | en | 4 | 7.2823 | 2 | 0.1345 | 0.0851 |

[report] figures in outputs/romanlens/gemma-3-4b-it/class6_roman_to_roman_2shot/figures

[run] outputs/romanlens/gemma-3-4b-it/class6_roman_to_roman_3shot
[vocab] 42/396 items collide (excluded)
[run] 0/396  r2r_hitota_hi_rom_ta_roman_book
[run] 50/396  r2r_hitota_hi_rom_ta_roman_four
[run] 100/396  r2r_hitota_hi_rom_ta_roman_square
[run] 150/396  r2r_tatoml_ta_rom_ml_roman_song
[run] 200/396  r2r_tatoml_ta_rom_ml_roman_seat
[run] 250/396  r2r_tatoml_ta_rom_ml_roman_tower
[run] 300/396  r2r_mltohi_ml_rom_hi_roman_rice
[run] 350/396  r2r_mltohi_ml_rom_hi_roman_example

[gate] kept 354/396
   lang script    n    sub exact  tok1
     hi  roman  113  0.071 0.071 0.115
     ml  roman  120  0.150 0.125 0.233
     ta  roman  121  0.008 0.008 0.058
[report] class6_roman_to_roman_3shot  lenses=['jlens_en', 'jlens_indic', 'jlens_mixed', 'logit']
  outputs/romanlens/gemma-3-4b-it/class6_roman_to_roman_3shot/figures/accuracy.png
  outputs/romanlens/gemma-3-4b-it/class6_roman_to_roman_3shot/figures/curves__translation_r2r__jlens_en.png
  outputs/romanlens/gemma-3-4b-it/class6_roman_to_roman_3shot/figures/ranks__translation_r2r__jlens_en.png
  outputs/romanlens/gemma-3-4b-it/class6_roman_to_roman_3shot/figures/scripts__translation_r2r.png
  outputs/romanlens/gemma-3-4b-it/class6_roman_to_roman_3shot/figures/switch__translation_r2r__jlens_en.png
  outputs/romanlens/gemma-3-4b-it/class6_roman_to_roman_3shot/figures/curves__translation_r2r__jlens_indic.png
  outputs/romanlens/gemma-3-4b-it/class6_roman_to_roman_3shot/figures/ranks__translation_r2r__jlens_indic.png
  outputs/romanlens/gemma-3-4b-it/class6_roman_to_roman_3shot/figures/scripts__translation_r2r.png
  outputs/romanlens/gemma-3-4b-it/class6_roman_to_roman_3shot/figures/switch__translation_r2r__jlens_indic.png
  outputs/romanlens/gemma-3-4b-it/class6_roman_to_roman_3shot/figures/curves__translation_r2r__jlens_mixed.png
  outputs/romanlens/gemma-3-4b-it/class6_roman_to_roman_3shot/figures/ranks__translation_r2r__jlens_mixed.png
  outputs/romanlens/gemma-3-4b-it/class6_roman_to_roman_3shot/figures/scripts__translation_r2r.png
  outputs/romanlens/gemma-3-4b-it/class6_roman_to_roman_3shot/figures/switch__translation_r2r__jlens_mixed.png
  outputs/romanlens/gemma-3-4b-it/class6_roman_to_roman_3shot/figures/curves__translation_r2r__logit.png
  outputs/romanlens/gemma-3-4b-it/class6_roman_to_roman_3shot/figures/ranks__translation_r2r__logit.png
  outputs/romanlens/gemma-3-4b-it/class6_roman_to_roman_3shot/figures/scripts__translation_r2r.png
  outputs/romanlens/gemma-3-4b-it/class6_roman_to_roman_3shot/figures/switch__translation_r2r__logit.png
  outputs/romanlens/gemma-3-4b-it/class6_roman_to_roman_3shot/figures/lenscmp__translation_r2r__en.png
  outputs/romanlens/gemma-3-4b-it/class6_roman_to_roman_3shot/figures/lenscmp__translation_r2r__roman.png

| run | lens | task | lang | script | shots | n | acc | acc_exact | acc_tok1 | L_en | P_en | P_enctrl | en_ratio | L_tgt | P_tgt | L_switch | sw_ref | sw_med | sw_sd | sw_never | MRR_en | MRR_tgt |
|---|---|---|---|---|---|---|---|---|---|---|---|---|---|---|---|---|---|---|---|---|---|---|
| class6_roman_to_roman_3shot | jlens_en | translation_r2r | hi | roman | 3 | 226 | 0.0708 | 0.0708 | 0.115 | 28 | 0.2263 | 0.0176 | 12.8307 | 32 | 0.1572 | 25 | en | 5 | 9.5182 | 1 | 0.0927 | 0.0504 |
| class6_roman_to_roman_3shot | jlens_en | translation_r2r | ml | roman | 3 | 240 | 0.15 | 0.125 | 0.2333 | 26 | 0.0863 | 0.0027 | 31.5813 | 32 | 0.3107 | 23 | en | 8 | 7.7584 | 0 | 0.056 | 0.079 |
| class6_roman_to_roman_3shot | jlens_en | translation_r2r | ta | roman | 3 | 242 | 0.0083 | 0.0083 | 0.0579 | 28 | 0.3309 | 0.0077 | 42.7024 | 32 | 0.0937 | 31 | en | 5 | 8.1314 | 6 | 0.1205 | 0.0483 |
| class6_roman_to_roman_3shot | jlens_indic | translation_r2r | hi | roman | 3 | 226 | 0.0708 | 0.0708 | 0.115 | 27 | 0.1854 | 0.0176 | 10.5131 | 32 | 0.1572 | 1 | en | 1 | 7.9229 | 1 | 0.0885 | 0.0517 |
| class6_roman_to_roman_3shot | jlens_indic | translation_r2r | ml | roman | 3 | 240 | 0.15 | 0.125 | 0.2333 | 26 | 0.0883 | 0.0027 | 32.3186 | 32 | 0.3107 | 1 | en | 1 | 6.534 | 2 | 0.0589 | 0.0925 |
| class6_roman_to_roman_3shot | jlens_indic | translation_r2r | ta | roman | 3 | 242 | 0.0083 | 0.0083 | 0.0579 | 26 | 0.2995 | 0.0077 | 38.6494 | 32 | 0.0937 | 1 | en | 0 | 7.9831 | 4 | 0.1172 | 0.0517 |
| class6_roman_to_roman_3shot | jlens_mixed | translation_r2r | hi | roman | 3 | 226 | 0.0708 | 0.0708 | 0.115 | 27 | 0.1831 | 0.0176 | 10.3833 | 32 | 0.1572 | 0 | en | 0 | 9.1719 | 1 | 0.0862 | 0.0516 |
| class6_roman_to_roman_3shot | jlens_mixed | translation_r2r | ml | roman | 3 | 240 | 0.15 | 0.125 | 0.2333 | 26 | 0.0861 | 0.0027 | 31.5102 | 32 | 0.3107 | 3 | en | 0 | 6.7962 | 2 | 0.058 | 0.0926 |
| class6_roman_to_roman_3shot | jlens_mixed | translation_r2r | ta | roman | 3 | 242 | 0.0083 | 0.0083 | 0.0579 | 28 | 0.3125 | 0.0077 | 40.3203 | 32 | 0.0937 | 3 | en | 0 | 7.503 | 3 | 0.1234 | 0.052 |
| class6_roman_to_roman_3shot | logit | translation_r2r | hi | roman | 3 | 226 | 0.0708 | 0.0708 | 0.115 | 29 | 0.2274 | 0.0176 | 12.8959 | 33 | 0.1858 | 3 | en | 0 | 7.3763 | 1 | 0.1012 | 0.061 |
| class6_roman_to_roman_3shot | logit | translation_r2r | ml | roman | 3 | 240 | 0.15 | 0.125 | 0.2333 | 26 | 0.1066 | 0.0107 | 9.9512 | 33 | 0.3129 | 16 | en | 3 | 8.9638 | 1 | 0.0659 | 0.1366 |
| class6_roman_to_roman_3shot | logit | translation_r2r | ta | roman | 3 | 242 | 0.0083 | 0.0083 | 0.0579 | 28 | 0.3254 | 0.0131 | 24.843 | 33 | 0.0997 | 16 | en | 4 | 7.2991 | 2 | 0.1365 | 0.0839 |

[report] figures in outputs/romanlens/gemma-3-4b-it/class6_roman_to_roman_3shot/figures

[run] outputs/romanlens/gemma-3-4b-it/class6_roman_to_roman_4shot
[vocab] 42/396 items collide (excluded)
[run] 0/396  r2r_hitota_hi_rom_ta_roman_book
[run] 50/396  r2r_hitota_hi_rom_ta_roman_four
[run] 100/396  r2r_hitota_hi_rom_ta_roman_square
[run] 150/396  r2r_tatoml_ta_rom_ml_roman_song
[run] 200/396  r2r_tatoml_ta_rom_ml_roman_seat
[run] 250/396  r2r_tatoml_ta_rom_ml_roman_tower
[run] 300/396  r2r_mltohi_ml_rom_hi_roman_rice
[run] 350/396  r2r_mltohi_ml_rom_hi_roman_example

[gate] kept 354/396
   lang script    n    sub exact  tok1
     hi  roman  113  0.071 0.071 0.133
     ml  roman  120  0.175 0.150 0.258
     ta  roman  121  0.008 0.008 0.074
[report] class6_roman_to_roman_4shot  lenses=['jlens_en', 'jlens_indic', 'jlens_mixed', 'logit']
  outputs/romanlens/gemma-3-4b-it/class6_roman_to_roman_4shot/figures/accuracy.png
  outputs/romanlens/gemma-3-4b-it/class6_roman_to_roman_4shot/figures/curves__translation_r2r__jlens_en.png
  outputs/romanlens/gemma-3-4b-it/class6_roman_to_roman_4shot/figures/ranks__translation_r2r__jlens_en.png
  outputs/romanlens/gemma-3-4b-it/class6_roman_to_roman_4shot/figures/scripts__translation_r2r.png
  outputs/romanlens/gemma-3-4b-it/class6_roman_to_roman_4shot/figures/switch__translation_r2r__jlens_en.png
  outputs/romanlens/gemma-3-4b-it/class6_roman_to_roman_4shot/figures/curves__translation_r2r__jlens_indic.png
  outputs/romanlens/gemma-3-4b-it/class6_roman_to_roman_4shot/figures/ranks__translation_r2r__jlens_indic.png
  outputs/romanlens/gemma-3-4b-it/class6_roman_to_roman_4shot/figures/scripts__translation_r2r.png
  outputs/romanlens/gemma-3-4b-it/class6_roman_to_roman_4shot/figures/switch__translation_r2r__jlens_indic.png
  outputs/romanlens/gemma-3-4b-it/class6_roman_to_roman_4shot/figures/curves__translation_r2r__jlens_mixed.png
  outputs/romanlens/gemma-3-4b-it/class6_roman_to_roman_4shot/figures/ranks__translation_r2r__jlens_mixed.png
  outputs/romanlens/gemma-3-4b-it/class6_roman_to_roman_4shot/figures/scripts__translation_r2r.png
  outputs/romanlens/gemma-3-4b-it/class6_roman_to_roman_4shot/figures/switch__translation_r2r__jlens_mixed.png
  outputs/romanlens/gemma-3-4b-it/class6_roman_to_roman_4shot/figures/curves__translation_r2r__logit.png
  outputs/romanlens/gemma-3-4b-it/class6_roman_to_roman_4shot/figures/ranks__translation_r2r__logit.png
  outputs/romanlens/gemma-3-4b-it/class6_roman_to_roman_4shot/figures/scripts__translation_r2r.png
  outputs/romanlens/gemma-3-4b-it/class6_roman_to_roman_4shot/figures/switch__translation_r2r__logit.png
  outputs/romanlens/gemma-3-4b-it/class6_roman_to_roman_4shot/figures/lenscmp__translation_r2r__en.png
  outputs/romanlens/gemma-3-4b-it/class6_roman_to_roman_4shot/figures/lenscmp__translation_r2r__roman.png

| run | lens | task | lang | script | shots | n | acc | acc_exact | acc_tok1 | L_en | P_en | P_enctrl | en_ratio | L_tgt | P_tgt | L_switch | sw_ref | sw_med | sw_sd | sw_never | MRR_en | MRR_tgt |
|---|---|---|---|---|---|---|---|---|---|---|---|---|---|---|---|---|---|---|---|---|---|---|
| class6_roman_to_roman_4shot | jlens_en | translation_r2r | hi | roman | 4 | 226 | 0.0708 | 0.0708 | 0.1327 | 28 | 0.2208 | 0.0175 | 12.6061 | 32 | 0.1538 | 25 | en | 5 | 9.6746 | 1 | 0.093 | 0.0502 |
| class6_roman_to_roman_4shot | jlens_en | translation_r2r | ml | roman | 4 | 240 | 0.175 | 0.15 | 0.2583 | 29 | 0.0742 | 0.0017 | 43.381 | 32 | 0.3331 | 23 | en | 7.5 | 7.4551 | 0 | 0.0519 | 0.085 |
| class6_roman_to_roman_4shot | jlens_en | translation_r2r | ta | roman | 4 | 242 | 0.0083 | 0.0083 | 0.0744 | 28 | 0.3186 | 0.0091 | 34.8877 | 32 | 0.0888 | 31 | en | 4.5 | 8.3839 | 5 | 0.1178 | 0.0492 |
| class6_roman_to_roman_4shot | jlens_indic | translation_r2r | hi | roman | 4 | 226 | 0.0708 | 0.0708 | 0.1327 | 27 | 0.1867 | 0.0175 | 10.6544 | 32 | 0.1538 | 1 | en | 1 | 9.0802 | 0 | 0.0889 | 0.0511 |
| class6_roman_to_roman_4shot | jlens_indic | translation_r2r | ml | roman | 4 | 240 | 0.175 | 0.15 | 0.2583 | 26 | 0.0756 | 0.0021 | 35.5133 | 32 | 0.3331 | 1 | en | 1 | 7.1572 | 1 | 0.0563 | 0.1016 |
| class6_roman_to_roman_4shot | jlens_indic | translation_r2r | ta | roman | 4 | 242 | 0.0083 | 0.0083 | 0.0744 | 26 | 0.2966 | 0.0091 | 32.4788 | 32 | 0.0888 | 1 | en | 0 | 7.9958 | 3 | 0.1157 | 0.0535 |
| class6_roman_to_roman_4shot | jlens_mixed | translation_r2r | hi | roman | 4 | 226 | 0.0708 | 0.0708 | 0.1327 | 27 | 0.1832 | 0.0175 | 10.4545 | 32 | 0.1538 | 0 | en | 0 | 9.6372 | 1 | 0.0877 | 0.0511 |
| class6_roman_to_roman_4shot | jlens_mixed | translation_r2r | ml | roman | 4 | 240 | 0.175 | 0.15 | 0.2583 | 29 | 0.0738 | 0.002 | 36.8203 | 32 | 0.3331 | 3 | en | 0 | 6.5792 | 2 | 0.0564 | 0.0989 |
| class6_roman_to_roman_4shot | jlens_mixed | translation_r2r | ta | roman | 4 | 242 | 0.0083 | 0.0083 | 0.0744 | 26 | 0.3054 | 0.0091 | 33.4395 | 32 | 0.0888 | 3 | en | 0 | 7.4628 | 3 | 0.1222 | 0.0532 |
| class6_roman_to_roman_4shot | logit | translation_r2r | hi | roman | 4 | 226 | 0.0708 | 0.0708 | 0.1327 | 29 | 0.23 | 0.0175 | 13.1265 | 33 | 0.1757 | 3 | en | 0 | 6.7005 | 1 | 0.1035 | 0.0639 |
| class6_roman_to_roman_4shot | logit | translation_r2r | ml | roman | 4 | 240 | 0.175 | 0.15 | 0.2583 | 26 | 0.095 | 0.0111 | 8.5693 | 32 | 0.3331 | 17 | en | 3 | 9.1375 | 0 | 0.0614 | 0.1479 |
| class6_roman_to_roman_4shot | logit | translation_r2r | ta | roman | 4 | 242 | 0.0083 | 0.0083 | 0.0744 | 28 | 0.3161 | 0.0124 | 25.5592 | 33 | 0.0969 | 16 | en | 4 | 7.0365 | 2 | 0.1337 | 0.0897 |

[report] figures in outputs/romanlens/gemma-3-4b-it/class6_roman_to_roman_4shot/figures

=== romanlens / gemma-3-12b-pt (bfloat16)  lenses: logit jlens_en=lenses/gemma-3-12b-pt_en.pt ===
[lens] ['logit', 'jlens_en']
[model] Gemma3ForConditionalGeneration -> Gemma3ForConditionalGeneration on cuda (bfloat16)
[model] class            Gemma3ForConditionalGeneration
[model] backbone_path    model.language_model
[model] n_layers         48
[model] d_model          3840
[model] vocab_head       262208
[model] vocab_tokenizer  262145
[model] softcap          None
[model] tied             False
[vocab] indexing (once per model) ...

[run] outputs/romanlens/gemma-3-12b-pt/class1_translation_1shot
[vocab] 84/1494 items collide (excluded)
[run] 0/1494  translation_fr_hi_native_cloud
[run] 50/1494  translation_fr_hi_native_ten
[run] 100/1494  translation_fr_hi_native_tail
[run] 150/1494  translation_en_hi_native_ball
[run] 200/1494  translation_en_hi_native_school
[run] 250/1494  translation_fr_hi_roman_bag
[run] 300/1494  translation_fr_hi_roman_head
[run] 350/1494  translation_fr_hi_roman_mother
[run] 400/1494  translation_en_hi_roman_painting
[run] 450/1494  translation_en_hi_roman_structure
[run] 500/1494  translation_fr_ta_native_mouth
[run] 550/1494  translation_fr_ta_native_street
[run] 600/1494  translation_fr_ta_native_east
[run] 650/1494  translation_en_ta_native_station
[run] 700/1494  translation_en_ta_native_tie
[run] 750/1494  translation_fr_ta_roman_soil
[run] 800/1494  translation_fr_ta_roman_part
[run] 850/1494  translation_fr_ta_roman_return
[run] 900/1494  translation_en_ta_roman_rice
[run] 950/1494  translation_en_ta_roman_example
[run] 1000/1494  translation_fr_ml_native_mountain
[run] 1050/1494  translation_fr_ml_native_eye
[run] 1100/1494  translation_fr_ml_native_speech
[run] 1150/1494  translation_en_ml_native_red
[run] 1200/1494  translation_en_ml_native_face
[run] 1250/1494  translation_fr_ml_roman_heart
[run] 1300/1494  translation_fr_ml_roman_field
[run] 1350/1494  translation_fr_ml_roman_child
[run] 1400/1494  translation_en_ml_roman_line
[run] 1450/1494  translation_en_ml_roman_bridge

[gate] kept 1410/1494
   lang script    n    sub exact  tok1
     hi native  249  0.719 0.711 0.735
     hi  roman  211  0.318 0.313 0.427
     ml native  249  0.703 0.699 0.755
     ml  roman  225  0.196 0.173 0.267
     ta native  249  0.759 0.743 0.775
     ta  roman  227  0.159 0.154 0.247
[report] class1_translation_1shot  lenses=['jlens_en', 'logit']
  outputs/romanlens/gemma-3-12b-pt/class1_translation_1shot/figures/accuracy.png
  outputs/romanlens/gemma-3-12b-pt/class1_translation_1shot/figures/curves__translation__jlens_en.png
  outputs/romanlens/gemma-3-12b-pt/class1_translation_1shot/figures/ranks__translation__jlens_en.png
  outputs/romanlens/gemma-3-12b-pt/class1_translation_1shot/figures/scripts__translation.png
  outputs/romanlens/gemma-3-12b-pt/class1_translation_1shot/figures/switch__translation__jlens_en.png
  outputs/romanlens/gemma-3-12b-pt/class1_translation_1shot/figures/curves__translation__logit.png
  outputs/romanlens/gemma-3-12b-pt/class1_translation_1shot/figures/ranks__translation__logit.png
  outputs/romanlens/gemma-3-12b-pt/class1_translation_1shot/figures/scripts__translation.png
  outputs/romanlens/gemma-3-12b-pt/class1_translation_1shot/figures/switch__translation__logit.png
  outputs/romanlens/gemma-3-12b-pt/class1_translation_1shot/figures/lenscmp__translation__en.png
  outputs/romanlens/gemma-3-12b-pt/class1_translation_1shot/figures/lenscmp__translation__native.png
  outputs/romanlens/gemma-3-12b-pt/class1_translation_1shot/figures/lenscmp__translation__roman.png

| run | lens | task | lang | script | shots | n | acc | acc_exact | acc_tok1 | L_en | P_en | P_enctrl | en_ratio | L_tgt | P_tgt | L_switch | sw_ref | sw_med | sw_sd | sw_never | MRR_en | MRR_tgt |
|---|---|---|---|---|---|---|---|---|---|---|---|---|---|---|---|---|---|---|---|---|---|---|
| class1_translation_1shot | jlens_en | translation | hi | native | 1 | 249 | 0.7189 | 0.7108 | 0.7349 | 41 | 0.845 | 0.0001 | 9771.5996 | 46 | 0.465 | 1 | en | 1 | 9.3946 | 5 | 0.2553 | 0.0782 |
| class1_translation_1shot | jlens_en | translation | hi | roman | 1 | 422 | 0.3175 | 0.3128 | 0.4265 | 40 | 0.7443 | 0.0032 | 234.4884 | 46 | 0.4261 | 19 | en | 6 | 14.9497 | 2 | 0.2062 | 0.0629 |
| class1_translation_1shot | jlens_en | translation | ml | native | 1 | 249 | 0.7028 | 0.6988 | 0.755 | 40 | 0.8187 | 0.0004 | 2192.301 | 46 | 0.3102 | 1 | en | 1 | 11.7849 | 5 | 0.249 | 0.0386 |
| class1_translation_1shot | jlens_en | translation | ml | roman | 1 | 450 | 0.1956 | 0.1733 | 0.2667 | 40 | 0.641 | 0.0064 | 100.7035 | 46 | 0.2401 | 0 | en | 1 | 14.4889 | 6 | 0.1953 | 0.0492 |
| class1_translation_1shot | jlens_en | translation | ta | native | 1 | 249 | 0.759 | 0.743 | 0.7751 | 40 | 0.8145 | 0.0001 | 11837.0762 | 46 | 0.3403 | 1 | en | 1 | 10.0144 | 2 | 0.2527 | 0.0436 |
| class1_translation_1shot | jlens_en | translation | ta | roman | 1 | 454 | 0.1586 | 0.1542 | 0.2467 | 40 | 0.6333 | 0.0084 | 75.8063 | 46 | 0.2512 | 0 | en | 1 | 14.585 | 7 | 0.195 | 0.0502 |
| class1_translation_1shot | logit | translation | hi | native | 1 | 249 | 0.7189 | 0.7108 | 0.7349 | 41 | 0.8842 | 0.0319 | 27.6832 | 47 | 0.6073 | 11 | en | 5 | 15.686 | 0 | 0.323 | 0.0549 |
| class1_translation_1shot | logit | translation | hi | roman | 1 | 422 | 0.3175 | 0.3128 | 0.4265 | 40 | 0.8348 | 0.0187 | 44.6593 | 46 | 0.4261 | 45 | en | 2 | 12.1436 | 0 | 0.2865 | 0.0735 |
| class1_translation_1shot | logit | translation | ml | native | 1 | 249 | 0.7028 | 0.6988 | 0.755 | 40 | 0.8635 | 0.032 | 26.9779 | 47 | 0.5647 | 46 | en | 11 | 18.0822 | 0 | 0.3154 | 0.0329 |
| class1_translation_1shot | logit | translation | ml | roman | 1 | 450 | 0.1956 | 0.1733 | 0.2667 | 35 | 0.7228 | 0.0175 | 41.2919 | 46 | 0.2401 | 25 | en | 2 | 11.1243 | 4 | 0.2769 | 0.0651 |
| class1_translation_1shot | logit | translation | ta | native | 1 | 249 | 0.759 | 0.743 | 0.7751 | 40 | 0.8591 | 0.032 | 26.8634 | 47 | 0.6065 | 12 | en | 6 | 16.2829 | 0 | 0.318 | 0.0383 |
| class1_translation_1shot | logit | translation | ta | roman | 1 | 454 | 0.1586 | 0.1542 | 0.2467 | 35 | 0.7073 | 0.0351 | 20.1361 | 46 | 0.2512 | 24 | en | 2 | 9.4003 | 2 | 0.274 | 0.0713 |

[report] figures in outputs/romanlens/gemma-3-12b-pt/class1_translation_1shot/figures

[run] outputs/romanlens/gemma-3-12b-pt/class1_translation_2shot
[vocab] 84/1494 items collide (excluded)
[run] 0/1494  translation_fr_hi_native_cloud
[run] 50/1494  translation_fr_hi_native_ten
[run] 100/1494  translation_fr_hi_native_tail
[run] 150/1494  translation_en_hi_native_ball
[run] 200/1494  translation_en_hi_native_school
[run] 250/1494  translation_fr_hi_roman_bag
[run] 300/1494  translation_fr_hi_roman_head
[run] 350/1494  translation_fr_hi_roman_mother
[run] 400/1494  translation_en_hi_roman_painting
[run] 450/1494  translation_en_hi_roman_structure
[run] 500/1494  translation_fr_ta_native_mouth
[run] 550/1494  translation_fr_ta_native_street
[run] 600/1494  translation_fr_ta_native_east
[run] 650/1494  translation_en_ta_native_station
[run] 700/1494  translation_en_ta_native_tie
[run] 750/1494  translation_fr_ta_roman_soil
[run] 800/1494  translation_fr_ta_roman_part
[run] 850/1494  translation_fr_ta_roman_return
[run] 900/1494  translation_en_ta_roman_rice
[run] 950/1494  translation_en_ta_roman_example
[run] 1000/1494  translation_fr_ml_native_mountain
[run] 1050/1494  translation_fr_ml_native_eye
[run] 1100/1494  translation_fr_ml_native_speech
[run] 1150/1494  translation_en_ml_native_red
[run] 1200/1494  translation_en_ml_native_face
[run] 1250/1494  translation_fr_ml_roman_heart
[run] 1300/1494  translation_fr_ml_roman_field
[run] 1350/1494  translation_fr_ml_roman_child
[run] 1400/1494  translation_en_ml_roman_line
[run] 1450/1494  translation_en_ml_roman_bridge

[gate] kept 1410/1494
   lang script    n    sub exact  tok1
     hi native  249  0.715 0.703 0.727
     hi  roman  211  0.294 0.284 0.374
     ml native  249  0.707 0.703 0.763
     ml  roman  225  0.187 0.169 0.262
     ta native  249  0.755 0.739 0.771
     ta  roman  227  0.137 0.137 0.242
[report] class1_translation_2shot  lenses=['jlens_en', 'logit']
  outputs/romanlens/gemma-3-12b-pt/class1_translation_2shot/figures/accuracy.png
  outputs/romanlens/gemma-3-12b-pt/class1_translation_2shot/figures/curves__translation__jlens_en.png
  outputs/romanlens/gemma-3-12b-pt/class1_translation_2shot/figures/ranks__translation__jlens_en.png
  outputs/romanlens/gemma-3-12b-pt/class1_translation_2shot/figures/scripts__translation.png
  outputs/romanlens/gemma-3-12b-pt/class1_translation_2shot/figures/switch__translation__jlens_en.png
  outputs/romanlens/gemma-3-12b-pt/class1_translation_2shot/figures/curves__translation__logit.png
  outputs/romanlens/gemma-3-12b-pt/class1_translation_2shot/figures/ranks__translation__logit.png
  outputs/romanlens/gemma-3-12b-pt/class1_translation_2shot/figures/scripts__translation.png
  outputs/romanlens/gemma-3-12b-pt/class1_translation_2shot/figures/switch__translation__logit.png
  outputs/romanlens/gemma-3-12b-pt/class1_translation_2shot/figures/lenscmp__translation__en.png
  outputs/romanlens/gemma-3-12b-pt/class1_translation_2shot/figures/lenscmp__translation__native.png
  outputs/romanlens/gemma-3-12b-pt/class1_translation_2shot/figures/lenscmp__translation__roman.png

| run | lens | task | lang | script | shots | n | acc | acc_exact | acc_tok1 | L_en | P_en | P_enctrl | en_ratio | L_tgt | P_tgt | L_switch | sw_ref | sw_med | sw_sd | sw_never | MRR_en | MRR_tgt |
|---|---|---|---|---|---|---|---|---|---|---|---|---|---|---|---|---|---|---|---|---|---|---|
| class1_translation_2shot | jlens_en | translation | hi | native | 2 | 249 | 0.7149 | 0.7028 | 0.7269 | 41 | 0.8703 | 0.0001 | 10031.6885 | 46 | 0.4335 | 1 | en | 1 | 9.1067 | 4 | 0.253 | 0.0746 |
| class1_translation_2shot | jlens_en | translation | hi | roman | 2 | 422 | 0.2938 | 0.2844 | 0.3744 | 40 | 0.7598 | 0.0033 | 226.8293 | 46 | 0.4017 | 20 | en | 3.5 | 14.0004 | 5 | 0.2147 | 0.0593 |
| class1_translation_2shot | jlens_en | translation | ml | native | 2 | 249 | 0.7068 | 0.7028 | 0.7631 | 40 | 0.841 | 0.0003 | 2695.1086 | 46 | 0.3229 | 1 | en | 1 | 12.6354 | 5 | 0.2508 | 0.0391 |
| class1_translation_2shot | jlens_en | translation | ml | roman | 2 | 450 | 0.1867 | 0.1689 | 0.2622 | 40 | 0.6625 | 0.0068 | 97.6334 | 46 | 0.2445 | 0 | en | 1 | 14.3083 | 6 | 0.2016 | 0.0498 |
| class1_translation_2shot | jlens_en | translation | ta | native | 2 | 249 | 0.755 | 0.739 | 0.7711 | 40 | 0.8207 | 0.0001 | 14023.8994 | 46 | 0.3519 | 1 | en | 1 | 10.2776 | 2 | 0.2516 | 0.0437 |
| class1_translation_2shot | jlens_en | translation | ta | roman | 2 | 454 | 0.1366 | 0.1366 | 0.2423 | 40 | 0.6403 | 0.0094 | 68.0083 | 46 | 0.2476 | 0 | en | 1 | 14.323 | 6 | 0.1946 | 0.05 |
| class1_translation_2shot | logit | translation | hi | native | 2 | 249 | 0.7149 | 0.7028 | 0.7269 | 41 | 0.8936 | 0.0321 | 27.8462 | 47 | 0.6077 | 11 | en | 5 | 15.0661 | 0 | 0.3287 | 0.0535 |
| class1_translation_2shot | logit | translation | hi | roman | 2 | 422 | 0.2938 | 0.2844 | 0.3744 | 40 | 0.8448 | 0.0189 | 44.6535 | 46 | 0.4017 | 45 | en | 2 | 12.0119 | 2 | 0.3046 | 0.0671 |
| class1_translation_2shot | logit | translation | ml | native | 2 | 249 | 0.7068 | 0.7028 | 0.7631 | 41 | 0.873 | 0.0321 | 27.1959 | 47 | 0.5834 | 46 | en | 11 | 17.6941 | 0 | 0.3248 | 0.0335 |
| class1_translation_2shot | logit | translation | ml | roman | 2 | 450 | 0.1867 | 0.1689 | 0.2622 | 40 | 0.7416 | 0.0177 | 41.959 | 46 | 0.2445 | 25 | en | 2 | 11.3313 | 5 | 0.288 | 0.0667 |
| class1_translation_2shot | logit | translation | ta | native | 2 | 249 | 0.755 | 0.739 | 0.7711 | 40 | 0.8613 | 0.0321 | 26.8465 | 47 | 0.6286 | 13 | en | 5 | 15.4853 | 0 | 0.3282 | 0.0385 |
| class1_translation_2shot | logit | translation | ta | roman | 2 | 454 | 0.1366 | 0.1366 | 0.2423 | 35 | 0.7138 | 0.0352 | 20.2709 | 46 | 0.2476 | 25 | en | 2 | 10.0511 | 4 | 0.28 | 0.0718 |

[report] figures in outputs/romanlens/gemma-3-12b-pt/class1_translation_2shot/figures

[run] outputs/romanlens/gemma-3-12b-pt/class1_translation_3shot
[vocab] 84/1494 items collide (excluded)
[run] 0/1494  translation_fr_hi_native_cloud
[run] 50/1494  translation_fr_hi_native_ten
[run] 100/1494  translation_fr_hi_native_tail
[run] 150/1494  translation_en_hi_native_ball
[run] 200/1494  translation_en_hi_native_school
[run] 250/1494  translation_fr_hi_roman_bag
[run] 300/1494  translation_fr_hi_roman_head
[run] 350/1494  translation_fr_hi_roman_mother
[run] 400/1494  translation_en_hi_roman_painting
[run] 450/1494  translation_en_hi_roman_structure
[run] 500/1494  translation_fr_ta_native_mouth
[run] 550/1494  translation_fr_ta_native_street
[run] 600/1494  translation_fr_ta_native_east
[run] 650/1494  translation_en_ta_native_station
[run] 700/1494  translation_en_ta_native_tie
[run] 750/1494  translation_fr_ta_roman_soil
[run] 800/1494  translation_fr_ta_roman_part
[run] 850/1494  translation_fr_ta_roman_return
[run] 900/1494  translation_en_ta_roman_rice
[run] 950/1494  translation_en_ta_roman_example
[run] 1000/1494  translation_fr_ml_native_mountain
[run] 1050/1494  translation_fr_ml_native_eye
[run] 1100/1494  translation_fr_ml_native_speech
[run] 1150/1494  translation_en_ml_native_red
[run] 1200/1494  translation_en_ml_native_face
[run] 1250/1494  translation_fr_ml_roman_heart
[run] 1300/1494  translation_fr_ml_roman_field
[run] 1350/1494  translation_fr_ml_roman_child
[run] 1400/1494  translation_en_ml_roman_line
[run] 1450/1494  translation_en_ml_roman_bridge

[gate] kept 1410/1494
   lang script    n    sub exact  tok1
     hi native  249  0.707 0.695 0.719
     hi  roman  211  0.313 0.308 0.403
     ml native  249  0.711 0.707 0.763
     ml  roman  225  0.218 0.200 0.284
     ta native  249  0.767 0.743 0.767
     ta  roman  227  0.141 0.141 0.229
[report] class1_translation_3shot  lenses=['jlens_en', 'logit']
  outputs/romanlens/gemma-3-12b-pt/class1_translation_3shot/figures/accuracy.png
  outputs/romanlens/gemma-3-12b-pt/class1_translation_3shot/figures/curves__translation__jlens_en.png
  outputs/romanlens/gemma-3-12b-pt/class1_translation_3shot/figures/ranks__translation__jlens_en.png
  outputs/romanlens/gemma-3-12b-pt/class1_translation_3shot/figures/scripts__translation.png
  outputs/romanlens/gemma-3-12b-pt/class1_translation_3shot/figures/switch__translation__jlens_en.png
  outputs/romanlens/gemma-3-12b-pt/class1_translation_3shot/figures/curves__translation__logit.png
  outputs/romanlens/gemma-3-12b-pt/class1_translation_3shot/figures/ranks__translation__logit.png
  outputs/romanlens/gemma-3-12b-pt/class1_translation_3shot/figures/scripts__translation.png
  outputs/romanlens/gemma-3-12b-pt/class1_translation_3shot/figures/switch__translation__logit.png
  outputs/romanlens/gemma-3-12b-pt/class1_translation_3shot/figures/lenscmp__translation__en.png
  outputs/romanlens/gemma-3-12b-pt/class1_translation_3shot/figures/lenscmp__translation__native.png
  outputs/romanlens/gemma-3-12b-pt/class1_translation_3shot/figures/lenscmp__translation__roman.png

| run | lens | task | lang | script | shots | n | acc | acc_exact | acc_tok1 | L_en | P_en | P_enctrl | en_ratio | L_tgt | P_tgt | L_switch | sw_ref | sw_med | sw_sd | sw_never | MRR_en | MRR_tgt |
|---|---|---|---|---|---|---|---|---|---|---|---|---|---|---|---|---|---|---|---|---|---|---|
| class1_translation_3shot | jlens_en | translation | hi | native | 3 | 249 | 0.7068 | 0.6948 | 0.7189 | 41 | 0.8711 | 0.0001 | 12898.3682 | 46 | 0.4378 | 1 | en | 1 | 8.9533 | 4 | 0.2517 | 0.0747 |
| class1_translation_3shot | jlens_en | translation | hi | roman | 3 | 422 | 0.3128 | 0.3081 | 0.4028 | 40 | 0.7635 | 0.0034 | 227.1216 | 46 | 0.4152 | 20 | en | 1 | 13.7849 | 8 | 0.2149 | 0.0611 |
| class1_translation_3shot | jlens_en | translation | ml | native | 3 | 249 | 0.7108 | 0.7068 | 0.7631 | 40 | 0.8334 | 0.0003 | 2970.2656 | 46 | 0.333 | 1 | en | 1 | 12.6206 | 4 | 0.2503 | 0.0394 |
| class1_translation_3shot | jlens_en | translation | ml | roman | 3 | 450 | 0.2178 | 0.2 | 0.2844 | 40 | 0.6559 | 0.0065 | 100.3668 | 46 | 0.2536 | 0 | en | 1 | 14.703 | 7 | 0.1948 | 0.0509 |
| class1_translation_3shot | jlens_en | translation | ta | native | 3 | 249 | 0.7671 | 0.743 | 0.7671 | 40 | 0.8249 | 0.0001 | 15718.6084 | 46 | 0.3498 | 1 | en | 1 | 10.6032 | 2 | 0.251 | 0.0434 |
| class1_translation_3shot | jlens_en | translation | ta | roman | 3 | 454 | 0.141 | 0.141 | 0.2291 | 40 | 0.6274 | 0.0084 | 74.7196 | 46 | 0.259 | 0 | en | 1 | 14.4607 | 6 | 0.1889 | 0.0508 |
| class1_translation_3shot | logit | translation | hi | native | 3 | 249 | 0.7068 | 0.6948 | 0.7189 | 41 | 0.8984 | 0.0321 | 27.9811 | 47 | 0.6181 | 11 | en | 5 | 15.0315 | 0 | 0.3244 | 0.0535 |
| class1_translation_3shot | logit | translation | hi | roman | 3 | 422 | 0.3128 | 0.3081 | 0.4028 | 40 | 0.8501 | 0.0189 | 44.8701 | 46 | 0.4152 | 45 | en | 2 | 12.005 | 2 | 0.3037 | 0.0709 |
| class1_translation_3shot | logit | translation | ml | native | 3 | 249 | 0.7108 | 0.7068 | 0.7631 | 41 | 0.8713 | 0.0321 | 27.1248 | 47 | 0.5905 | 46 | en | 11 | 17.7042 | 0 | 0.3269 | 0.0338 |
| class1_translation_3shot | logit | translation | ml | roman | 3 | 450 | 0.2178 | 0.2 | 0.2844 | 40 | 0.7372 | 0.0177 | 41.5498 | 46 | 0.2536 | 45 | en | 2 | 11.3413 | 4 | 0.2867 | 0.069 |
| class1_translation_3shot | logit | translation | ta | native | 3 | 249 | 0.7671 | 0.743 | 0.7671 | 40 | 0.8665 | 0.0321 | 26.986 | 47 | 0.6348 | 13 | en | 6 | 15.1817 | 0 | 0.3287 | 0.0381 |
| class1_translation_3shot | logit | translation | ta | roman | 3 | 454 | 0.141 | 0.141 | 0.2291 | 35 | 0.708 | 0.0352 | 20.0941 | 46 | 0.259 | 25 | en | 2 | 11.0057 | 2 | 0.2792 | 0.0744 |

[report] figures in outputs/romanlens/gemma-3-12b-pt/class1_translation_3shot/figures

[run] outputs/romanlens/gemma-3-12b-pt/class1_translation_4shot
[vocab] 84/1494 items collide (excluded)
[run] 0/1494  translation_fr_hi_native_cloud
[run] 50/1494  translation_fr_hi_native_ten
[run] 100/1494  translation_fr_hi_native_tail
[run] 150/1494  translation_en_hi_native_ball
[run] 200/1494  translation_en_hi_native_school
[run] 250/1494  translation_fr_hi_roman_bag
[run] 300/1494  translation_fr_hi_roman_head
[run] 350/1494  translation_fr_hi_roman_mother
[run] 400/1494  translation_en_hi_roman_painting
[run] 450/1494  translation_en_hi_roman_structure
[run] 500/1494  translation_fr_ta_native_mouth
[run] 550/1494  translation_fr_ta_native_street
[run] 600/1494  translation_fr_ta_native_east
[run] 650/1494  translation_en_ta_native_station
[run] 700/1494  translation_en_ta_native_tie
[run] 750/1494  translation_fr_ta_roman_soil
[run] 800/1494  translation_fr_ta_roman_part
[run] 850/1494  translation_fr_ta_roman_return
[run] 900/1494  translation_en_ta_roman_rice
[run] 950/1494  translation_en_ta_roman_example
[run] 1000/1494  translation_fr_ml_native_mountain
[run] 1050/1494  translation_fr_ml_native_eye
[run] 1100/1494  translation_fr_ml_native_speech
[run] 1150/1494  translation_en_ml_native_red
[run] 1200/1494  translation_en_ml_native_face
[run] 1250/1494  translation_fr_ml_roman_heart
[run] 1300/1494  translation_fr_ml_roman_field
[run] 1350/1494  translation_fr_ml_roman_child
[run] 1400/1494  translation_en_ml_roman_line
[run] 1450/1494  translation_en_ml_roman_bridge

[gate] kept 1410/1494
   lang script    n    sub exact  tok1
     hi native  249  0.715 0.707 0.731
     hi  roman  211  0.284 0.270 0.370
     ml native  249  0.699 0.695 0.747
     ml  roman  225  0.200 0.187 0.253
     ta native  249  0.755 0.735 0.787
     ta  roman  227  0.137 0.137 0.233
[report] class1_translation_4shot  lenses=['jlens_en', 'logit']
  outputs/romanlens/gemma-3-12b-pt/class1_translation_4shot/figures/accuracy.png
  outputs/romanlens/gemma-3-12b-pt/class1_translation_4shot/figures/curves__translation__jlens_en.png
  outputs/romanlens/gemma-3-12b-pt/class1_translation_4shot/figures/ranks__translation__jlens_en.png
  outputs/romanlens/gemma-3-12b-pt/class1_translation_4shot/figures/scripts__translation.png
  outputs/romanlens/gemma-3-12b-pt/class1_translation_4shot/figures/switch__translation__jlens_en.png
  outputs/romanlens/gemma-3-12b-pt/class1_translation_4shot/figures/curves__translation__logit.png
  outputs/romanlens/gemma-3-12b-pt/class1_translation_4shot/figures/ranks__translation__logit.png
  outputs/romanlens/gemma-3-12b-pt/class1_translation_4shot/figures/scripts__translation.png
  outputs/romanlens/gemma-3-12b-pt/class1_translation_4shot/figures/switch__translation__logit.png
  outputs/romanlens/gemma-3-12b-pt/class1_translation_4shot/figures/lenscmp__translation__en.png
  outputs/romanlens/gemma-3-12b-pt/class1_translation_4shot/figures/lenscmp__translation__native.png
  outputs/romanlens/gemma-3-12b-pt/class1_translation_4shot/figures/lenscmp__translation__roman.png

| run | lens | task | lang | script | shots | n | acc | acc_exact | acc_tok1 | L_en | P_en | P_enctrl | en_ratio | L_tgt | P_tgt | L_switch | sw_ref | sw_med | sw_sd | sw_never | MRR_en | MRR_tgt |
|---|---|---|---|---|---|---|---|---|---|---|---|---|---|---|---|---|---|---|---|---|---|---|
| class1_translation_4shot | jlens_en | translation | hi | native | 4 | 249 | 0.7149 | 0.7068 | 0.7309 | 41 | 0.865 | 0.0001 | 16387.4414 | 46 | 0.4557 | 1 | en | 1 | 8.8393 | 5 | 0.2542 | 0.0752 |
| class1_translation_4shot | jlens_en | translation | hi | roman | 4 | 422 | 0.2844 | 0.2701 | 0.3697 | 40 | 0.7614 | 0.004 | 189.569 | 46 | 0.4035 | 20 | en | 2 | 14.4881 | 5 | 0.2137 | 0.06 |
| class1_translation_4shot | jlens_en | translation | ml | native | 4 | 249 | 0.6988 | 0.6948 | 0.747 | 40 | 0.8291 | 0.0003 | 3082.968 | 46 | 0.3442 | 1 | en | 1 | 12.8393 | 3 | 0.2488 | 0.0397 |
| class1_translation_4shot | jlens_en | translation | ml | roman | 4 | 450 | 0.2 | 0.1867 | 0.2533 | 40 | 0.646 | 0.0067 | 96.1707 | 46 | 0.2537 | 0 | en | 1 | 14.8118 | 4 | 0.1905 | 0.052 |
| class1_translation_4shot | jlens_en | translation | ta | native | 4 | 249 | 0.755 | 0.7349 | 0.7871 | 40 | 0.8289 | 0.0001 | 16520.6367 | 46 | 0.3503 | 1 | en | 1 | 10.8304 | 2 | 0.2524 | 0.0437 |
| class1_translation_4shot | jlens_en | translation | ta | roman | 4 | 454 | 0.1366 | 0.1366 | 0.2335 | 40 | 0.625 | 0.0083 | 75.1537 | 46 | 0.2653 | 0 | en | 1 | 14.5969 | 6 | 0.1879 | 0.0513 |
| class1_translation_4shot | logit | translation | hi | native | 4 | 249 | 0.7149 | 0.7068 | 0.7309 | 41 | 0.8919 | 0.0321 | 27.7677 | 47 | 0.6268 | 11 | en | 5 | 14.8563 | 0 | 0.3272 | 0.0539 |
| class1_translation_4shot | logit | translation | hi | roman | 4 | 422 | 0.2844 | 0.2701 | 0.3697 | 40 | 0.851 | 0.019 | 44.9064 | 46 | 0.4035 | 45 | en | 2 | 12.4078 | 2 | 0.3031 | 0.0705 |
| class1_translation_4shot | logit | translation | ml | native | 4 | 249 | 0.6988 | 0.6948 | 0.747 | 40 | 0.8706 | 0.0321 | 27.1023 | 47 | 0.6001 | 17 | en | 10 | 17.3954 | 0 | 0.3261 | 0.0338 |
| class1_translation_4shot | logit | translation | ml | roman | 4 | 450 | 0.2 | 0.1867 | 0.2533 | 40 | 0.7242 | 0.0178 | 40.7744 | 46 | 0.2537 | 45 | en | 2 | 12.3026 | 5 | 0.2805 | 0.0712 |
| class1_translation_4shot | logit | translation | ta | native | 4 | 249 | 0.755 | 0.7349 | 0.7871 | 40 | 0.869 | 0.0321 | 27.0527 | 47 | 0.637 | 13 | en | 6 | 14.6631 | 0 | 0.3323 | 0.0386 |
| class1_translation_4shot | logit | translation | ta | roman | 4 | 454 | 0.1366 | 0.1366 | 0.2335 | 35 | 0.7092 | 0.0352 | 20.126 | 46 | 0.2653 | 25 | en | 2 | 11.5354 | 2 | 0.2775 | 0.0757 |

[report] figures in outputs/romanlens/gemma-3-12b-pt/class1_translation_4shot/figures

[run] outputs/romanlens/gemma-3-12b-pt/class2_cloze_1shot
[vocab] 42/792 items collide (excluded)
[run] 0/792  cloze_hi_hi_native_book
[run] 50/792  cloze_hi_hi_native_four
[run] 100/792  cloze_hi_hi_native_square
[run] 150/792  cloze_hi_rom_hi_roman_song
[run] 200/792  cloze_hi_rom_hi_roman_seat
[run] 250/792  cloze_hi_rom_hi_roman_tower
[run] 300/792  cloze_ta_ta_native_rice
[run] 350/792  cloze_ta_ta_native_example
[run] 400/792  cloze_ta_rom_ta_roman_soil
[run] 450/792  cloze_ta_rom_ta_roman_eight
[run] 500/792  cloze_ta_rom_ta_roman_tribe
[run] 550/792  cloze_ml_ml_native_river
[run] 600/792  cloze_ml_ml_native_machine
[run] 650/792  cloze_ml_ml_native_section
[run] 700/792  cloze_ml_rom_ml_roman_flower
[run] 750/792  cloze_ml_rom_ml_roman_delete

[gate] kept 750/792
   lang script    n    sub exact  tok1
     hi native  132  0.523 0.515 0.538
     hi  roman  113  0.124 0.115 0.168
     ml native  132  0.485 0.477 0.523
     ml  roman  120  0.050 0.050 0.050
     ta native  132  0.538 0.523 0.591
     ta  roman  121  0.033 0.033 0.099
[report] class2_cloze_1shot  lenses=['jlens_en', 'logit']
  outputs/romanlens/gemma-3-12b-pt/class2_cloze_1shot/figures/accuracy.png
  outputs/romanlens/gemma-3-12b-pt/class2_cloze_1shot/figures/curves__cloze__jlens_en.png
  outputs/romanlens/gemma-3-12b-pt/class2_cloze_1shot/figures/ranks__cloze__jlens_en.png
  outputs/romanlens/gemma-3-12b-pt/class2_cloze_1shot/figures/scripts__cloze.png
  outputs/romanlens/gemma-3-12b-pt/class2_cloze_1shot/figures/switch__cloze__jlens_en.png
  outputs/romanlens/gemma-3-12b-pt/class2_cloze_1shot/figures/curves__cloze__logit.png
  outputs/romanlens/gemma-3-12b-pt/class2_cloze_1shot/figures/ranks__cloze__logit.png
  outputs/romanlens/gemma-3-12b-pt/class2_cloze_1shot/figures/scripts__cloze.png
  outputs/romanlens/gemma-3-12b-pt/class2_cloze_1shot/figures/switch__cloze__logit.png
  outputs/romanlens/gemma-3-12b-pt/class2_cloze_1shot/figures/lenscmp__cloze__en.png
  outputs/romanlens/gemma-3-12b-pt/class2_cloze_1shot/figures/lenscmp__cloze__native.png
  outputs/romanlens/gemma-3-12b-pt/class2_cloze_1shot/figures/lenscmp__cloze__roman.png

| run | lens | task | lang | script | shots | n | acc | acc_exact | acc_tok1 | L_en | P_en | P_enctrl | en_ratio | L_tgt | P_tgt | L_switch | sw_ref | sw_med | sw_sd | sw_never | MRR_en | MRR_tgt |
|---|---|---|---|---|---|---|---|---|---|---|---|---|---|---|---|---|---|---|---|---|---|---|
| class2_cloze_1shot | jlens_en | cloze | hi | native | 1 | 132 | 0.5227 | 0.5152 | 0.5379 | 44 | 0.5906 | 0.0001 | 8751.543 | 46 | 0.2756 | 0 | en | 1 | 10.0792 | 3 | 0.1834 | 0.0528 |
| class2_cloze_1shot | jlens_en | cloze | hi | roman | 1 | 226 | 0.1239 | 0.115 | 0.1681 | 40 | 0.4935 | 0.0031 | 157.1894 | 46 | 0.1866 | 46 | en | 2.5 | 16.4178 | 11 | 0.1592 | 0.0427 |
| class2_cloze_1shot | jlens_en | cloze | ml | native | 1 | 132 | 0.4848 | 0.4773 | 0.5227 | 40 | 0.5717 | 0.0004 | 1344.6384 | 46 | 0.187 | 1 | en | 1 | 13.8869 | 5 | 0.1855 | 0.0333 |
| class2_cloze_1shot | jlens_en | cloze | ml | roman | 1 | 240 | 0.05 | 0.05 | 0.05 | 40 | 0.5073 | 0.0031 | 162.8633 | 46 | 0.0806 | 0 | en | 1 | 13.4632 | 14 | 0.1662 | 0.0324 |
| class2_cloze_1shot | jlens_en | cloze | ta | native | 1 | 132 | 0.5379 | 0.5227 | 0.5909 | 44 | 0.5608 | 0.0001 | 8440.7549 | 46 | 0.2127 | 1 | en | 1 | 10.8562 | 1 | 0.1793 | 0.0382 |
| class2_cloze_1shot | jlens_en | cloze | ta | roman | 1 | 242 | 0.0331 | 0.0331 | 0.0992 | 40 | 0.4311 | 0.0055 | 78.6865 | 46 | 0.0942 | 0 | en | 1 | 15.0595 | 13 | 0.1496 | 0.0351 |
| class2_cloze_1shot | logit | cloze | hi | native | 1 | 132 | 0.5227 | 0.5152 | 0.5379 | 40 | 0.633 | 0.0303 | 20.8916 | 47 | 0.4186 | 14 | en | 6 | 15.8712 | 0 | 0.2484 | 0.0371 |
| class2_cloze_1shot | logit | cloze | hi | roman | 1 | 226 | 0.1239 | 0.115 | 0.1681 | 40 | 0.5497 | 0.0177 | 31.066 | 45 | 0.191 | 46 | en | 2 | 12.8232 | 1 | 0.2166 | 0.0544 |
| class2_cloze_1shot | logit | cloze | ml | native | 1 | 132 | 0.4848 | 0.4773 | 0.5227 | 40 | 0.6289 | 0.0303 | 20.7776 | 47 | 0.3329 | 14 | en | 11.5 | 14.9365 | 0 | 0.2575 | 0.0246 |
| class2_cloze_1shot | logit | cloze | ml | roman | 1 | 240 | 0.05 | 0.05 | 0.05 | 40 | 0.5593 | 0.0166 | 33.6233 | 2 | 0.0832 | -1 | en | 1 | 11.4636 | 4 | 0.2413 | 0.0369 |
| class2_cloze_1shot | logit | cloze | ta | native | 1 | 132 | 0.5379 | 0.5227 | 0.5909 | 40 | 0.5994 | 0.0303 | 19.7875 | 47 | 0.3721 | 14 | en | 9 | 12.3383 | 0 | 0.2374 | 0.0301 |
| class2_cloze_1shot | logit | cloze | ta | roman | 1 | 242 | 0.0331 | 0.0331 | 0.0992 | 40 | 0.4842 | 0.033 | 14.6573 | 2 | 0.099 | 24 | en | 1 | 11.1643 | 4 | 0.214 | 0.0519 |

[report] figures in outputs/romanlens/gemma-3-12b-pt/class2_cloze_1shot/figures

[run] outputs/romanlens/gemma-3-12b-pt/class2_cloze_2shot
[vocab] 42/792 items collide (excluded)
[run] 0/792  cloze_hi_hi_native_book
[run] 50/792  cloze_hi_hi_native_four
[run] 100/792  cloze_hi_hi_native_square
[run] 150/792  cloze_hi_rom_hi_roman_song
[run] 200/792  cloze_hi_rom_hi_roman_seat
[run] 250/792  cloze_hi_rom_hi_roman_tower
[run] 300/792  cloze_ta_ta_native_rice
[run] 350/792  cloze_ta_ta_native_example
[run] 400/792  cloze_ta_rom_ta_roman_soil
[run] 450/792  cloze_ta_rom_ta_roman_eight
[run] 500/792  cloze_ta_rom_ta_roman_tribe
[run] 550/792  cloze_ml_ml_native_river
[run] 600/792  cloze_ml_ml_native_machine
[run] 650/792  cloze_ml_ml_native_section
[run] 700/792  cloze_ml_rom_ml_roman_flower
[run] 750/792  cloze_ml_rom_ml_roman_delete

[gate] kept 750/792
   lang script    n    sub exact  tok1
     hi native  132  0.515 0.508 0.538
     hi  roman  113  0.212 0.186 0.274
     ml native  132  0.530 0.530 0.561
     ml  roman  120  0.092 0.092 0.125
     ta native  132  0.523 0.508 0.568
     ta  roman  121  0.083 0.074 0.174
[report] class2_cloze_2shot  lenses=['jlens_en', 'logit']
  outputs/romanlens/gemma-3-12b-pt/class2_cloze_2shot/figures/accuracy.png
  outputs/romanlens/gemma-3-12b-pt/class2_cloze_2shot/figures/curves__cloze__jlens_en.png
  outputs/romanlens/gemma-3-12b-pt/class2_cloze_2shot/figures/ranks__cloze__jlens_en.png
  outputs/romanlens/gemma-3-12b-pt/class2_cloze_2shot/figures/scripts__cloze.png
  outputs/romanlens/gemma-3-12b-pt/class2_cloze_2shot/figures/switch__cloze__jlens_en.png
  outputs/romanlens/gemma-3-12b-pt/class2_cloze_2shot/figures/curves__cloze__logit.png
  outputs/romanlens/gemma-3-12b-pt/class2_cloze_2shot/figures/ranks__cloze__logit.png
  outputs/romanlens/gemma-3-12b-pt/class2_cloze_2shot/figures/scripts__cloze.png
  outputs/romanlens/gemma-3-12b-pt/class2_cloze_2shot/figures/switch__cloze__logit.png
  outputs/romanlens/gemma-3-12b-pt/class2_cloze_2shot/figures/lenscmp__cloze__en.png
  outputs/romanlens/gemma-3-12b-pt/class2_cloze_2shot/figures/lenscmp__cloze__native.png
  outputs/romanlens/gemma-3-12b-pt/class2_cloze_2shot/figures/lenscmp__cloze__roman.png

| run | lens | task | lang | script | shots | n | acc | acc_exact | acc_tok1 | L_en | P_en | P_enctrl | en_ratio | L_tgt | P_tgt | L_switch | sw_ref | sw_med | sw_sd | sw_never | MRR_en | MRR_tgt |
|---|---|---|---|---|---|---|---|---|---|---|---|---|---|---|---|---|---|---|---|---|---|---|
| class2_cloze_2shot | jlens_en | cloze | hi | native | 2 | 132 | 0.5152 | 0.5076 | 0.5379 | 43 | 0.5784 | 0.0001 | 8519.3047 | 46 | 0.2829 | 0 | en | 1 | 9.3754 | 4 | 0.1811 | 0.053 |
| class2_cloze_2shot | jlens_en | cloze | hi | roman | 2 | 226 | 0.2124 | 0.1858 | 0.2743 | 40 | 0.4911 | 0.0039 | 126.0613 | 46 | 0.2811 | 46 | en | 4 | 16.5282 | 8 | 0.1523 | 0.0509 |
| class2_cloze_2shot | jlens_en | cloze | ml | native | 2 | 132 | 0.5303 | 0.5303 | 0.5606 | 40 | 0.577 | 0.0009 | 608.9807 | 46 | 0.2028 | 1 | en | 1 | 13.3044 | 4 | 0.1792 | 0.0343 |
| class2_cloze_2shot | jlens_en | cloze | ml | roman | 2 | 240 | 0.0917 | 0.0917 | 0.125 | 40 | 0.4963 | 0.0041 | 122.5119 | 46 | 0.1388 | 0 | en | 1 | 15.9279 | 7 | 0.1561 | 0.0383 |
| class2_cloze_2shot | jlens_en | cloze | ta | native | 2 | 132 | 0.5227 | 0.5076 | 0.5682 | 44 | 0.5371 | 0.0001 | 10610.6924 | 46 | 0.2282 | 1 | en | 1 | 11.7622 | 0 | 0.1738 | 0.0384 |
| class2_cloze_2shot | jlens_en | cloze | ta | roman | 2 | 242 | 0.0826 | 0.0744 | 0.1736 | 40 | 0.427 | 0.0097 | 44.1143 | 46 | 0.1582 | 0 | en | 1 | 17.3441 | 5 | 0.1381 | 0.0439 |
| class2_cloze_2shot | logit | cloze | hi | native | 2 | 132 | 0.5152 | 0.5076 | 0.5379 | 40 | 0.6332 | 0.0303 | 20.8978 | 47 | 0.4316 | 14 | en | 6 | 16.5623 | 0 | 0.2453 | 0.0368 |
| class2_cloze_2shot | logit | cloze | hi | roman | 2 | 226 | 0.2124 | 0.1858 | 0.2743 | 40 | 0.5676 | 0.0177 | 32.0716 | 45 | 0.2878 | 45 | en | 2 | 12.5946 | 1 | 0.2105 | 0.0647 |
| class2_cloze_2shot | logit | cloze | ml | native | 2 | 132 | 0.5303 | 0.5303 | 0.5606 | 40 | 0.6232 | 0.0303 | 20.569 | 47 | 0.3528 | 14 | en | 12 | 16.184 | 0 | 0.247 | 0.0258 |
| class2_cloze_2shot | logit | cloze | ml | roman | 2 | 240 | 0.0917 | 0.0917 | 0.125 | 40 | 0.5369 | 0.0167 | 32.2238 | 46 | 0.1388 | 46 | en | 1 | 12.7218 | 3 | 0.2231 | 0.0523 |
| class2_cloze_2shot | logit | cloze | ta | native | 2 | 132 | 0.5227 | 0.5076 | 0.5682 | 40 | 0.595 | 0.0303 | 19.6344 | 47 | 0.3991 | 14 | en | 6.5 | 14.6659 | 0 | 0.2338 | 0.0301 |
| class2_cloze_2shot | logit | cloze | ta | roman | 2 | 242 | 0.0826 | 0.0744 | 0.1736 | 40 | 0.4749 | 0.0331 | 14.3668 | 46 | 0.1582 | 25 | en | 1 | 11.1025 | 1 | 0.191 | 0.0762 |

[report] figures in outputs/romanlens/gemma-3-12b-pt/class2_cloze_2shot/figures

[run] outputs/romanlens/gemma-3-12b-pt/class2_cloze_3shot
[vocab] 42/792 items collide (excluded)
[run] 0/792  cloze_hi_hi_native_book
[run] 50/792  cloze_hi_hi_native_four
[run] 100/792  cloze_hi_hi_native_square
[run] 150/792  cloze_hi_rom_hi_roman_song
[run] 200/792  cloze_hi_rom_hi_roman_seat
[run] 250/792  cloze_hi_rom_hi_roman_tower
[run] 300/792  cloze_ta_ta_native_rice
[run] 350/792  cloze_ta_ta_native_example
[run] 400/792  cloze_ta_rom_ta_roman_soil
[run] 450/792  cloze_ta_rom_ta_roman_eight
[run] 500/792  cloze_ta_rom_ta_roman_tribe
[run] 550/792  cloze_ml_ml_native_river
[run] 600/792  cloze_ml_ml_native_machine
[run] 650/792  cloze_ml_ml_native_section
[run] 700/792  cloze_ml_rom_ml_roman_flower
[run] 750/792  cloze_ml_rom_ml_roman_delete

[gate] kept 750/792
   lang script    n    sub exact  tok1
     hi native  132  0.500 0.500 0.530
     hi  roman  113  0.195 0.195 0.283
     ml native  132  0.523 0.523 0.553
     ml  roman  120  0.092 0.092 0.150
     ta native  132  0.508 0.492 0.568
     ta  roman  121  0.099 0.091 0.190
[report] class2_cloze_3shot  lenses=['jlens_en', 'logit']
  outputs/romanlens/gemma-3-12b-pt/class2_cloze_3shot/figures/accuracy.png
  outputs/romanlens/gemma-3-12b-pt/class2_cloze_3shot/figures/curves__cloze__jlens_en.png
  outputs/romanlens/gemma-3-12b-pt/class2_cloze_3shot/figures/ranks__cloze__jlens_en.png
  outputs/romanlens/gemma-3-12b-pt/class2_cloze_3shot/figures/scripts__cloze.png
  outputs/romanlens/gemma-3-12b-pt/class2_cloze_3shot/figures/switch__cloze__jlens_en.png
  outputs/romanlens/gemma-3-12b-pt/class2_cloze_3shot/figures/curves__cloze__logit.png
  outputs/romanlens/gemma-3-12b-pt/class2_cloze_3shot/figures/ranks__cloze__logit.png
  outputs/romanlens/gemma-3-12b-pt/class2_cloze_3shot/figures/scripts__cloze.png
  outputs/romanlens/gemma-3-12b-pt/class2_cloze_3shot/figures/switch__cloze__logit.png
  outputs/romanlens/gemma-3-12b-pt/class2_cloze_3shot/figures/lenscmp__cloze__en.png
  outputs/romanlens/gemma-3-12b-pt/class2_cloze_3shot/figures/lenscmp__cloze__native.png
  outputs/romanlens/gemma-3-12b-pt/class2_cloze_3shot/figures/lenscmp__cloze__roman.png

| run | lens | task | lang | script | shots | n | acc | acc_exact | acc_tok1 | L_en | P_en | P_enctrl | en_ratio | L_tgt | P_tgt | L_switch | sw_ref | sw_med | sw_sd | sw_never | MRR_en | MRR_tgt |
|---|---|---|---|---|---|---|---|---|---|---|---|---|---|---|---|---|---|---|---|---|---|---|
| class2_cloze_3shot | jlens_en | cloze | hi | native | 3 | 132 | 0.5 | 0.5 | 0.5303 | 44 | 0.6007 | 0.0001 | 11354.8213 | 46 | 0.293 | 0 | en | 1 | 9.5278 | 4 | 0.1813 | 0.0543 |
| class2_cloze_3shot | jlens_en | cloze | hi | roman | 3 | 226 | 0.1947 | 0.1947 | 0.2832 | 40 | 0.4917 | 0.004 | 122.1048 | 46 | 0.2572 | 46 | en | 3 | 16.5548 | 9 | 0.1607 | 0.0465 |
| class2_cloze_3shot | jlens_en | cloze | ml | native | 3 | 132 | 0.5227 | 0.5227 | 0.553 | 40 | 0.6018 | 0.0004 | 1459.408 | 46 | 0.2118 | 1 | en | 1 | 14.1332 | 4 | 0.1838 | 0.0346 |
| class2_cloze_3shot | jlens_en | cloze | ml | roman | 3 | 240 | 0.0917 | 0.0917 | 0.15 | 40 | 0.4849 | 0.004 | 120.991 | 46 | 0.1586 | 0 | en | 1 | 15.5549 | 5 | 0.1531 | 0.0409 |
| class2_cloze_3shot | jlens_en | cloze | ta | native | 3 | 132 | 0.5076 | 0.4924 | 0.5682 | 44 | 0.539 | 0 | 11944.7949 | 46 | 0.2351 | 1 | en | 1 | 11.423 | 0 | 0.1736 | 0.0388 |
| class2_cloze_3shot | jlens_en | cloze | ta | roman | 3 | 242 | 0.0992 | 0.0909 | 0.1901 | 40 | 0.4233 | 0.01 | 42.3533 | 46 | 0.1828 | 0 | en | 1 | 17.0048 | 5 | 0.1386 | 0.046 |
| class2_cloze_3shot | logit | cloze | hi | native | 3 | 132 | 0.5 | 0.5 | 0.5303 | 40 | 0.628 | 0.0303 | 20.7228 | 47 | 0.4457 | 14 | en | 7 | 14.6569 | 0 | 0.2457 | 0.0374 |
| class2_cloze_3shot | logit | cloze | hi | roman | 3 | 226 | 0.1947 | 0.1947 | 0.2832 | 40 | 0.565 | 0.0177 | 31.9247 | 46 | 0.2572 | 46 | en | 2 | 13.0727 | 1 | 0.224 | 0.0573 |
| class2_cloze_3shot | logit | cloze | ml | native | 3 | 132 | 0.5227 | 0.5227 | 0.553 | 40 | 0.647 | 0.0303 | 21.354 | 47 | 0.3733 | 14 | en | 11 | 15.8677 | 0 | 0.2521 | 0.0256 |
| class2_cloze_3shot | logit | cloze | ml | roman | 3 | 240 | 0.0917 | 0.0917 | 0.15 | 40 | 0.5318 | 0.0167 | 31.9118 | 46 | 0.1586 | 45 | en | 1.5 | 12.9325 | 2 | 0.2181 | 0.0579 |
| class2_cloze_3shot | logit | cloze | ta | native | 3 | 132 | 0.5076 | 0.4924 | 0.5682 | 40 | 0.5925 | 0.0303 | 19.5515 | 47 | 0.415 | 14 | en | 6 | 14.6322 | 0 | 0.2353 | 0.03 |
| class2_cloze_3shot | logit | cloze | ta | roman | 3 | 242 | 0.0992 | 0.0909 | 0.1901 | 39 | 0.4851 | 0.0331 | 14.6761 | 46 | 0.1828 | 5 | en | 1 | 9.7184 | 4 | 0.1948 | 0.0786 |

[report] figures in outputs/romanlens/gemma-3-12b-pt/class2_cloze_3shot/figures

[run] outputs/romanlens/gemma-3-12b-pt/class2_cloze_4shot
[vocab] 42/792 items collide (excluded)
[run] 0/792  cloze_hi_hi_native_book
[run] 50/792  cloze_hi_hi_native_four
[run] 100/792  cloze_hi_hi_native_square
[run] 150/792  cloze_hi_rom_hi_roman_song
[run] 200/792  cloze_hi_rom_hi_roman_seat
[run] 250/792  cloze_hi_rom_hi_roman_tower
[run] 300/792  cloze_ta_ta_native_rice
[run] 350/792  cloze_ta_ta_native_example
[run] 400/792  cloze_ta_rom_ta_roman_soil
[run] 450/792  cloze_ta_rom_ta_roman_eight
[run] 500/792  cloze_ta_rom_ta_roman_tribe
[run] 550/792  cloze_ml_ml_native_river
[run] 600/792  cloze_ml_ml_native_machine
[run] 650/792  cloze_ml_ml_native_section
[run] 700/792  cloze_ml_rom_ml_roman_flower
[run] 750/792  cloze_ml_rom_ml_roman_delete

[gate] kept 750/792
   lang script    n    sub exact  tok1
     hi native  132  0.538 0.530 0.568
     hi  roman  113  0.204 0.204 0.301
     ml native  132  0.545 0.545 0.583
     ml  roman  120  0.100 0.092 0.167
     ta native  132  0.530 0.492 0.561
     ta  roman  121  0.083 0.083 0.174
[report] class2_cloze_4shot  lenses=['jlens_en', 'logit']
  outputs/romanlens/gemma-3-12b-pt/class2_cloze_4shot/figures/accuracy.png
  outputs/romanlens/gemma-3-12b-pt/class2_cloze_4shot/figures/curves__cloze__jlens_en.png
  outputs/romanlens/gemma-3-12b-pt/class2_cloze_4shot/figures/ranks__cloze__jlens_en.png
  outputs/romanlens/gemma-3-12b-pt/class2_cloze_4shot/figures/scripts__cloze.png
  outputs/romanlens/gemma-3-12b-pt/class2_cloze_4shot/figures/switch__cloze__jlens_en.png
  outputs/romanlens/gemma-3-12b-pt/class2_cloze_4shot/figures/curves__cloze__logit.png
  outputs/romanlens/gemma-3-12b-pt/class2_cloze_4shot/figures/ranks__cloze__logit.png
  outputs/romanlens/gemma-3-12b-pt/class2_cloze_4shot/figures/scripts__cloze.png
  outputs/romanlens/gemma-3-12b-pt/class2_cloze_4shot/figures/switch__cloze__logit.png
  outputs/romanlens/gemma-3-12b-pt/class2_cloze_4shot/figures/lenscmp__cloze__en.png
  outputs/romanlens/gemma-3-12b-pt/class2_cloze_4shot/figures/lenscmp__cloze__native.png
  outputs/romanlens/gemma-3-12b-pt/class2_cloze_4shot/figures/lenscmp__cloze__roman.png

| run | lens | task | lang | script | shots | n | acc | acc_exact | acc_tok1 | L_en | P_en | P_enctrl | en_ratio | L_tgt | P_tgt | L_switch | sw_ref | sw_med | sw_sd | sw_never | MRR_en | MRR_tgt |
|---|---|---|---|---|---|---|---|---|---|---|---|---|---|---|---|---|---|---|---|---|---|---|
| class2_cloze_4shot | jlens_en | cloze | hi | native | 4 | 132 | 0.5379 | 0.5303 | 0.5682 | 44 | 0.6142 | 0.0001 | 11463.124 | 46 | 0.3138 | 0 | en | 1 | 10.1525 | 3 | 0.1835 | 0.0565 |
| class2_cloze_4shot | jlens_en | cloze | hi | roman | 4 | 226 | 0.2035 | 0.2035 | 0.3009 | 40 | 0.5045 | 0.0039 | 128.093 | 46 | 0.2855 | 46 | en | 3 | 17.1029 | 8 | 0.1599 | 0.0487 |
| class2_cloze_4shot | jlens_en | cloze | ml | native | 4 | 132 | 0.5455 | 0.5455 | 0.5833 | 40 | 0.605 | 0.0004 | 1601.1409 | 46 | 0.2288 | 1 | en | 1 | 14.1996 | 3 | 0.1855 | 0.0354 |
| class2_cloze_4shot | jlens_en | cloze | ml | roman | 4 | 240 | 0.1 | 0.0917 | 0.1667 | 40 | 0.481 | 0.0051 | 94.0452 | 46 | 0.1704 | 0 | en | 1 | 15.5378 | 4 | 0.1496 | 0.0428 |
| class2_cloze_4shot | jlens_en | cloze | ta | native | 4 | 132 | 0.5303 | 0.4924 | 0.5606 | 42 | 0.5401 | 0 | 11848.332 | 46 | 0.2423 | 1 | en | 1 | 10.8761 | 0 | 0.1738 | 0.0391 |
| class2_cloze_4shot | jlens_en | cloze | ta | roman | 4 | 242 | 0.0826 | 0.0826 | 0.1736 | 40 | 0.4163 | 0.0106 | 39.2457 | 46 | 0.1936 | 0 | en | 1 | 16.2023 | 4 | 0.1356 | 0.0471 |
| class2_cloze_4shot | logit | cloze | hi | native | 4 | 132 | 0.5379 | 0.5303 | 0.5682 | 40 | 0.6287 | 0.0303 | 20.7481 | 47 | 0.472 | 13 | en | 6 | 15.7427 | 0 | 0.2501 | 0.0395 |
| class2_cloze_4shot | logit | cloze | hi | roman | 4 | 226 | 0.2035 | 0.2035 | 0.3009 | 40 | 0.578 | 0.0177 | 32.6573 | 46 | 0.2855 | 45 | en | 2 | 13.0054 | 1 | 0.2241 | 0.0616 |
| class2_cloze_4shot | logit | cloze | ml | native | 4 | 132 | 0.5455 | 0.5455 | 0.5833 | 40 | 0.6547 | 0.0303 | 21.6059 | 47 | 0.3955 | 14 | en | 11 | 15.0073 | 0 | 0.251 | 0.0269 |
| class2_cloze_4shot | logit | cloze | ml | roman | 4 | 240 | 0.1 | 0.0917 | 0.1667 | 39 | 0.5362 | 0.0167 | 32.1767 | 46 | 0.1704 | 45 | en | 2 | 13.3718 | 0 | 0.2148 | 0.0621 |
| class2_cloze_4shot | logit | cloze | ta | native | 4 | 132 | 0.5303 | 0.4924 | 0.5606 | 40 | 0.5901 | 0.0303 | 19.472 | 47 | 0.4303 | 14 | en | 6 | 14.3101 | 0 | 0.2363 | 0.0308 |
| class2_cloze_4shot | logit | cloze | ta | roman | 4 | 242 | 0.0826 | 0.0826 | 0.1736 | 40 | 0.4774 | 0.0331 | 14.4415 | 46 | 0.1936 | 5 | en | 1 | 10.5232 | 2 | 0.1913 | 0.0803 |

[report] figures in outputs/romanlens/gemma-3-12b-pt/class2_cloze_4shot/figures

[run] outputs/romanlens/gemma-3-12b-pt/class3_repetition_1shot
[vocab] 42/792 items collide (excluded)
[run] 0/792  repetition_hi_hi_native_book
[run] 50/792  repetition_hi_hi_native_four
[run] 100/792  repetition_hi_hi_native_square
[run] 150/792  repetition_hi_rom_hi_roman_song
[run] 200/792  repetition_hi_rom_hi_roman_seat
[run] 250/792  repetition_hi_rom_hi_roman_tower
[run] 300/792  repetition_ta_ta_native_rice
[run] 350/792  repetition_ta_ta_native_example
[run] 400/792  repetition_ta_rom_ta_roman_soil
[run] 450/792  repetition_ta_rom_ta_roman_eight
[run] 500/792  repetition_ta_rom_ta_roman_tribe
[run] 550/792  repetition_ml_ml_native_river
[run] 600/792  repetition_ml_ml_native_machine
[run] 650/792  repetition_ml_ml_native_section
[run] 700/792  repetition_ml_rom_ml_roman_flower
[run] 750/792  repetition_ml_rom_ml_roman_delete

[gate] kept 750/792
   lang script    n    sub exact  tok1
     hi native  132  1.000 1.000 1.000
     hi  roman  113  1.000 1.000 1.000
     ml native  132  0.992 0.992 1.000
     ml  roman  120  1.000 1.000 1.000
     ta native  132  1.000 1.000 1.000
     ta  roman  121  1.000 1.000 1.000
[report] class3_repetition_1shot  lenses=['jlens_en', 'logit']
  outputs/romanlens/gemma-3-12b-pt/class3_repetition_1shot/figures/accuracy.png
  outputs/romanlens/gemma-3-12b-pt/class3_repetition_1shot/figures/curves__repetition__jlens_en.png
  outputs/romanlens/gemma-3-12b-pt/class3_repetition_1shot/figures/ranks__repetition__jlens_en.png
  outputs/romanlens/gemma-3-12b-pt/class3_repetition_1shot/figures/scripts__repetition.png
  outputs/romanlens/gemma-3-12b-pt/class3_repetition_1shot/figures/switch__repetition__jlens_en.png
  outputs/romanlens/gemma-3-12b-pt/class3_repetition_1shot/figures/curves__repetition__logit.png
  outputs/romanlens/gemma-3-12b-pt/class3_repetition_1shot/figures/ranks__repetition__logit.png
  outputs/romanlens/gemma-3-12b-pt/class3_repetition_1shot/figures/scripts__repetition.png
  outputs/romanlens/gemma-3-12b-pt/class3_repetition_1shot/figures/switch__repetition__logit.png
  outputs/romanlens/gemma-3-12b-pt/class3_repetition_1shot/figures/lenscmp__repetition__en.png
  outputs/romanlens/gemma-3-12b-pt/class3_repetition_1shot/figures/lenscmp__repetition__native.png
  outputs/romanlens/gemma-3-12b-pt/class3_repetition_1shot/figures/lenscmp__repetition__roman.png

| run | lens | task | lang | script | shots | n | acc | acc_exact | acc_tok1 | L_en | P_en | P_enctrl | en_ratio | L_tgt | P_tgt | L_switch | sw_ref | sw_med | sw_sd | sw_never | MRR_en | MRR_tgt |
|---|---|---|---|---|---|---|---|---|---|---|---|---|---|---|---|---|---|---|---|---|---|---|
| class3_repetition_1shot | jlens_en | repetition | hi | native | 1 | 132 | 1 | 1 | 1 | 42 | 0.6461 | 0.0001 | 6823.2451 | 46 | 0.6541 | 1 | en | 1 | 11.32 | 1 | 0.1977 | 0.1105 |
| class3_repetition_1shot | jlens_en | repetition | hi | roman | 1 | 226 | 1 | 1 | 1 | 40 | 0.4047 | 0.0009 | 452.4058 | 46 | 0.6772 | 20 | en | 5 | 14.5981 | 1 | 0.1245 | 0.1087 |
| class3_repetition_1shot | jlens_en | repetition | ml | native | 1 | 132 | 0.9924 | 0.9924 | 1 | 43 | 0.6009 | 0.0004 | 1601.1224 | 46 | 0.608 | 1 | en | 1 | 14.6361 | 0 | 0.1775 | 0.0486 |
| class3_repetition_1shot | jlens_en | repetition | ml | roman | 1 | 240 | 1 | 1 | 1 | 40 | 0.1822 | 0.0013 | 136.8588 | 44 | 0.9034 | 0 | en | 1 | 12.8927 | 0 | 0.0624 | 0.1394 |
| class3_repetition_1shot | jlens_en | repetition | ta | native | 1 | 132 | 1 | 1 | 1 | 42 | 0.6563 | 0.0003 | 2196.5918 | 46 | 0.6984 | 1 | en | 1 | 12.8581 | 0 | 0.2009 | 0.0661 |
| class3_repetition_1shot | jlens_en | repetition | ta | roman | 1 | 242 | 1 | 1 | 1 | 40 | 0.2381 | 0.0017 | 141.793 | 44 | 0.8579 | 0 | en | 1 | 12.4349 | 0 | 0.0706 | 0.1435 |
| class3_repetition_1shot | logit | repetition | hi | native | 1 | 132 | 1 | 1 | 1 | 40 | 0.7012 | 0.0301 | 23.3306 | 47 | 0.8466 | 6 | en | 5 | 13.1906 | 0 | 0.255 | 0.0717 |
| class3_repetition_1shot | logit | repetition | hi | roman | 1 | 226 | 1 | 1 | 1 | 40 | 0.5401 | 0.0175 | 30.9472 | 47 | 0.8155 | 41 | en | 2 | 10.3376 | 0 | 0.1758 | 0.1331 |
| class3_repetition_1shot | logit | repetition | ml | native | 1 | 132 | 0.9924 | 0.9924 | 1 | 40 | 0.6453 | 0.0303 | 21.3276 | 47 | 0.9223 | 46 | en | 11 | 18.4835 | 0 | 0.218 | 0.0447 |
| class3_repetition_1shot | logit | repetition | ml | roman | 1 | 240 | 1 | 1 | 1 | 40 | 0.2688 | 0.0162 | 16.6239 | 47 | 0.9478 | 25 | en | 2 | 9.6392 | 0 | 0.0827 | 0.1692 |
| class3_repetition_1shot | logit | repetition | ta | native | 1 | 132 | 1 | 1 | 1 | 40 | 0.6814 | 0.0303 | 22.5141 | 47 | 0.896 | 12 | en | 6 | 15.7303 | 0 | 0.2416 | 0.054 |
| class3_repetition_1shot | logit | repetition | ta | roman | 1 | 242 | 1 | 1 | 1 | 39 | 0.2687 | 0.0329 | 8.1604 | 47 | 0.9096 | 23 | en | 2 | 9.8599 | 0 | 0.0867 | 0.1787 |

[report] figures in outputs/romanlens/gemma-3-12b-pt/class3_repetition_1shot/figures

[run] outputs/romanlens/gemma-3-12b-pt/class3_repetition_2shot
[vocab] 42/792 items collide (excluded)
[run] 0/792  repetition_hi_hi_native_book
[run] 50/792  repetition_hi_hi_native_four
[run] 100/792  repetition_hi_hi_native_square
[run] 150/792  repetition_hi_rom_hi_roman_song
[run] 200/792  repetition_hi_rom_hi_roman_seat
[run] 250/792  repetition_hi_rom_hi_roman_tower
[run] 300/792  repetition_ta_ta_native_rice
[run] 350/792  repetition_ta_ta_native_example
[run] 400/792  repetition_ta_rom_ta_roman_soil
[run] 450/792  repetition_ta_rom_ta_roman_eight
[run] 500/792  repetition_ta_rom_ta_roman_tribe
[run] 550/792  repetition_ml_ml_native_river
[run] 600/792  repetition_ml_ml_native_machine
[run] 650/792  repetition_ml_ml_native_section
[run] 700/792  repetition_ml_rom_ml_roman_flower
[run] 750/792  repetition_ml_rom_ml_roman_delete

[gate] kept 750/792
   lang script    n    sub exact  tok1
     hi native  132  1.000 1.000 1.000
     hi  roman  113  1.000 1.000 1.000
     ml native  132  0.992 0.992 1.000
     ml  roman  120  1.000 1.000 1.000
     ta native  132  1.000 1.000 1.000
     ta  roman  121  1.000 1.000 1.000
[report] class3_repetition_2shot  lenses=['jlens_en', 'logit']
  outputs/romanlens/gemma-3-12b-pt/class3_repetition_2shot/figures/accuracy.png
  outputs/romanlens/gemma-3-12b-pt/class3_repetition_2shot/figures/curves__repetition__jlens_en.png
  outputs/romanlens/gemma-3-12b-pt/class3_repetition_2shot/figures/ranks__repetition__jlens_en.png
  outputs/romanlens/gemma-3-12b-pt/class3_repetition_2shot/figures/scripts__repetition.png
  outputs/romanlens/gemma-3-12b-pt/class3_repetition_2shot/figures/switch__repetition__jlens_en.png
  outputs/romanlens/gemma-3-12b-pt/class3_repetition_2shot/figures/curves__repetition__logit.png
  outputs/romanlens/gemma-3-12b-pt/class3_repetition_2shot/figures/ranks__repetition__logit.png
  outputs/romanlens/gemma-3-12b-pt/class3_repetition_2shot/figures/scripts__repetition.png
  outputs/romanlens/gemma-3-12b-pt/class3_repetition_2shot/figures/switch__repetition__logit.png
  outputs/romanlens/gemma-3-12b-pt/class3_repetition_2shot/figures/lenscmp__repetition__en.png
  outputs/romanlens/gemma-3-12b-pt/class3_repetition_2shot/figures/lenscmp__repetition__native.png
  outputs/romanlens/gemma-3-12b-pt/class3_repetition_2shot/figures/lenscmp__repetition__roman.png

| run | lens | task | lang | script | shots | n | acc | acc_exact | acc_tok1 | L_en | P_en | P_enctrl | en_ratio | L_tgt | P_tgt | L_switch | sw_ref | sw_med | sw_sd | sw_never | MRR_en | MRR_tgt |
|---|---|---|---|---|---|---|---|---|---|---|---|---|---|---|---|---|---|---|---|---|---|---|
| class3_repetition_2shot | jlens_en | repetition | hi | native | 2 | 132 | 1 | 1 | 1 | 42 | 0.6555 | 0.0001 | 9033.0029 | 46 | 0.7344 | 1 | en | 1 | 11.3889 | 0 | 0.1985 | 0.1247 |
| class3_repetition_2shot | jlens_en | repetition | hi | roman | 2 | 226 | 1 | 1 | 1 | 40 | 0.4167 | 0.0011 | 386.7865 | 44 | 0.8407 | 20 | en | 5 | 13.8891 | 0 | 0.112 | 0.1243 |
| class3_repetition_2shot | jlens_en | repetition | ml | native | 2 | 132 | 0.9924 | 0.9924 | 1 | 42 | 0.6089 | 0.0002 | 2535.1714 | 46 | 0.6818 | 1 | en | 1 | 14.3441 | 0 | 0.1783 | 0.0487 |
| class3_repetition_2shot | jlens_en | repetition | ml | roman | 2 | 240 | 1 | 1 | 1 | 40 | 0.2045 | 0.0014 | 141.3068 | 44 | 0.9015 | 0 | en | 1 | 13.5896 | 0 | 0.0671 | 0.1399 |
| class3_repetition_2shot | jlens_en | repetition | ta | native | 2 | 132 | 1 | 1 | 1 | 42 | 0.658 | 0.0002 | 2876.6492 | 46 | 0.754 | 1 | en | 1 | 11.4058 | 0 | 0.1931 | 0.0668 |
| class3_repetition_2shot | jlens_en | repetition | ta | roman | 2 | 242 | 1 | 1 | 1 | 40 | 0.1793 | 0.0016 | 115.2702 | 44 | 0.8876 | 0 | en | 1 | 12.0153 | 0 | 0.0574 | 0.1538 |
| class3_repetition_2shot | logit | repetition | hi | native | 2 | 132 | 1 | 1 | 1 | 40 | 0.7253 | 0.0303 | 23.945 | 47 | 0.9243 | 6 | en | 5 | 14.4257 | 0 | 0.2593 | 0.0746 |
| class3_repetition_2shot | logit | repetition | hi | roman | 2 | 226 | 1 | 1 | 1 | 40 | 0.535 | 0.0176 | 30.3724 | 47 | 0.9499 | 41 | en | 2 | 9.9445 | 0 | 0.1554 | 0.1481 |
| class3_repetition_2shot | logit | repetition | ml | native | 2 | 132 | 0.9924 | 0.9924 | 1 | 40 | 0.6559 | 0.0303 | 21.647 | 47 | 0.957 | 46 | en | 11 | 18.8449 | 0 | 0.2176 | 0.045 |
| class3_repetition_2shot | logit | repetition | ml | roman | 2 | 240 | 1 | 1 | 1 | 39 | 0.2814 | 0.0166 | 16.9893 | 47 | 0.9623 | 25 | en | 3 | 9.4903 | 0 | 0.0888 | 0.1672 |
| class3_repetition_2shot | logit | repetition | ta | native | 2 | 132 | 1 | 1 | 1 | 40 | 0.683 | 0.0303 | 22.547 | 47 | 0.9405 | 13 | en | 6 | 14.7948 | 0 | 0.2419 | 0.054 |
| class3_repetition_2shot | logit | repetition | ta | roman | 2 | 242 | 1 | 1 | 1 | 38 | 0.2101 | 0.033 | 6.3649 | 47 | 0.9601 | 23 | en | 2 | 9.5183 | 0 | 0.07 | 0.1872 |

[report] figures in outputs/romanlens/gemma-3-12b-pt/class3_repetition_2shot/figures

[run] outputs/romanlens/gemma-3-12b-pt/class3_repetition_3shot
[vocab] 42/792 items collide (excluded)
[run] 0/792  repetition_hi_hi_native_book
[run] 50/792  repetition_hi_hi_native_four
[run] 100/792  repetition_hi_hi_native_square
[run] 150/792  repetition_hi_rom_hi_roman_song
[run] 200/792  repetition_hi_rom_hi_roman_seat
[run] 250/792  repetition_hi_rom_hi_roman_tower
[run] 300/792  repetition_ta_ta_native_rice
[run] 350/792  repetition_ta_ta_native_example
[run] 400/792  repetition_ta_rom_ta_roman_soil
[run] 450/792  repetition_ta_rom_ta_roman_eight
[run] 500/792  repetition_ta_rom_ta_roman_tribe
[run] 550/792  repetition_ml_ml_native_river
[run] 600/792  repetition_ml_ml_native_machine
[run] 650/792  repetition_ml_ml_native_section
[run] 700/792  repetition_ml_rom_ml_roman_flower
[run] 750/792  repetition_ml_rom_ml_roman_delete

[gate] kept 750/792
   lang script    n    sub exact  tok1
     hi native  132  1.000 1.000 1.000
     hi  roman  113  1.000 1.000 1.000
     ml native  132  0.992 0.992 1.000
     ml  roman  120  1.000 1.000 1.000
     ta native  132  1.000 1.000 1.000
     ta  roman  121  1.000 1.000 1.000
[report] class3_repetition_3shot  lenses=['jlens_en', 'logit']
  outputs/romanlens/gemma-3-12b-pt/class3_repetition_3shot/figures/accuracy.png
  outputs/romanlens/gemma-3-12b-pt/class3_repetition_3shot/figures/curves__repetition__jlens_en.png
  outputs/romanlens/gemma-3-12b-pt/class3_repetition_3shot/figures/ranks__repetition__jlens_en.png
  outputs/romanlens/gemma-3-12b-pt/class3_repetition_3shot/figures/scripts__repetition.png
  outputs/romanlens/gemma-3-12b-pt/class3_repetition_3shot/figures/switch__repetition__jlens_en.png
  outputs/romanlens/gemma-3-12b-pt/class3_repetition_3shot/figures/curves__repetition__logit.png
  outputs/romanlens/gemma-3-12b-pt/class3_repetition_3shot/figures/ranks__repetition__logit.png
  outputs/romanlens/gemma-3-12b-pt/class3_repetition_3shot/figures/scripts__repetition.png
  outputs/romanlens/gemma-3-12b-pt/class3_repetition_3shot/figures/switch__repetition__logit.png
  outputs/romanlens/gemma-3-12b-pt/class3_repetition_3shot/figures/lenscmp__repetition__en.png
  outputs/romanlens/gemma-3-12b-pt/class3_repetition_3shot/figures/lenscmp__repetition__native.png
  outputs/romanlens/gemma-3-12b-pt/class3_repetition_3shot/figures/lenscmp__repetition__roman.png

| run | lens | task | lang | script | shots | n | acc | acc_exact | acc_tok1 | L_en | P_en | P_enctrl | en_ratio | L_tgt | P_tgt | L_switch | sw_ref | sw_med | sw_sd | sw_never | MRR_en | MRR_tgt |
|---|---|---|---|---|---|---|---|---|---|---|---|---|---|---|---|---|---|---|---|---|---|---|
| class3_repetition_3shot | jlens_en | repetition | hi | native | 3 | 132 | 1 | 1 | 1 | 42 | 0.6944 | 0.0001 | 13462.3301 | 46 | 0.714 | 1 | en | 1 | 10.7975 | 0 | 0.2006 | 0.1139 |
| class3_repetition_3shot | jlens_en | repetition | hi | roman | 3 | 226 | 1 | 1 | 1 | 40 | 0.3896 | 0.0008 | 488.786 | 44 | 0.8586 | 21 | en | 2 | 13.9018 | 0 | 0.1044 | 0.1303 |
| class3_repetition_3shot | jlens_en | repetition | ml | native | 3 | 132 | 0.9924 | 0.9924 | 1 | 42 | 0.6018 | 0.0002 | 2487.2747 | 46 | 0.7117 | 1 | en | 1 | 13.7009 | 0 | 0.1753 | 0.05 |
| class3_repetition_3shot | jlens_en | repetition | ml | roman | 3 | 240 | 1 | 1 | 1 | 40 | 0.1683 | 0.001 | 164.2239 | 44 | 0.9168 | 0 | en | 1 | 13.3225 | 0 | 0.0594 | 0.1485 |
| class3_repetition_3shot | jlens_en | repetition | ta | native | 3 | 132 | 1 | 1 | 1 | 42 | 0.6795 | 0.0003 | 2717.8059 | 46 | 0.7753 | 1 | en | 1 | 10.5226 | 0 | 0.1963 | 0.0676 |
| class3_repetition_3shot | jlens_en | repetition | ta | roman | 3 | 242 | 1 | 1 | 1 | 40 | 0.1595 | 0.0016 | 96.8163 | 44 | 0.8889 | 0 | en | 1 | 12.0203 | 0 | 0.052 | 0.1552 |
| class3_repetition_3shot | logit | repetition | hi | native | 3 | 132 | 1 | 1 | 1 | 40 | 0.7396 | 0.0303 | 24.4104 | 47 | 0.934 | 6 | en | 5 | 14.7921 | 0 | 0.2526 | 0.0699 |
| class3_repetition_3shot | logit | repetition | hi | roman | 3 | 226 | 1 | 1 | 1 | 40 | 0.5245 | 0.0177 | 29.6644 | 47 | 0.9712 | 29 | en | 2 | 10.0969 | 0 | 0.1446 | 0.154 |
| class3_repetition_3shot | logit | repetition | ml | native | 3 | 132 | 0.9924 | 0.9924 | 1 | 40 | 0.6548 | 0.0303 | 21.6078 | 47 | 0.9725 | 46 | en | 9 | 18.5919 | 0 | 0.2117 | 0.0454 |
| class3_repetition_3shot | logit | repetition | ml | roman | 3 | 240 | 1 | 1 | 1 | 40 | 0.256 | 0.0167 | 15.3668 | 47 | 0.9824 | 24 | en | 2 | 9.4908 | 0 | 0.0798 | 0.1792 |
| class3_repetition_3shot | logit | repetition | ta | native | 3 | 132 | 1 | 1 | 1 | 40 | 0.7011 | 0.0303 | 23.1379 | 47 | 0.9643 | 17 | en | 6 | 14.804 | 0 | 0.2389 | 0.0537 |
| class3_repetition_3shot | logit | repetition | ta | roman | 3 | 242 | 1 | 1 | 1 | 38 | 0.1956 | 0.033 | 5.9227 | 47 | 0.9743 | 23 | en | 2 | 9.2137 | 0 | 0.0621 | 0.1905 |

[report] figures in outputs/romanlens/gemma-3-12b-pt/class3_repetition_3shot/figures

[run] outputs/romanlens/gemma-3-12b-pt/class3_repetition_4shot
[vocab] 42/792 items collide (excluded)
[run] 0/792  repetition_hi_hi_native_book
[run] 50/792  repetition_hi_hi_native_four
[run] 100/792  repetition_hi_hi_native_square
[run] 150/792  repetition_hi_rom_hi_roman_song
[run] 200/792  repetition_hi_rom_hi_roman_seat
[run] 250/792  repetition_hi_rom_hi_roman_tower
[run] 300/792  repetition_ta_ta_native_rice
[run] 350/792  repetition_ta_ta_native_example
[run] 400/792  repetition_ta_rom_ta_roman_soil
[run] 450/792  repetition_ta_rom_ta_roman_eight
[run] 500/792  repetition_ta_rom_ta_roman_tribe
[run] 550/792  repetition_ml_ml_native_river
[run] 600/792  repetition_ml_ml_native_machine
[run] 650/792  repetition_ml_ml_native_section
[run] 700/792  repetition_ml_rom_ml_roman_flower
[run] 750/792  repetition_ml_rom_ml_roman_delete

[gate] kept 750/792
   lang script    n    sub exact  tok1
     hi native  132  1.000 1.000 1.000
     hi  roman  113  1.000 1.000 1.000
     ml native  132  0.992 0.992 1.000
     ml  roman  120  1.000 1.000 1.000
     ta native  132  1.000 1.000 1.000
     ta  roman  121  1.000 1.000 1.000
[report] class3_repetition_4shot  lenses=['jlens_en', 'logit']
  outputs/romanlens/gemma-3-12b-pt/class3_repetition_4shot/figures/accuracy.png
  outputs/romanlens/gemma-3-12b-pt/class3_repetition_4shot/figures/curves__repetition__jlens_en.png
  outputs/romanlens/gemma-3-12b-pt/class3_repetition_4shot/figures/ranks__repetition__jlens_en.png
  outputs/romanlens/gemma-3-12b-pt/class3_repetition_4shot/figures/scripts__repetition.png
  outputs/romanlens/gemma-3-12b-pt/class3_repetition_4shot/figures/switch__repetition__jlens_en.png
  outputs/romanlens/gemma-3-12b-pt/class3_repetition_4shot/figures/curves__repetition__logit.png
  outputs/romanlens/gemma-3-12b-pt/class3_repetition_4shot/figures/ranks__repetition__logit.png
  outputs/romanlens/gemma-3-12b-pt/class3_repetition_4shot/figures/scripts__repetition.png
  outputs/romanlens/gemma-3-12b-pt/class3_repetition_4shot/figures/switch__repetition__logit.png
  outputs/romanlens/gemma-3-12b-pt/class3_repetition_4shot/figures/lenscmp__repetition__en.png
  outputs/romanlens/gemma-3-12b-pt/class3_repetition_4shot/figures/lenscmp__repetition__native.png
  outputs/romanlens/gemma-3-12b-pt/class3_repetition_4shot/figures/lenscmp__repetition__roman.png

| run | lens | task | lang | script | shots | n | acc | acc_exact | acc_tok1 | L_en | P_en | P_enctrl | en_ratio | L_tgt | P_tgt | L_switch | sw_ref | sw_med | sw_sd | sw_never | MRR_en | MRR_tgt |
|---|---|---|---|---|---|---|---|---|---|---|---|---|---|---|---|---|---|---|---|---|---|---|
| class3_repetition_4shot | jlens_en | repetition | hi | native | 4 | 132 | 1 | 1 | 1 | 42 | 0.6664 | 0 | 13699.7891 | 46 | 0.7629 | 1 | en | 1 | 10.4248 | 0 | 0.1954 | 0.1232 |
| class3_repetition_4shot | jlens_en | repetition | hi | roman | 4 | 226 | 1 | 1 | 1 | 40 | 0.3719 | 0.0007 | 565.1052 | 44 | 0.8935 | 21 | en | 1 | 13.866 | 0 | 0.0971 | 0.1362 |
| class3_repetition_4shot | jlens_en | repetition | ml | native | 4 | 132 | 0.9924 | 0.9924 | 1 | 42 | 0.5961 | 0.0002 | 2720.6833 | 46 | 0.7278 | 1 | en | 1 | 13.3377 | 0 | 0.1745 | 0.0504 |
| class3_repetition_4shot | jlens_en | repetition | ml | roman | 4 | 240 | 1 | 1 | 1 | 40 | 0.1477 | 0.001 | 154.2877 | 44 | 0.926 | 0 | en | 1 | 13.2363 | 0 | 0.0535 | 0.1534 |
| class3_repetition_4shot | jlens_en | repetition | ta | native | 4 | 132 | 1 | 1 | 1 | 43 | 0.6668 | 0.0002 | 2677.3955 | 46 | 0.8074 | 1 | en | 1 | 9.8509 | 0 | 0.1928 | 0.0681 |
| class3_repetition_4shot | jlens_en | repetition | ta | roman | 4 | 242 | 1 | 1 | 1 | 40 | 0.1786 | 0.0017 | 102.215 | 44 | 0.8897 | 0 | en | 1 | 11.7954 | 0 | 0.0546 | 0.1549 |
| class3_repetition_4shot | logit | repetition | hi | native | 4 | 132 | 1 | 1 | 1 | 42 | 0.7174 | 0.0303 | 23.6779 | 47 | 0.9589 | 6 | en | 5 | 15.3025 | 0 | 0.2393 | 0.0718 |
| class3_repetition_4shot | logit | repetition | hi | roman | 4 | 226 | 1 | 1 | 1 | 39 | 0.5067 | 0.0177 | 28.6484 | 47 | 0.9831 | 29 | en | 2 | 10.0281 | 0 | 0.135 | 0.1599 |
| class3_repetition_4shot | logit | repetition | ml | native | 4 | 132 | 0.9924 | 0.9924 | 1 | 40 | 0.651 | 0.0303 | 21.4836 | 47 | 0.9768 | 46 | en | 9 | 18.8349 | 0 | 0.2086 | 0.0455 |
| class3_repetition_4shot | logit | repetition | ml | roman | 4 | 240 | 1 | 1 | 1 | 39 | 0.2274 | 0.0167 | 13.6587 | 47 | 0.9867 | 25 | en | 2 | 9.9068 | 0 | 0.0683 | 0.1833 |
| class3_repetition_4shot | logit | repetition | ta | native | 4 | 132 | 1 | 1 | 1 | 40 | 0.6928 | 0.0303 | 22.8641 | 47 | 0.9736 | 14 | en | 6 | 14.7621 | 0 | 0.2348 | 0.0538 |
| class3_repetition_4shot | logit | repetition | ta | roman | 4 | 242 | 1 | 1 | 1 | 39 | 0.2056 | 0.033 | 6.2216 | 47 | 0.9785 | 23 | en | 2 | 9.2865 | 0 | 0.0647 | 0.1886 |

[report] figures in outputs/romanlens/gemma-3-12b-pt/class3_repetition_4shot/figures

[run] outputs/romanlens/gemma-3-12b-pt/class4_lang_swap
[vocab] 84/1494 items collide (excluded)
[run] 0/1494  swap_fr_hitoml_native_cloud
[run] 50/1494  swap_fr_tatohi_native_star
[run] 100/1494  swap_fr_mltota_native_song
[run] 150/1494  swap_fr_hitoml_native_source
[run] 200/1494  swap_fr_tatohi_native_net
[run] 250/1494  swap_fr_mltota_native_one
[run] 300/1494  swap_fr_hitoml_native_ten
[run] 350/1494  swap_fr_tatohi_native_word
[run] 400/1494  swap_fr_mltota_native_position
[run] 450/1494  swap_fr_hitoml_native_tie
[run] 500/1494  swap_fr_tatohi_native_platform
[run] 550/1494  swap_fr_mltota_native_south
[run] 600/1494  swap_fr_hitoml_native_tail
[run] 650/1494  swap_fr_tatohi_native_person
[run] 700/1494  swap_fr_mltota_native_summer
[run] 750/1494  swap_en_hitoml_native_hand
[run] 800/1494  swap_en_tatohi_native_fruit
[run] 850/1494  swap_en_mltota_native_wave
[run] 900/1494  swap_en_hitoml_native_ball
[run] 950/1494  swap_en_tatohi_native_tea
[run] 1000/1494  swap_en_mltota_native_three
[run] 1050/1494  swap_en_hitoml_native_shop
[run] 1100/1494  swap_en_tatohi_native_word
[run] 1150/1494  swap_en_mltota_native_benefit
[run] 1200/1494  swap_en_hitoml_native_school
[run] 1250/1494  swap_en_tatohi_native_group
[run] 1300/1494  swap_en_mltota_native_valley
[run] 1350/1494  swap_en_hitoml_native_ground
[run] 1400/1494  swap_en_tatohi_native_speech
[run] 1450/1494  swap_en_mltota_native_hundred

[gate] kept 1410/1494
   lang script    n    sub exact  tok1
     hi native  249  0.683 0.675 0.719
     hi  roman  211  0.280 0.275 0.408
     ml native  249  0.675 0.675 0.735
     ml  roman  225  0.169 0.160 0.236
     ta native  249  0.767 0.755 0.783
     ta  roman  227  0.137 0.137 0.233
[report] class4_lang_swap  lenses=['jlens_en', 'logit']
  outputs/romanlens/gemma-3-12b-pt/class4_lang_swap/figures/accuracy.png
  outputs/romanlens/gemma-3-12b-pt/class4_lang_swap/figures/curves__lang_swap__jlens_en.png
  outputs/romanlens/gemma-3-12b-pt/class4_lang_swap/figures/ranks__lang_swap__jlens_en.png
  outputs/romanlens/gemma-3-12b-pt/class4_lang_swap/figures/scripts__lang_swap.png
  outputs/romanlens/gemma-3-12b-pt/class4_lang_swap/figures/switch__lang_swap__jlens_en.png
  outputs/romanlens/gemma-3-12b-pt/class4_lang_swap/figures/curves__lang_swap__logit.png
  outputs/romanlens/gemma-3-12b-pt/class4_lang_swap/figures/ranks__lang_swap__logit.png
  outputs/romanlens/gemma-3-12b-pt/class4_lang_swap/figures/scripts__lang_swap.png
  outputs/romanlens/gemma-3-12b-pt/class4_lang_swap/figures/switch__lang_swap__logit.png
  outputs/romanlens/gemma-3-12b-pt/class4_lang_swap/figures/lenscmp__lang_swap__en.png
  outputs/romanlens/gemma-3-12b-pt/class4_lang_swap/figures/lenscmp__lang_swap__native.png
  outputs/romanlens/gemma-3-12b-pt/class4_lang_swap/figures/lenscmp__lang_swap__roman.png

| run | lens | task | lang | script | shots | n | acc | acc_exact | acc_tok1 | L_en | P_en | P_enctrl | en_ratio | L_tgt | P_tgt | L_switch | sw_ref | sw_med | sw_sd | sw_never | MRR_en | MRR_tgt |
|---|---|---|---|---|---|---|---|---|---|---|---|---|---|---|---|---|---|---|---|---|---|---|
| class4_lang_swap | jlens_en | lang_swap | hi | native | 4 | 249 | 0.6827 | 0.6747 | 0.7189 | 40 | 0.8186 | 0.0006 | 1307.5951 | 46 | 0.2765 | 1 | en | 1 | 8.646 | 6 | 0.2452 | 0.0715 |
| class4_lang_swap | jlens_en | lang_swap | hi | roman | 4 | 422 | 0.2796 | 0.2749 | 0.4076 | 40 | 0.6935 | 0.005 | 137.9901 | 46 | 0.4128 | 17 | en | 2 | 13.2783 | 2 | 0.1908 | 0.0651 |
| class4_lang_swap | jlens_en | lang_swap | ml | native | 4 | 249 | 0.6747 | 0.6747 | 0.7349 | 40 | 0.7883 | 0.0006 | 1300.3497 | 46 | 0.1943 | 1 | en | 1 | 9.6941 | 9 | 0.2383 | 0.0345 |
| class4_lang_swap | jlens_en | lang_swap | ml | roman | 4 | 450 | 0.1689 | 0.16 | 0.2356 | 40 | 0.6594 | 0.0056 | 116.8976 | 46 | 0.2182 | 0 | en | 1 | 13.0372 | 9 | 0.1989 | 0.0456 |
| class4_lang_swap | jlens_en | lang_swap | ta | native | 4 | 498 | 0.7671 | 0.755 | 0.7831 | 40 | 0.7854 | 0.0002 | 4654.9614 | 46 | 0.2821 | 1 | en | 1 | 7.6754 | 4 | 0.2368 | 0.0429 |
| class4_lang_swap | jlens_en | lang_swap | ta | roman | 4 | 681 | 0.1366 | 0.1366 | 0.2335 | 40 | 0.6198 | 0.0075 | 82.7196 | 46 | 0.2602 | 0 | en | 1 | 12.7694 | 6 | 0.1935 | 0.0491 |
| class4_lang_swap | logit | lang_swap | hi | native | 4 | 249 | 0.6827 | 0.6747 | 0.7189 | 41 | 0.8908 | 0.0321 | 27.7319 | 47 | 0.5334 | 11 | en | 6 | 16.2846 | 2 | 0.3235 | 0.0496 |
| class4_lang_swap | logit | lang_swap | hi | roman | 4 | 422 | 0.2796 | 0.2749 | 0.4076 | 40 | 0.8221 | 0.0189 | 43.3878 | 46 | 0.4128 | 45 | en | 2 | 11.3626 | 0 | 0.2794 | 0.0811 |
| class4_lang_swap | logit | lang_swap | ml | native | 4 | 249 | 0.6747 | 0.6747 | 0.7349 | 41 | 0.8744 | 0.0321 | 27.2199 | 47 | 0.4705 | 47 | en | 11 | 17.5924 | 0 | 0.3174 | 0.0292 |
| class4_lang_swap | logit | lang_swap | ml | roman | 4 | 450 | 0.1689 | 0.16 | 0.2356 | 40 | 0.7334 | 0.0178 | 41.2868 | 46 | 0.2182 | 24 | en | 2 | 10.25 | 6 | 0.2825 | 0.0658 |
| class4_lang_swap | logit | lang_swap | ta | native | 4 | 498 | 0.7671 | 0.755 | 0.7831 | 40 | 0.8581 | 0.0321 | 26.7145 | 47 | 0.5812 | 12 | en | 6 | 16.5856 | 0 | 0.3136 | 0.0372 |
| class4_lang_swap | logit | lang_swap | ta | roman | 4 | 681 | 0.1366 | 0.1366 | 0.2335 | 35 | 0.712 | 0.0352 | 20.2055 | 46 | 0.2602 | 23 | en | 2 | 10.3212 | 1 | 0.2808 | 0.0759 |

[report] figures in outputs/romanlens/gemma-3-12b-pt/class4_lang_swap/figures

[run] outputs/romanlens/gemma-3-12b-pt/class5_gibberish
[vocab] 0/90 items collide (excluded)
[run] 0/90  gibberish_hi_0
[run] 50/90  gibberish_ta_20

[gate] kept 90/90
   lang script    n    sub exact  tok1
     hi native   30  0.000 0.000 0.000
     ml native   30  0.000 0.000 0.067
     ta native   30  0.000 0.000 0.000
[report] class5_gibberish  lenses=['jlens_en', 'logit']
  outputs/romanlens/gemma-3-12b-pt/class5_gibberish/figures/accuracy.png
  outputs/romanlens/gemma-3-12b-pt/class5_gibberish/figures/curves__gibberish__jlens_en.png
  outputs/romanlens/gemma-3-12b-pt/class5_gibberish/figures/ranks__gibberish__jlens_en.png
  outputs/romanlens/gemma-3-12b-pt/class5_gibberish/figures/scripts__gibberish.png
  outputs/romanlens/gemma-3-12b-pt/class5_gibberish/figures/switch__gibberish__jlens_en.png
  outputs/romanlens/gemma-3-12b-pt/class5_gibberish/figures/curves__gibberish__logit.png
  outputs/romanlens/gemma-3-12b-pt/class5_gibberish/figures/ranks__gibberish__logit.png
  outputs/romanlens/gemma-3-12b-pt/class5_gibberish/figures/scripts__gibberish.png
  outputs/romanlens/gemma-3-12b-pt/class5_gibberish/figures/switch__gibberish__logit.png
  outputs/romanlens/gemma-3-12b-pt/class5_gibberish/figures/lenscmp__gibberish__native.png

| run | lens | task | lang | script | shots | n | acc | acc_exact | acc_tok1 | P_enctrl | L_tgt | P_tgt | L_switch | sw_ref | sw_med | sw_sd | sw_never | MRR_tgt |
|---|---|---|---|---|---|---|---|---|---|---|---|---|---|---|---|---|---|---|
| class5_gibberish | jlens_en | gibberish | hi | native | 0 | 30 | 0 | 0 | 0 | 0.002 | 46 | 0.0022 | 46 | script | 46 | 2.1592 | 0 | 0.0225 |
| class5_gibberish | jlens_en | gibberish | ml | native | 0 | 30 | 0 | 0 | 0.0667 | 0.0017 | 46 | 0.0043 | 32 | script | 31 | 7.5291 | 6 | 0.0215 |
| class5_gibberish | jlens_en | gibberish | ta | native | 0 | 30 | 0 | 0 | 0 | 0.0013 | 46 | 0.0152 | 46 | script | 46 | 0 | 0 | 0.0232 |
| class5_gibberish | logit | gibberish | hi | native | 0 | 30 | 0 | 0 | 0 | 0.0091 | 1 | 0.0905 | 0 | script | 0 | 11.4359 | 0 | 0.0061 |
| class5_gibberish | logit | gibberish | ml | native | 0 | 30 | 0 | 0 | 0.0667 | 0.0047 | 47 | 0.0223 | 47 | script | 46.5 | 0.5 | 0 | 0.0028 |
| class5_gibberish | logit | gibberish | ta | native | 0 | 30 | 0 | 0 | 0 | 0.0035 | 46 | 0.0152 | 46 | script | 46 | 0 | 0 | 0.0034 |

[report] figures in outputs/romanlens/gemma-3-12b-pt/class5_gibberish/figures

[run] outputs/romanlens/gemma-3-12b-pt/class6_roman_to_roman_1shot
[vocab] 42/396 items collide (excluded)
[run] 0/396  r2r_hitota_hi_rom_ta_roman_book
[run] 50/396  r2r_hitota_hi_rom_ta_roman_four
[run] 100/396  r2r_hitota_hi_rom_ta_roman_square
[run] 150/396  r2r_tatoml_ta_rom_ml_roman_song
[run] 200/396  r2r_tatoml_ta_rom_ml_roman_seat
[run] 250/396  r2r_tatoml_ta_rom_ml_roman_tower
[run] 300/396  r2r_mltohi_ml_rom_hi_roman_rice
[run] 350/396  r2r_mltohi_ml_rom_hi_roman_example

[gate] kept 354/396
   lang script    n    sub exact  tok1
     hi  roman  113  0.195 0.186 0.265
     ml  roman  120  0.225 0.183 0.283
     ta  roman  121  0.116 0.116 0.174
[report] class6_roman_to_roman_1shot  lenses=['jlens_en', 'logit']
  outputs/romanlens/gemma-3-12b-pt/class6_roman_to_roman_1shot/figures/accuracy.png
  outputs/romanlens/gemma-3-12b-pt/class6_roman_to_roman_1shot/figures/curves__translation_r2r__jlens_en.png
  outputs/romanlens/gemma-3-12b-pt/class6_roman_to_roman_1shot/figures/ranks__translation_r2r__jlens_en.png
  outputs/romanlens/gemma-3-12b-pt/class6_roman_to_roman_1shot/figures/scripts__translation_r2r.png
  outputs/romanlens/gemma-3-12b-pt/class6_roman_to_roman_1shot/figures/switch__translation_r2r__jlens_en.png
  outputs/romanlens/gemma-3-12b-pt/class6_roman_to_roman_1shot/figures/curves__translation_r2r__logit.png
  outputs/romanlens/gemma-3-12b-pt/class6_roman_to_roman_1shot/figures/ranks__translation_r2r__logit.png
  outputs/romanlens/gemma-3-12b-pt/class6_roman_to_roman_1shot/figures/scripts__translation_r2r.png
  outputs/romanlens/gemma-3-12b-pt/class6_roman_to_roman_1shot/figures/switch__translation_r2r__logit.png
  outputs/romanlens/gemma-3-12b-pt/class6_roman_to_roman_1shot/figures/lenscmp__translation_r2r__en.png
  outputs/romanlens/gemma-3-12b-pt/class6_roman_to_roman_1shot/figures/lenscmp__translation_r2r__roman.png

| run | lens | task | lang | script | shots | n | acc | acc_exact | acc_tok1 | L_en | P_en | P_enctrl | en_ratio | L_tgt | P_tgt | L_switch | sw_ref | sw_med | sw_sd | sw_never | MRR_en | MRR_tgt |
|---|---|---|---|---|---|---|---|---|---|---|---|---|---|---|---|---|---|---|---|---|---|---|
| class6_roman_to_roman_1shot | jlens_en | translation_r2r | hi | roman | 1 | 226 | 0.1947 | 0.1858 | 0.2655 | 40 | 0.2654 | 0.0042 | 62.806 | 46 | 0.2958 | 16 | en | 1.5 | 12.8254 | 1 | 0.0883 | 0.0594 |
| class6_roman_to_roman_1shot | jlens_en | translation_r2r | ml | roman | 1 | 240 | 0.225 | 0.1833 | 0.2833 | 40 | 0.2075 | 0.0027 | 75.8129 | 46 | 0.2788 | 0 | en | 1 | 13.2817 | 0 | 0.0773 | 0.0584 |
| class6_roman_to_roman_1shot | jlens_en | translation_r2r | ta | roman | 1 | 242 | 0.1157 | 0.1157 | 0.1736 | 40 | 0.3828 | 0.0077 | 49.8272 | 46 | 0.2088 | 0 | en | 1 | 13.7985 | 3 | 0.1279 | 0.0452 |
| class6_roman_to_roman_1shot | logit | translation_r2r | hi | roman | 1 | 226 | 0.1947 | 0.1858 | 0.2655 | 40 | 0.3377 | 0.0176 | 19.206 | 45 | 0.2972 | 25 | en | 2 | 11.208 | 0 | 0.1324 | 0.0694 |
| class6_roman_to_roman_1shot | logit | translation_r2r | ml | roman | 1 | 240 | 0.225 | 0.1833 | 0.2833 | 35 | 0.274 | 0.0158 | 17.3052 | 46 | 0.2788 | 23 | en | 2 | 10.3508 | 1 | 0.1232 | 0.0831 |
| class6_roman_to_roman_1shot | logit | translation_r2r | ta | roman | 1 | 242 | 0.1157 | 0.1157 | 0.1736 | 39 | 0.4615 | 0.0327 | 14.0974 | 46 | 0.2088 | 23 | en | 2 | 8.2537 | 1 | 0.1935 | 0.0703 |

[report] figures in outputs/romanlens/gemma-3-12b-pt/class6_roman_to_roman_1shot/figures

[run] outputs/romanlens/gemma-3-12b-pt/class6_roman_to_roman_2shot
[vocab] 42/396 items collide (excluded)
[run] 0/396  r2r_hitota_hi_rom_ta_roman_book
[run] 50/396  r2r_hitota_hi_rom_ta_roman_four
[run] 100/396  r2r_hitota_hi_rom_ta_roman_square
[run] 150/396  r2r_tatoml_ta_rom_ml_roman_song
[run] 200/396  r2r_tatoml_ta_rom_ml_roman_seat
[run] 250/396  r2r_tatoml_ta_rom_ml_roman_tower
[run] 300/396  r2r_mltohi_ml_rom_hi_roman_rice
[run] 350/396  r2r_mltohi_ml_rom_hi_roman_example

[gate] kept 354/396
   lang script    n    sub exact  tok1
     hi  roman  113  0.204 0.204 0.292
     ml  roman  120  0.233 0.183 0.275
     ta  roman  121  0.124 0.124 0.174
[report] class6_roman_to_roman_2shot  lenses=['jlens_en', 'logit']
  outputs/romanlens/gemma-3-12b-pt/class6_roman_to_roman_2shot/figures/accuracy.png
  outputs/romanlens/gemma-3-12b-pt/class6_roman_to_roman_2shot/figures/curves__translation_r2r__jlens_en.png
  outputs/romanlens/gemma-3-12b-pt/class6_roman_to_roman_2shot/figures/ranks__translation_r2r__jlens_en.png
  outputs/romanlens/gemma-3-12b-pt/class6_roman_to_roman_2shot/figures/scripts__translation_r2r.png
  outputs/romanlens/gemma-3-12b-pt/class6_roman_to_roman_2shot/figures/switch__translation_r2r__jlens_en.png
  outputs/romanlens/gemma-3-12b-pt/class6_roman_to_roman_2shot/figures/curves__translation_r2r__logit.png
  outputs/romanlens/gemma-3-12b-pt/class6_roman_to_roman_2shot/figures/ranks__translation_r2r__logit.png
  outputs/romanlens/gemma-3-12b-pt/class6_roman_to_roman_2shot/figures/scripts__translation_r2r.png
  outputs/romanlens/gemma-3-12b-pt/class6_roman_to_roman_2shot/figures/switch__translation_r2r__logit.png
  outputs/romanlens/gemma-3-12b-pt/class6_roman_to_roman_2shot/figures/lenscmp__translation_r2r__en.png
  outputs/romanlens/gemma-3-12b-pt/class6_roman_to_roman_2shot/figures/lenscmp__translation_r2r__roman.png

| run | lens | task | lang | script | shots | n | acc | acc_exact | acc_tok1 | L_en | P_en | P_enctrl | en_ratio | L_tgt | P_tgt | L_switch | sw_ref | sw_med | sw_sd | sw_never | MRR_en | MRR_tgt |
|---|---|---|---|---|---|---|---|---|---|---|---|---|---|---|---|---|---|---|---|---|---|---|
| class6_roman_to_roman_2shot | jlens_en | translation_r2r | hi | roman | 2 | 226 | 0.2035 | 0.2035 | 0.292 | 40 | 0.3 | 0.0073 | 41.379 | 46 | 0.2938 | 0 | en | 2 | 12.5874 | 0 | 0.096 | 0.058 |
| class6_roman_to_roman_2shot | jlens_en | translation_r2r | ml | roman | 2 | 240 | 0.2333 | 0.1833 | 0.275 | 40 | 0.2139 | 0.0024 | 88.8856 | 46 | 0.2982 | 0 | en | 1 | 12.9665 | 0 | 0.0758 | 0.0588 |
| class6_roman_to_roman_2shot | jlens_en | translation_r2r | ta | roman | 2 | 242 | 0.124 | 0.124 | 0.1736 | 40 | 0.3932 | 0.0077 | 50.809 | 46 | 0.2101 | 0 | en | 1 | 13.2856 | 2 | 0.1274 | 0.0468 |
| class6_roman_to_roman_2shot | logit | translation_r2r | hi | roman | 2 | 226 | 0.2035 | 0.2035 | 0.292 | 40 | 0.3837 | 0.0176 | 21.7542 | 45 | 0.3167 | 43 | en | 2 | 11.9943 | 0 | 0.1502 | 0.0682 |
| class6_roman_to_roman_2shot | logit | translation_r2r | ml | roman | 2 | 240 | 0.2333 | 0.1833 | 0.275 | 39 | 0.2837 | 0.0164 | 17.3351 | 46 | 0.2982 | 25 | en | 2 | 9.6489 | 2 | 0.125 | 0.0828 |
| class6_roman_to_roman_2shot | logit | translation_r2r | ta | roman | 2 | 242 | 0.124 | 0.124 | 0.1736 | 39 | 0.4585 | 0.033 | 13.8949 | 46 | 0.2101 | 23 | en | 2 | 9.237 | 1 | 0.197 | 0.0719 |

[report] figures in outputs/romanlens/gemma-3-12b-pt/class6_roman_to_roman_2shot/figures

[run] outputs/romanlens/gemma-3-12b-pt/class6_roman_to_roman_3shot
[vocab] 42/396 items collide (excluded)
[run] 0/396  r2r_hitota_hi_rom_ta_roman_book
[run] 50/396  r2r_hitota_hi_rom_ta_roman_four
[run] 100/396  r2r_hitota_hi_rom_ta_roman_square
[run] 150/396  r2r_tatoml_ta_rom_ml_roman_song
[run] 200/396  r2r_tatoml_ta_rom_ml_roman_seat
[run] 250/396  r2r_tatoml_ta_rom_ml_roman_tower
[run] 300/396  r2r_mltohi_ml_rom_hi_roman_rice
[run] 350/396  r2r_mltohi_ml_rom_hi_roman_example

[gate] kept 354/396
   lang script    n    sub exact  tok1
     hi  roman  113  0.212 0.212 0.319
     ml  roman  120  0.233 0.192 0.267
     ta  roman  121  0.107 0.107 0.165
[report] class6_roman_to_roman_3shot  lenses=['jlens_en', 'logit']
  outputs/romanlens/gemma-3-12b-pt/class6_roman_to_roman_3shot/figures/accuracy.png
  outputs/romanlens/gemma-3-12b-pt/class6_roman_to_roman_3shot/figures/curves__translation_r2r__jlens_en.png
  outputs/romanlens/gemma-3-12b-pt/class6_roman_to_roman_3shot/figures/ranks__translation_r2r__jlens_en.png
  outputs/romanlens/gemma-3-12b-pt/class6_roman_to_roman_3shot/figures/scripts__translation_r2r.png
  outputs/romanlens/gemma-3-12b-pt/class6_roman_to_roman_3shot/figures/switch__translation_r2r__jlens_en.png
  outputs/romanlens/gemma-3-12b-pt/class6_roman_to_roman_3shot/figures/curves__translation_r2r__logit.png
  outputs/romanlens/gemma-3-12b-pt/class6_roman_to_roman_3shot/figures/ranks__translation_r2r__logit.png
  outputs/romanlens/gemma-3-12b-pt/class6_roman_to_roman_3shot/figures/scripts__translation_r2r.png
  outputs/romanlens/gemma-3-12b-pt/class6_roman_to_roman_3shot/figures/switch__translation_r2r__logit.png
  outputs/romanlens/gemma-3-12b-pt/class6_roman_to_roman_3shot/figures/lenscmp__translation_r2r__en.png
  outputs/romanlens/gemma-3-12b-pt/class6_roman_to_roman_3shot/figures/lenscmp__translation_r2r__roman.png

| run | lens | task | lang | script | shots | n | acc | acc_exact | acc_tok1 | L_en | P_en | P_enctrl | en_ratio | L_tgt | P_tgt | L_switch | sw_ref | sw_med | sw_sd | sw_never | MRR_en | MRR_tgt |
|---|---|---|---|---|---|---|---|---|---|---|---|---|---|---|---|---|---|---|---|---|---|---|
| class6_roman_to_roman_3shot | jlens_en | translation_r2r | hi | roman | 3 | 226 | 0.2124 | 0.2124 | 0.3186 | 40 | 0.3339 | 0.0065 | 51.7131 | 46 | 0.271 | 0 | en | 2 | 12.0778 | 1 | 0.1029 | 0.0532 |
| class6_roman_to_roman_3shot | jlens_en | translation_r2r | ml | roman | 3 | 240 | 0.2333 | 0.1917 | 0.2667 | 40 | 0.2467 | 0.0058 | 42.8835 | 44 | 0.2181 | 0 | en | 1 | 13.23 | 0 | 0.0911 | 0.0549 |
| class6_roman_to_roman_3shot | jlens_en | translation_r2r | ta | roman | 3 | 242 | 0.1074 | 0.1074 | 0.1653 | 40 | 0.4123 | 0.0081 | 51.171 | 46 | 0.2129 | 0 | en | 1 | 13.9912 | 3 | 0.1329 | 0.0478 |
| class6_roman_to_roman_3shot | logit | translation_r2r | hi | roman | 3 | 226 | 0.2124 | 0.2124 | 0.3186 | 40 | 0.3898 | 0.0177 | 22.025 | 45 | 0.2855 | 43 | en | 2 | 12.1773 | 0 | 0.1568 | 0.0627 |
| class6_roman_to_roman_3shot | logit | translation_r2r | ml | roman | 3 | 240 | 0.2333 | 0.1917 | 0.2667 | 39 | 0.3004 | 0.0165 | 18.1887 | 45 | 0.2219 | 25 | en | 3 | 10.3906 | 0 | 0.1439 | 0.0802 |
| class6_roman_to_roman_3shot | logit | translation_r2r | ta | roman | 3 | 242 | 0.1074 | 0.1074 | 0.1653 | 40 | 0.4844 | 0.033 | 14.6699 | 46 | 0.2129 | 23 | en | 2 | 9.7582 | 1 | 0.206 | 0.0734 |

[report] figures in outputs/romanlens/gemma-3-12b-pt/class6_roman_to_roman_3shot/figures

[run] outputs/romanlens/gemma-3-12b-pt/class6_roman_to_roman_4shot
[vocab] 42/396 items collide (excluded)
[run] 0/396  r2r_hitota_hi_rom_ta_roman_book
[run] 50/396  r2r_hitota_hi_rom_ta_roman_four
[run] 100/396  r2r_hitota_hi_rom_ta_roman_square
[run] 150/396  r2r_tatoml_ta_rom_ml_roman_song
[run] 200/396  r2r_tatoml_ta_rom_ml_roman_seat
[run] 250/396  r2r_tatoml_ta_rom_ml_roman_tower
[run] 300/396  r2r_mltohi_ml_rom_hi_roman_rice
[run] 350/396  r2r_mltohi_ml_rom_hi_roman_example

[gate] kept 354/396
   lang script    n    sub exact  tok1
     hi  roman  113  0.204 0.204 0.310
     ml  roman  120  0.225 0.183 0.267
     ta  roman  121  0.107 0.107 0.165
[report] class6_roman_to_roman_4shot  lenses=['jlens_en', 'logit']
  outputs/romanlens/gemma-3-12b-pt/class6_roman_to_roman_4shot/figures/accuracy.png
  outputs/romanlens/gemma-3-12b-pt/class6_roman_to_roman_4shot/figures/curves__translation_r2r__jlens_en.png
  outputs/romanlens/gemma-3-12b-pt/class6_roman_to_roman_4shot/figures/ranks__translation_r2r__jlens_en.png
  outputs/romanlens/gemma-3-12b-pt/class6_roman_to_roman_4shot/figures/scripts__translation_r2r.png
  outputs/romanlens/gemma-3-12b-pt/class6_roman_to_roman_4shot/figures/switch__translation_r2r__jlens_en.png
  outputs/romanlens/gemma-3-12b-pt/class6_roman_to_roman_4shot/figures/curves__translation_r2r__logit.png
  outputs/romanlens/gemma-3-12b-pt/class6_roman_to_roman_4shot/figures/ranks__translation_r2r__logit.png
  outputs/romanlens/gemma-3-12b-pt/class6_roman_to_roman_4shot/figures/scripts__translation_r2r.png
  outputs/romanlens/gemma-3-12b-pt/class6_roman_to_roman_4shot/figures/switch__translation_r2r__logit.png
  outputs/romanlens/gemma-3-12b-pt/class6_roman_to_roman_4shot/figures/lenscmp__translation_r2r__en.png
  outputs/romanlens/gemma-3-12b-pt/class6_roman_to_roman_4shot/figures/lenscmp__translation_r2r__roman.png

| run | lens | task | lang | script | shots | n | acc | acc_exact | acc_tok1 | L_en | P_en | P_enctrl | en_ratio | L_tgt | P_tgt | L_switch | sw_ref | sw_med | sw_sd | sw_never | MRR_en | MRR_tgt |
|---|---|---|---|---|---|---|---|---|---|---|---|---|---|---|---|---|---|---|---|---|---|---|
| class6_roman_to_roman_4shot | jlens_en | translation_r2r | hi | roman | 4 | 226 | 0.2035 | 0.2035 | 0.3097 | 40 | 0.3366 | 0.0078 | 42.9377 | 46 | 0.2541 | 0 | en | 2 | 12.8127 | 0 | 0.1049 | 0.052 |
| class6_roman_to_roman_4shot | jlens_en | translation_r2r | ml | roman | 4 | 240 | 0.225 | 0.1833 | 0.2667 | 40 | 0.242 | 0.0048 | 50.3113 | 44 | 0.245 | 0 | en | 1 | 12.7941 | 0 | 0.087 | 0.0576 |
| class6_roman_to_roman_4shot | jlens_en | translation_r2r | ta | roman | 4 | 242 | 0.1074 | 0.1074 | 0.1653 | 40 | 0.4135 | 0.0079 | 52.6647 | 46 | 0.2248 | 0 | en | 1 | 13.9621 | 3 | 0.132 | 0.0489 |
| class6_roman_to_roman_4shot | logit | translation_r2r | hi | roman | 4 | 226 | 0.2035 | 0.2035 | 0.3097 | 40 | 0.3929 | 0.0177 | 22.2065 | 45 | 0.2687 | 43 | en | 2 | 11.4164 | 0 | 0.1544 | 0.065 |
| class6_roman_to_roman_4shot | logit | translation_r2r | ml | roman | 4 | 240 | 0.225 | 0.1833 | 0.2667 | 39 | 0.2941 | 0.0166 | 17.7377 | 45 | 0.2496 | 25 | en | 2 | 10.2382 | 1 | 0.1387 | 0.0859 |
| class6_roman_to_roman_4shot | logit | translation_r2r | ta | roman | 4 | 242 | 0.1074 | 0.1074 | 0.1653 | 40 | 0.4911 | 0.033 | 14.8701 | 46 | 0.2248 | 25 | en | 2 | 9.5357 | 2 | 0.2069 | 0.0745 |

[report] figures in outputs/romanlens/gemma-3-12b-pt/class6_roman_to_roman_4shot/figures

=== romanlens / gemma-3-12b-it (bfloat16)  lenses: logit ===
[lens] ['logit']
